unsigned char encoder_clf_raw_pruned_qat_int8_tflite[] = {
  0x20, 0x00, 0x00, 0x00, 0x54, 0x46, 0x4c, 0x33, 0x00, 0x00, 0x00, 0x00,
  0x14, 0x00, 0x20, 0x00, 0x1c, 0x00, 0x18, 0x00, 0x14, 0x00, 0x10, 0x00,
  0x0c, 0x00, 0x00, 0x00, 0x08, 0x00, 0x04, 0x00, 0x14, 0x00, 0x00, 0x00,
  0x1c, 0x00, 0x00, 0x00, 0xa4, 0x00, 0x00, 0x00, 0xfc, 0x00, 0x00, 0x00,
  0xbc, 0xa5, 0x00, 0x00, 0xcc, 0xa5, 0x00, 0x00, 0x18, 0xb1, 0x00, 0x00,
  0x03, 0x00, 0x00, 0x00, 0x01, 0x00, 0x00, 0x00, 0x10, 0x00, 0x00, 0x00,
  0x00, 0x00, 0x0a, 0x00, 0x10, 0x00, 0x0c, 0x00, 0x08, 0x00, 0x04, 0x00,
  0x0a, 0x00, 0x00, 0x00, 0x0c, 0x00, 0x00, 0x00, 0x1c, 0x00, 0x00, 0x00,
  0x48, 0x00, 0x00, 0x00, 0x0f, 0x00, 0x00, 0x00, 0x73, 0x65, 0x72, 0x76,
  0x69, 0x6e, 0x67, 0x5f, 0x64, 0x65, 0x66, 0x61, 0x75, 0x6c, 0x74, 0x00,
  0x01, 0x00, 0x00, 0x00, 0x04, 0x00, 0x00, 0x00, 0x84, 0xff, 0xff, 0xff,
  0x0d, 0x00, 0x00, 0x00, 0x04, 0x00, 0x00, 0x00, 0x16, 0x00, 0x00, 0x00,
  0x71, 0x75, 0x61, 0x6e, 0x74, 0x5f, 0x61, 0x63, 0x74, 0x69, 0x76, 0x69,
  0x74, 0x79, 0x5f, 0x73, 0x6f, 0x66, 0x74, 0x6d, 0x61, 0x78, 0x00, 0x00,
  0x01, 0x00, 0x00, 0x00, 0x04, 0x00, 0x00, 0x00, 0x32, 0x5a, 0xff, 0xff,
  0x04, 0x00, 0x00, 0x00, 0x0c, 0x00, 0x00, 0x00, 0x77, 0x69, 0x6e, 0x64,
  0x6f, 0x77, 0x5f, 0x69, 0x6e, 0x70, 0x75, 0x74, 0x00, 0x00, 0x00, 0x00,
  0x02, 0x00, 0x00, 0x00, 0x34, 0x00, 0x00, 0x00, 0x04, 0x00, 0x00, 0x00,
  0xdc, 0xff, 0xff, 0xff, 0x10, 0x00, 0x00, 0x00, 0x04, 0x00, 0x00, 0x00,
  0x13, 0x00, 0x00, 0x00, 0x43, 0x4f, 0x4e, 0x56, 0x45, 0x52, 0x53, 0x49,
  0x4f, 0x4e, 0x5f, 0x4d, 0x45, 0x54, 0x41, 0x44, 0x41, 0x54, 0x41, 0x00,
  0x08, 0x00, 0x0c, 0x00, 0x08, 0x00, 0x04, 0x00, 0x08, 0x00, 0x00, 0x00,
  0x0f, 0x00, 0x00, 0x00, 0x04, 0x00, 0x00, 0x00, 0x13, 0x00, 0x00, 0x00,
  0x6d, 0x69, 0x6e, 0x5f, 0x72, 0x75, 0x6e, 0x74, 0x69, 0x6d, 0x65, 0x5f,
  0x76, 0x65, 0x72, 0x73, 0x69, 0x6f, 0x6e, 0x00, 0x11, 0x00, 0x00, 0x00,
  0xbc, 0xa4, 0x00, 0x00, 0xb4, 0xa4, 0x00, 0x00, 0xa4, 0x0e, 0x00, 0x00,
  0x94, 0x0d, 0x00, 0x00, 0x8c, 0x0d, 0x00, 0x00, 0x7c, 0x05, 0x00, 0x00,
  0xec, 0x04, 0x00, 0x00, 0xe4, 0x04, 0x00, 0x00, 0x54, 0x02, 0x00, 0x00,
  0xf4, 0x01, 0x00, 0x00, 0xec, 0x01, 0x00, 0x00, 0xec, 0x00, 0x00, 0x00,
  0xac, 0x00, 0x00, 0x00, 0xa4, 0x00, 0x00, 0x00, 0x9c, 0x00, 0x00, 0x00,
  0x7c, 0x00, 0x00, 0x00, 0x04, 0x00, 0x00, 0x00, 0xf2, 0x5a, 0xff, 0xff,
  0x04, 0x00, 0x00, 0x00, 0x68, 0x00, 0x00, 0x00, 0x10, 0x00, 0x00, 0x00,
  0x00, 0x00, 0x00, 0x00, 0x08, 0x00, 0x0e, 0x00, 0x08, 0x00, 0x04, 0x00,
  0x08, 0x00, 0x00, 0x00, 0x10, 0x00, 0x00, 0x00, 0x2c, 0x00, 0x00, 0x00,
  0x00, 0x00, 0x06, 0x00, 0x08, 0x00, 0x04, 0x00, 0x06, 0x00, 0x00, 0x00,
  0x04, 0x00, 0x00, 0x00, 0x02, 0x00, 0x00, 0x00, 0xeb, 0x03, 0x00, 0x00,
  0xd0, 0x07, 0x00, 0x00, 0x0c, 0x00, 0x18, 0x00, 0x14, 0x00, 0x10, 0x00,
  0x0c, 0x00, 0x04, 0x00, 0x0c, 0x00, 0x00, 0x00, 0x99, 0x04, 0xbc, 0xdf,
  0xb8, 0xfc, 0x03, 0x5a, 0x02, 0x00, 0x00, 0x00, 0x02, 0x00, 0x00, 0x00,
  0x04, 0x00, 0x00, 0x00, 0x06, 0x00, 0x00, 0x00, 0x32, 0x2e, 0x32, 0x30,
  0x2e, 0x30, 0x00, 0x00, 0x66, 0x5b, 0xff, 0xff, 0x04, 0x00, 0x00, 0x00,
  0x10, 0x00, 0x00, 0x00, 0x31, 0x2e, 0x31, 0x34, 0x2e, 0x30, 0x00, 0x00,
  0x00, 0x00, 0x00, 0x00, 0x00, 0x00, 0x00, 0x00, 0xdc, 0x5a, 0xff, 0xff,
  0xe0, 0x5a, 0xff, 0xff, 0x8a, 0x5b, 0xff, 0xff, 0x04, 0x00, 0x00, 0x00,
  0x30, 0x00, 0x00, 0x00, 0xcb, 0x01, 0x00, 0x00, 0x58, 0xff, 0xff, 0xff,
  0x65, 0xff, 0xff, 0xff, 0xa4, 0xfd, 0xff, 0xff, 0xa3, 0x01, 0x00, 0x00,
  0x70, 0x01, 0x00, 0x00, 0x79, 0x00, 0x00, 0x00, 0x8c, 0x02, 0x00, 0x00,
  0x62, 0x02, 0x00, 0x00, 0x57, 0xfd, 0xff, 0xff, 0x02, 0xff, 0xff, 0xff,
  0xb5, 0x00, 0x00, 0x00, 0xc6, 0x5b, 0xff, 0xff, 0x04, 0x00, 0x00, 0x00,
  0xf0, 0x00, 0x00, 0x00, 0x93, 0x00, 0x00, 0x00, 0x00, 0x00, 0x00, 0x00,
  0x00, 0xa9, 0x00, 0x00, 0x00, 0x00, 0x00, 0xb6, 0xc6, 0x00, 0x00, 0x00,
  0x00, 0x00, 0x00, 0xc5, 0x00, 0x00, 0xca, 0x00, 0x00, 0x00, 0x38, 0x00,
  0x00, 0xd2, 0x00, 0x2b, 0x00, 0x29, 0x00, 0x00, 0x1f, 0x00, 0x23, 0x00,
  0xc4, 0x00, 0x00, 0x00, 0x00, 0x00, 0x00, 0x00, 0x00, 0x00, 0x00, 0x00,
  0x00, 0x00, 0x00, 0x00, 0x00, 0x00, 0x00, 0x00, 0x00, 0x00, 0x00, 0x00,
  0x00, 0x00, 0x00, 0x00, 0x00, 0x00, 0x00, 0x27, 0x00, 0x00, 0x00, 0x00,
  0x00, 0x00, 0x00, 0x00, 0x00, 0xcd, 0x00, 0x00, 0x00, 0x00, 0x00, 0x00,
  0x00, 0x00, 0x00, 0x00, 0x00, 0x00, 0x00, 0x00, 0x33, 0x00, 0x00, 0x00,
  0x00, 0x00, 0x00, 0xd5, 0x00, 0x00, 0x00, 0x00, 0x00, 0x00, 0xd2, 0x00,
  0xc4, 0x81, 0x00, 0xb4, 0x00, 0x00, 0x00, 0xcf, 0x00, 0x00, 0x00, 0x00,
  0x00, 0x00, 0x9c, 0x00, 0x2b, 0xd7, 0x00, 0x27, 0xd2, 0x2b, 0x00, 0x00,
  0x00, 0x00, 0x00, 0x00, 0x00, 0x00, 0xce, 0x00, 0xce, 0x00, 0xdd, 0x00,
  0x00, 0x00, 0x00, 0x00, 0x8f, 0xb9, 0x00, 0x00, 0xda, 0x00, 0x00, 0x00,
  0x00, 0x00, 0x00, 0xda, 0xdc, 0xd8, 0xc8, 0x00, 0xc5, 0x00, 0x00, 0x9d,
  0xc5, 0xe2, 0x00, 0x00, 0x00, 0x00, 0x00, 0x00, 0x00, 0x00, 0x00, 0x00,
  0x00, 0x00, 0x00, 0x00, 0x00, 0x00, 0x00, 0x00, 0x00, 0x00, 0x00, 0x00,
  0x18, 0x00, 0x00, 0x00, 0x00, 0x00, 0x00, 0x00, 0x00, 0x25, 0x00, 0x00,
  0x00, 0x00, 0xc8, 0x00, 0x00, 0x00, 0x00, 0x00, 0x00, 0x00, 0x00, 0x00,
  0x00, 0x00, 0x00, 0x00, 0x00, 0x00, 0x26, 0x00, 0xd8, 0xd3, 0x00, 0x00,
  0x00, 0x2a, 0x00, 0x00, 0x1c, 0x5c, 0xff, 0xff, 0xc6, 0x5c, 0xff, 0xff,
  0x04, 0x00, 0x00, 0x00, 0x50, 0x00, 0x00, 0x00, 0x20, 0x00, 0x00, 0x00,
  0xcf, 0xff, 0xff, 0xff, 0xd6, 0xff, 0xff, 0xff, 0xda, 0xff, 0xff, 0xff,
  0x60, 0x01, 0x00, 0x00, 0x53, 0x00, 0x00, 0x00, 0xf5, 0xff, 0xff, 0xff,
  0x25, 0x00, 0x00, 0x00, 0x26, 0xff, 0xff, 0xff, 0xf5, 0xfe, 0xff, 0xff,
  0xc1, 0xff, 0xff, 0xff, 0x1b, 0xff, 0xff, 0xff, 0x58, 0xfe, 0xff, 0xff,
  0x7a, 0xfe, 0xff, 0xff, 0x0d, 0x02, 0x00, 0x00, 0x76, 0xff, 0xff, 0xff,
  0xb4, 0x00, 0x00, 0x00, 0x5f, 0x00, 0x00, 0x00, 0xf5, 0xff, 0xff, 0xff,
  0x0a, 0x00, 0x00, 0x00, 0x22, 0x5d, 0xff, 0xff, 0x04, 0x00, 0x00, 0x00,
  0x80, 0x02, 0x00, 0x00, 0x31, 0x00, 0x00, 0xad, 0xc3, 0x00, 0xba, 0x00,
  0x00, 0x00, 0x00, 0x54, 0x00, 0x4e, 0x00, 0x27, 0x00, 0x00, 0xce, 0x00,
  0x00, 0x00, 0xd4, 0x00, 0x00, 0x00, 0x00, 0xe0, 0x51, 0x00, 0x00, 0x51,
  0x00, 0x00, 0x00, 0x00, 0x00, 0x00, 0x34, 0x00, 0x00, 0x00, 0x00, 0x00,
  0x00, 0x00, 0x00, 0x00, 0x00, 0x00, 0x00, 0x00, 0x00, 0x00, 0x00, 0x00,
  0x00, 0x4d, 0x00, 0x00, 0x00, 0x00, 0x00, 0x00, 0x00, 0x00, 0x00, 0xbc,
  0x00, 0x00, 0xbf, 0x00, 0x00, 0x00, 0x00, 0x00, 0x50, 0x00, 0x00, 0x00,
  0x00, 0xbf, 0x00, 0xc4, 0x00, 0x00, 0x00, 0x00, 0x00, 0x00, 0x00, 0x2c,
  0x00, 0x00, 0x00, 0x00, 0x00, 0x2a, 0x00, 0xc4, 0x00, 0xc6, 0x00, 0x00,
  0x00, 0xd3, 0xb8, 0x7f, 0x00, 0x9e, 0x3a, 0x00, 0x00, 0x00, 0x00, 0x00,
  0x00, 0x00, 0x00, 0x3d, 0x00, 0x00, 0x00, 0xd9, 0x00, 0x60, 0x00, 0xaf,
  0x00, 0x00, 0x00, 0x00, 0x00, 0x00, 0x00, 0x00, 0x4e, 0x00, 0x00, 0x00,
  0x00, 0x00, 0xde, 0x00, 0x00, 0x00, 0x00, 0x00, 0x00, 0x65, 0x00, 0x00,
  0x00, 0x00, 0x00, 0x00, 0x00, 0x00, 0x00, 0x00, 0x5e, 0x00, 0x00, 0x00,
  0x00, 0x00, 0x00, 0x00, 0xd1, 0x00, 0x00, 0x00, 0x00, 0x00, 0x00, 0x32,
  0x00, 0x00, 0x00, 0x00, 0x2d, 0x00, 0x00, 0x00, 0xa9, 0x00, 0x00, 0x00,
  0x00, 0x00, 0x00, 0x00, 0x00, 0x00, 0x00, 0x00, 0x4b, 0x00, 0x00, 0x00,
  0x00, 0x4b, 0x00, 0x37, 0x00, 0x00, 0x00, 0x00, 0x00, 0x00, 0x00, 0x00,
  0x65, 0x00, 0x00, 0x00, 0x00, 0x00, 0x43, 0x00, 0x25, 0x00, 0x00, 0x00,
  0x00, 0x00, 0x00, 0x00, 0x00, 0x00, 0x00, 0x00, 0x00, 0x00, 0x00, 0x00,
  0x00, 0xd2, 0x42, 0x00, 0xcd, 0x00, 0x00, 0x00, 0x00, 0x00, 0x00, 0x00,
  0x00, 0xa3, 0x00, 0x00, 0x00, 0x00, 0x00, 0x00, 0x00, 0x00, 0x00, 0x00,
  0x00, 0x00, 0x00, 0x65, 0x55, 0x00, 0xc8, 0x53, 0x00, 0x00, 0x00, 0x00,
  0xac, 0x00, 0x00, 0x00, 0x00, 0x00, 0x00, 0x00, 0x00, 0x00, 0x3b, 0x00,
  0x00, 0x00, 0x00, 0x00, 0x00, 0x00, 0x00, 0x00, 0x00, 0x48, 0x00, 0x00,
  0x00, 0x00, 0x00, 0x00, 0x00, 0x00, 0x95, 0x00, 0x47, 0x00, 0x00, 0x00,
  0x00, 0x00, 0x00, 0x59, 0x00, 0x00, 0x00, 0x00, 0x00, 0x00, 0x24, 0x00,
  0x00, 0x00, 0x00, 0x00, 0x00, 0x00, 0x00, 0xbd, 0x00, 0x00, 0x45, 0x31,
  0x00, 0x4c, 0xa4, 0x00, 0x00, 0x94, 0x00, 0x00, 0x46, 0x00, 0x00, 0x00,
  0x00, 0x00, 0x00, 0x00, 0x00, 0x59, 0x42, 0x00, 0x00, 0x00, 0x00, 0x00,
  0x00, 0x4e, 0x00, 0x00, 0x00, 0x00, 0x00, 0x00, 0x45, 0x00, 0x00, 0x00,
  0x00, 0x00, 0x00, 0x00, 0x00, 0x00, 0x00, 0x00, 0x00, 0x00, 0x00, 0x00,
  0x00, 0x00, 0x00, 0x00, 0x00, 0x00, 0x00, 0x00, 0xa5, 0x00, 0xa8, 0x00,
  0xc1, 0x00, 0x6d, 0x00, 0x00, 0x49, 0x00, 0x00, 0x00, 0x00, 0x00, 0x00,
  0x00, 0x00, 0xa7, 0x00, 0x00, 0x00, 0x00, 0x48, 0x00, 0xdd, 0x00, 0x00,
  0x00, 0x00, 0xd1, 0xc1, 0x00, 0xd0, 0x00, 0x00, 0x1f, 0x00, 0x00, 0x2c,
  0x00, 0xd0, 0x41, 0x00, 0x00, 0x00, 0x00, 0x00, 0x00, 0x00, 0x00, 0x00,
  0x00, 0x00, 0x00, 0x00, 0x77, 0x2c, 0x00, 0x00, 0x00, 0x00, 0x00, 0x00,
  0x53, 0x00, 0x00, 0x00, 0x61, 0x00, 0x00, 0x00, 0x00, 0x00, 0x00, 0x00,
  0x00, 0x00, 0x00, 0x00, 0x00, 0x54, 0x26, 0x20, 0x53, 0x00, 0x00, 0x00,
  0x00, 0x99, 0x4a, 0x00, 0x00, 0xd1, 0x00, 0x00, 0x00, 0x00, 0xd2, 0xb0,
  0x00, 0x00, 0x00, 0x00, 0x00, 0x00, 0x00, 0x00, 0x00, 0x00, 0x00, 0xac,
  0x00, 0xc6, 0x00, 0x00, 0x38, 0xc9, 0x00, 0x00, 0x00, 0x00, 0x00, 0x00,
  0xc6, 0x00, 0x41, 0xbf, 0xbb, 0x00, 0x00, 0x00, 0x00, 0x00, 0x44, 0x60,
  0x00, 0xa1, 0x32, 0x00, 0x00, 0x00, 0x00, 0x00, 0x00, 0x00, 0x00, 0x00,
  0x00, 0x00, 0x00, 0x61, 0xca, 0xd4, 0x00, 0x00, 0x00, 0x00, 0x00, 0x00,
  0x00, 0x00, 0x00, 0xc6, 0x00, 0x00, 0xa7, 0xb7, 0x00, 0x4d, 0xc5, 0x00,
  0x00, 0x00, 0x00, 0xbd, 0x00, 0x00, 0x00, 0x00, 0x49, 0x35, 0x00, 0x00,
  0x00, 0x00, 0x00, 0x00, 0x00, 0x00, 0x00, 0x00, 0x00, 0x00, 0xd0, 0x00,
  0x00, 0x33, 0x00, 0x00, 0x00, 0x35, 0x00, 0x00, 0x00, 0x00, 0x00, 0xb8,
  0x00, 0x00, 0x00, 0x00, 0x00, 0x00, 0x00, 0x00, 0x00, 0x00, 0x00, 0x00,
  0x00, 0x00, 0x00, 0x00, 0x00, 0x00, 0xce, 0x00, 0x00, 0x00, 0x00, 0x00,
  0x28, 0x00, 0x00, 0x00, 0x00, 0x00, 0x00, 0x00, 0x00, 0x00, 0x37, 0x00,
  0x00, 0xd1, 0x00, 0x00, 0x00, 0x00, 0x00, 0x51, 0x08, 0x5f, 0xff, 0xff,
  0xb2, 0x5f, 0xff, 0xff, 0x04, 0x00, 0x00, 0x00, 0x80, 0x00, 0x00, 0x00,
  0x62, 0x00, 0x00, 0x00, 0x25, 0x00, 0x00, 0x00, 0x53, 0x00, 0x00, 0x00,
  0x65, 0x00, 0x00, 0x00, 0x50, 0x00, 0x00, 0x00, 0xfb, 0xff, 0xff, 0xff,
  0x0a, 0x00, 0x00, 0x00, 0x18, 0x00, 0x00, 0x00, 0x3c, 0x00, 0x00, 0x00,
  0xf9, 0xff, 0xff, 0xff, 0x27, 0x00, 0x00, 0x00, 0x1e, 0x00, 0x00, 0x00,
  0x3d, 0x00, 0x00, 0x00, 0x32, 0x00, 0x00, 0x00, 0x2d, 0x00, 0x00, 0x00,
  0x6a, 0x00, 0x00, 0x00, 0x06, 0x00, 0x00, 0x00, 0xed, 0xff, 0xff, 0xff,
  0x1e, 0x00, 0x00, 0x00, 0x3c, 0x00, 0x00, 0x00, 0x18, 0x00, 0x00, 0x00,
  0x69, 0x00, 0x00, 0x00, 0x3d, 0x00, 0x00, 0x00, 0x52, 0x00, 0x00, 0x00,
  0x57, 0x00, 0x00, 0x00, 0xe5, 0xff, 0xff, 0xff, 0xdd, 0xff, 0xff, 0xff,
  0xf3, 0xff, 0xff, 0xff, 0xdb, 0xff, 0xff, 0xff, 0xcc, 0xff, 0xff, 0xff,
  0x32, 0x00, 0x00, 0x00, 0xba, 0xff, 0xff, 0xff, 0x3e, 0x60, 0xff, 0xff,
  0x04, 0x00, 0x00, 0x00, 0x00, 0x08, 0x00, 0x00, 0x00, 0x00, 0x00, 0x00,
  0x00, 0x00, 0x00, 0x00, 0x58, 0x00, 0x00, 0x00, 0xc4, 0xd8, 0x00, 0x00,
  0x49, 0x00, 0xaf, 0x00, 0x00, 0x00, 0x00, 0x00, 0x00, 0x00, 0x00, 0x31,
  0x00, 0x45, 0x00, 0x00, 0x00, 0x00, 0x00, 0x00, 0x2a, 0x00, 0x00, 0xe7,
  0x00, 0x00, 0x00, 0x00, 0xde, 0xcf, 0x47, 0x00, 0x00, 0x00, 0xd2, 0x00,
  0x00, 0x00, 0x00, 0x00, 0x3a, 0x00, 0x00, 0x00, 0x00, 0xca, 0xd4, 0x00,
  0x00, 0x00, 0x00, 0x00, 0x34, 0x39, 0x00, 0x00, 0xcf, 0x00, 0x00, 0x00,
  0xd7, 0x00, 0x4b, 0x00, 0xf8, 0x00, 0x00, 0x00, 0xbf, 0xe3, 0x00, 0x00,
  0x32, 0x00, 0xcd, 0x2d, 0x00, 0x00, 0x00, 0x00, 0x00, 0x00, 0x00, 0x00,
  0x00, 0x00, 0x00, 0xd6, 0x00, 0x00, 0xdd, 0x00, 0x00, 0x00, 0x00, 0x00,
  0x00, 0x00, 0x00, 0x03, 0x55, 0x00, 0x5d, 0x00, 0x00, 0x00, 0x00, 0x00,
  0x00, 0x00, 0x00, 0x00, 0x00, 0x00, 0x00, 0x00, 0x00, 0xd1, 0x00, 0x00,
  0x00, 0x00, 0x00, 0x10, 0x00, 0x00, 0x00, 0xd9, 0x00, 0xd1, 0x00, 0x00,
  0x00, 0x00, 0x00, 0x00, 0x00, 0x00, 0xc6, 0x00, 0x00, 0xdf, 0x00, 0xce,
  0x00, 0x00, 0xd3, 0xcf, 0x00, 0x36, 0x00, 0x00, 0x00, 0x00, 0x00, 0x47,
  0x00, 0x00, 0x00, 0x39, 0x00, 0x00, 0x00, 0x00, 0x00, 0x71, 0x00, 0x00,
  0x00, 0x00, 0x00, 0xd8, 0x00, 0x00, 0x00, 0x42, 0x00, 0x00, 0x00, 0x00,
  0x00, 0x00, 0x00, 0x00, 0x00, 0x00, 0x00, 0x00, 0x00, 0x00, 0x34, 0x2d,
  0x00, 0x00, 0x5e, 0x00, 0x31, 0x00, 0x00, 0x00, 0x00, 0x00, 0x00, 0x00,
  0x00, 0x00, 0x00, 0x00, 0x00, 0x00, 0x00, 0x00, 0x00, 0x00, 0x00, 0x00,
  0x00, 0x00, 0x00, 0x00, 0x00, 0x00, 0x00, 0x00, 0x00, 0x00, 0x00, 0x00,
  0xc1, 0x00, 0x00, 0x29, 0x00, 0x00, 0xdd, 0x00, 0x00, 0x00, 0x00, 0x00,
  0x31, 0x00, 0x00, 0x00, 0x00, 0x00, 0x00, 0x00, 0x00, 0x00, 0x00, 0x00,
  0x00, 0x24, 0x00, 0xc8, 0x00, 0x29, 0x00, 0x36, 0x00, 0x00, 0xa6, 0x00,
  0x00, 0x00, 0xc2, 0x00, 0x00, 0x00, 0x00, 0x00, 0x00, 0x00, 0x00, 0x00,
  0x1a, 0x00, 0x00, 0x00, 0x00, 0x00, 0x00, 0x00, 0x00, 0x00, 0x00, 0x00,
  0x00, 0x00, 0xd4, 0x00, 0x00, 0x00, 0x00, 0x00, 0x00, 0x00, 0x00, 0x00,
  0x00, 0xd0, 0x00, 0x00, 0x00, 0x35, 0x00, 0x00, 0x00, 0xd2, 0x00, 0x00,
  0x00, 0x00, 0x00, 0x00, 0x00, 0x00, 0x00, 0x00, 0x44, 0x2e, 0x00, 0x00,
  0x2c, 0x00, 0x00, 0x00, 0x2e, 0x00, 0x00, 0x00, 0x00, 0x00, 0x4b, 0x00,
  0x00, 0x00, 0x00, 0x00, 0xc5, 0x00, 0x00, 0x41, 0x00, 0x00, 0x00, 0x00,
  0xac, 0x00, 0x22, 0x00, 0x00, 0x00, 0xc3, 0x00, 0x00, 0x00, 0x42, 0xc9,
  0x00, 0x00, 0x00, 0x00, 0x00, 0x00, 0x00, 0xbd, 0x00, 0x00, 0x00, 0xbd,
  0x00, 0x00, 0x00, 0x00, 0x00, 0x00, 0xd4, 0x00, 0x00, 0x00, 0x00, 0x3d,
  0x00, 0x00, 0x37, 0xbf, 0x00, 0x00, 0x00, 0x00, 0x00, 0x00, 0xbd, 0x00,
  0x00, 0x00, 0x00, 0x00, 0x00, 0x00, 0x00, 0x00, 0x29, 0x00, 0x00, 0x00,
  0x00, 0x00, 0xd7, 0x00, 0x2d, 0xc1, 0x00, 0x00, 0xd0, 0x00, 0x00, 0x00,
  0x00, 0x00, 0x00, 0x00, 0x33, 0x00, 0xc8, 0x00, 0xb9, 0x38, 0x00, 0x00,
  0x4a, 0x00, 0x00, 0x00, 0x00, 0x00, 0x48, 0x00, 0x00, 0x00, 0x00, 0x00,
  0x00, 0x00, 0x00, 0x00, 0xb1, 0x00, 0x00, 0x00, 0x00, 0x00, 0x00, 0x00,
  0x00, 0xe1, 0x00, 0x00, 0x00, 0x00, 0x00, 0x45, 0x00, 0x00, 0x00, 0x00,
  0x00, 0x3e, 0x00, 0x00, 0x00, 0x00, 0x00, 0xab, 0x00, 0xdb, 0x00, 0x00,
  0x00, 0x00, 0xd0, 0x00, 0x00, 0x00, 0xc8, 0x42, 0x00, 0x35, 0x00, 0x00,
  0x00, 0x00, 0x00, 0x00, 0xde, 0x00, 0x00, 0x00, 0x00, 0x00, 0x00, 0x00,
  0x00, 0x3e, 0x00, 0x00, 0x00, 0x00, 0x00, 0x00, 0x00, 0x21, 0x00, 0x00,
  0x00, 0x00, 0x00, 0x00, 0x00, 0x00, 0x3e, 0x00, 0x00, 0x00, 0x00, 0xc8,
  0x00, 0x00, 0x00, 0xb9, 0x00, 0x00, 0x00, 0x00, 0x00, 0x00, 0x00, 0xc0,
  0x00, 0x00, 0x00, 0x00, 0x00, 0xd0, 0x00, 0x35, 0x00, 0x00, 0x43, 0x00,
  0x00, 0x00, 0x00, 0x00, 0x00, 0x00, 0x00, 0x00, 0x31, 0x44, 0x40, 0x00,
  0x00, 0x00, 0xd6, 0x00, 0x00, 0x00, 0x00, 0x00, 0x00, 0x00, 0x00, 0xd0,
  0x00, 0x00, 0x00, 0x00, 0x00, 0x3f, 0x3f, 0xca, 0xc1, 0x00, 0x00, 0x2e,
  0x1e, 0xc4, 0x00, 0xcc, 0x00, 0x00, 0x00, 0x00, 0x00, 0x28, 0xfb, 0xbc,
  0x00, 0x00, 0x00, 0x27, 0x00, 0x00, 0xce, 0x00, 0x00, 0x00, 0x00, 0x00,
  0x00, 0x00, 0x00, 0x26, 0x00, 0x00, 0x00, 0x45, 0x00, 0x00, 0x00, 0x9f,
  0x4e, 0x00, 0x00, 0x00, 0x27, 0x00, 0x00, 0x34, 0x00, 0x00, 0x00, 0x00,
  0x00, 0x47, 0xd4, 0xce, 0x00, 0x00, 0x00, 0x00, 0x00, 0x00, 0x00, 0x00,
  0x00, 0x00, 0xcf, 0x00, 0x4c, 0x41, 0x00, 0x51, 0x00, 0x00, 0x00, 0x00,
  0x00, 0x00, 0x00, 0x00, 0x34, 0x00, 0x00, 0x00, 0x00, 0x00, 0x00, 0x00,
  0x00, 0x00, 0x00, 0x00, 0x00, 0x00, 0x00, 0x32, 0x00, 0x00, 0x00, 0x00,
  0x00, 0x00, 0x00, 0x00, 0x00, 0x00, 0x00, 0x4d, 0x00, 0x00, 0x00, 0x00,
  0x00, 0x00, 0x00, 0x00, 0x4b, 0x00, 0xc9, 0x00, 0x00, 0x00, 0x00, 0x00,
  0x00, 0x00, 0x00, 0x00, 0x00, 0x00, 0x00, 0x00, 0x2e, 0x00, 0x00, 0x00,
  0x00, 0x00, 0x00, 0x55, 0x00, 0x00, 0x00, 0x00, 0x00, 0x00, 0x00, 0x00,
  0x00, 0x00, 0xe7, 0x00, 0x00, 0x00, 0x30, 0xc8, 0x00, 0x00, 0x00, 0x00,
  0x00, 0x00, 0x00, 0x00, 0x00, 0x00, 0x3d, 0x00, 0x00, 0x00, 0x00, 0x35,
  0x00, 0x00, 0x00, 0x00, 0x00, 0x00, 0x00, 0x55, 0x00, 0x00, 0x00, 0x00,
  0x00, 0xd7, 0x00, 0x00, 0x00, 0xe1, 0x00, 0x00, 0x00, 0x00, 0x00, 0x00,
  0x00, 0x00, 0x00, 0x00, 0x00, 0x00, 0x00, 0x00, 0x00, 0x00, 0x00, 0x00,
  0x00, 0x00, 0x00, 0x00, 0xde, 0x00, 0xe3, 0x00, 0x00, 0x00, 0x00, 0x00,
  0xd4, 0x00, 0x00, 0x00, 0x00, 0x00, 0x56, 0x00, 0x29, 0x00, 0x00, 0x00,
  0x00, 0xcf, 0x00, 0x00, 0x00, 0x00, 0x00, 0xb4, 0x3d, 0x20, 0x00, 0x00,
  0x00, 0x00, 0x00, 0x00, 0x00, 0x3a, 0x00, 0xde, 0x00, 0xbd, 0x00, 0x00,
  0x00, 0x00, 0xd3, 0x00, 0x00, 0x00, 0x00, 0x00, 0x00, 0x00, 0x00, 0x00,
  0x00, 0x00, 0x00, 0x00, 0x00, 0xbc, 0x51, 0x00, 0x00, 0x81, 0xcb, 0x41,
  0xdf, 0x00, 0x00, 0xa0, 0x00, 0x00, 0x00, 0x00, 0x00, 0x00, 0x00, 0x00,
  0x3f, 0x00, 0x00, 0x00, 0x00, 0x00, 0x00, 0xca, 0x00, 0x00, 0x00, 0x00,
  0x00, 0x00, 0x3a, 0x00, 0x00, 0xc4, 0x00, 0x00, 0xad, 0x00, 0x00, 0x00,
  0x00, 0x00, 0x00, 0x00, 0x00, 0x00, 0x00, 0xcc, 0x00, 0x00, 0x00, 0x00,
  0x00, 0x2e, 0x00, 0x00, 0x00, 0x00, 0x00, 0x00, 0x00, 0x00, 0x00, 0x00,
  0x00, 0x00, 0x9b, 0x00, 0x00, 0x2a, 0x00, 0x00, 0x00, 0xb1, 0x2a, 0x00,
  0x00, 0x00, 0x00, 0x00, 0x00, 0x00, 0x00, 0x35, 0x00, 0x00, 0x00, 0x00,
  0x00, 0x00, 0x00, 0x00, 0x00, 0x00, 0x00, 0x00, 0x00, 0x00, 0x00, 0xbd,
  0x00, 0xf7, 0x00, 0x00, 0x00, 0x00, 0x09, 0x00, 0xcc, 0xd0, 0x00, 0x00,
  0x00, 0x00, 0x00, 0x00, 0x32, 0x4b, 0x00, 0x00, 0x00, 0x00, 0x00, 0x00,
  0x63, 0x00, 0x00, 0x00, 0x00, 0x00, 0x00, 0xfa, 0x00, 0x00, 0x00, 0x00,
  0xf5, 0x00, 0x00, 0x00, 0x00, 0x00, 0x00, 0x00, 0x00, 0x00, 0x00, 0x00,
  0x00, 0x00, 0xe1, 0x00, 0x00, 0x00, 0x00, 0x00, 0x00, 0x00, 0x00, 0x00,
  0x00, 0x00, 0x00, 0x00, 0x00, 0x25, 0xc2, 0x00, 0xd6, 0x00, 0x3b, 0x30,
  0x00, 0x00, 0x00, 0x00, 0x00, 0x00, 0x00, 0x00, 0x00, 0x00, 0x00, 0x00,
  0x45, 0x00, 0x00, 0x00, 0x00, 0x4b, 0xcd, 0x35, 0x00, 0x93, 0x38, 0xbb,
  0x00, 0x00, 0xd5, 0x00, 0x37, 0x60, 0x00, 0x00, 0x00, 0x30, 0x15, 0x00,
  0x00, 0xc1, 0x00, 0x00, 0x00, 0x00, 0x00, 0x00, 0x00, 0x00, 0x00, 0x00,
  0x00, 0x00, 0x00, 0x00, 0x00, 0x00, 0x44, 0x30, 0x1a, 0x00, 0xc0, 0x00,
  0x00, 0x00, 0x00, 0x00, 0x00, 0x00, 0x00, 0xd1, 0x00, 0x00, 0x00, 0x00,
  0xd5, 0x00, 0x00, 0x00, 0x00, 0x00, 0x00, 0x00, 0x00, 0x00, 0x00, 0x31,
  0xe0, 0x00, 0x00, 0x00, 0x00, 0x00, 0x00, 0x00, 0xbb, 0x00, 0x3d, 0x38,
  0x00, 0x00, 0x2a, 0x00, 0x00, 0x3d, 0x00, 0x00, 0x00, 0x00, 0x00, 0x00,
  0xe4, 0x00, 0x00, 0x00, 0xbf, 0x2d, 0x00, 0x00, 0x0b, 0x00, 0x00, 0x00,
  0xdd, 0x00, 0x00, 0x00, 0x00, 0xc7, 0x00, 0x00, 0x43, 0x00, 0x00, 0x00,
  0x00, 0x00, 0x00, 0xc2, 0x00, 0x00, 0x00, 0x00, 0x00, 0x50, 0x00, 0x00,
  0x00, 0x00, 0x00, 0x00, 0x00, 0x00, 0x00, 0x00, 0xbc, 0x00, 0x00, 0x00,
  0x00, 0xbf, 0xc9, 0x00, 0xd8, 0x00, 0x00, 0xdb, 0x00, 0x00, 0x00, 0x00,
  0x00, 0x00, 0x00, 0x00, 0x00, 0x00, 0x00, 0x00, 0x00, 0x00, 0x00, 0x00,
  0x00, 0x00, 0x54, 0x00, 0x00, 0x00, 0x00, 0x33, 0x00, 0x00, 0x00, 0x00,
  0x32, 0x43, 0x00, 0x00, 0x57, 0x00, 0x33, 0x3d, 0x35, 0x36, 0x00, 0xbc,
  0x00, 0x00, 0x37, 0x00, 0x00, 0x00, 0x00, 0x00, 0x00, 0x00, 0x00, 0x00,
  0x00, 0xd5, 0x00, 0x00, 0x00, 0x00, 0x00, 0x00, 0x38, 0x00, 0x00, 0x00,
  0x00, 0x00, 0x00, 0x00, 0x00, 0x00, 0x00, 0x00, 0x32, 0x00, 0x0c, 0x00,
  0x00, 0x00, 0x00, 0x00, 0x00, 0x00, 0x00, 0x00, 0x00, 0xd7, 0xf1, 0x00,
  0x00, 0x6a, 0x00, 0x00, 0x00, 0x00, 0xc3, 0x00, 0x00, 0x00, 0x00, 0x00,
  0x00, 0x00, 0x00, 0x00, 0x00, 0xca, 0x00, 0x00, 0x00, 0xa9, 0x00, 0x00,
  0x3a, 0x00, 0x00, 0x00, 0xdf, 0x00, 0x00, 0x00, 0x00, 0x00, 0x34, 0x00,
  0x00, 0x6e, 0x00, 0x00, 0x00, 0x00, 0x00, 0x00, 0x00, 0x3d, 0x00, 0xd1,
  0xca, 0x2e, 0x00, 0x00, 0x00, 0x00, 0x00, 0x00, 0x00, 0x00, 0x00, 0x54,
  0x00, 0x00, 0xd4, 0x00, 0x00, 0x00, 0x00, 0x00, 0x00, 0x00, 0x48, 0x00,
  0xe2, 0x00, 0x00, 0x00, 0x00, 0x00, 0x00, 0x00, 0x41, 0x00, 0x00, 0x00,
  0x00, 0x00, 0x00, 0x00, 0x54, 0x00, 0x00, 0x00, 0x00, 0x00, 0x00, 0x00,
  0x00, 0x00, 0x00, 0x00, 0x00, 0x00, 0x00, 0x42, 0x00, 0x00, 0x00, 0x00,
  0x00, 0x00, 0x00, 0x00, 0xee, 0xd4, 0x00, 0x32, 0x00, 0x00, 0x00, 0x00,
  0x00, 0x00, 0x00, 0x00, 0x00, 0x00, 0x00, 0xd4, 0x00, 0x00, 0x00, 0x00,
  0x00, 0x00, 0x00, 0x00, 0x00, 0x00, 0x00, 0x00, 0x00, 0x00, 0x23, 0x00,
  0x00, 0xbf, 0x00, 0x00, 0x00, 0x00, 0x00, 0x00, 0x00, 0x00, 0x00, 0x00,
  0x3c, 0x00, 0x00, 0x00, 0x28, 0x00, 0xcc, 0x00, 0x00, 0x38, 0x00, 0x00,
  0x00, 0x00, 0x00, 0x00, 0x00, 0x00, 0x00, 0x00, 0x2f, 0x00, 0x36, 0xdd,
  0xdd, 0x00, 0x00, 0x00, 0x00, 0x00, 0x39, 0x00, 0x00, 0x00, 0x00, 0x00,
  0xce, 0x00, 0x00, 0xd6, 0x00, 0x00, 0x00, 0x00, 0x00, 0x00, 0x00, 0x00,
  0x33, 0x00, 0x00, 0x00, 0x00, 0x00, 0x00, 0x00, 0x46, 0x00, 0xd2, 0x00,
  0xdf, 0x00, 0x00, 0x00, 0xcf, 0x00, 0x32, 0x00, 0x00, 0x58, 0x44, 0x00,
  0xdb, 0x00, 0x00, 0xd3, 0x00, 0x00, 0x00, 0x00, 0x00, 0x00, 0x86, 0x00,
  0x00, 0x38, 0xa9, 0x32, 0x00, 0x00, 0x00, 0x00, 0x00, 0x00, 0x00, 0x00,
  0xb5, 0x00, 0x00, 0x00, 0x00, 0x00, 0xa2, 0xcb, 0x00, 0x00, 0xcd, 0x00,
  0x00, 0x28, 0x00, 0x00, 0x00, 0x00, 0x00, 0x00, 0x00, 0x00, 0x00, 0xc2,
  0x00, 0x00, 0x00, 0x00, 0x00, 0x00, 0x00, 0x00, 0x00, 0x2e, 0x00, 0x00,
  0x00, 0x00, 0xe0, 0x00, 0x00, 0x00, 0x00, 0x00, 0x00, 0x00, 0x29, 0x00,
  0x00, 0x31, 0x00, 0x00, 0x00, 0x00, 0x00, 0x00, 0x00, 0x20, 0x00, 0x00,
  0x00, 0x00, 0x00, 0x00, 0x00, 0x00, 0x00, 0x00, 0x00, 0x00, 0x00, 0x00,
  0x00, 0x00, 0x00, 0x00, 0x00, 0x00, 0x00, 0x00, 0x00, 0x24, 0xc9, 0x00,
  0x00, 0x00, 0x00, 0x00, 0x00, 0x00, 0x00, 0x00, 0x21, 0x0f, 0xd4, 0x00,
  0x00, 0x00, 0x00, 0x00, 0x00, 0x00, 0x00, 0x00, 0x00, 0x00, 0x00, 0x00,
  0x00, 0xc6, 0x00, 0x00, 0x00, 0x00, 0x00, 0x00, 0xc7, 0x34, 0x5d, 0xad,
  0xd0, 0x50, 0x00, 0x00, 0x00, 0x00, 0x47, 0x00, 0xd9, 0x00, 0x00, 0x00,
  0x00, 0x00, 0x00, 0x00, 0x53, 0x5a, 0x00, 0x00, 0x00, 0x00, 0x00, 0x00,
  0xd6, 0xe6, 0x55, 0x00, 0x00, 0x00, 0x7a, 0x00, 0x00, 0x00, 0x00, 0x00,
  0x00, 0x00, 0x00, 0x00, 0x00, 0x00, 0x00, 0x00, 0x00, 0xf9, 0x00, 0xcd,
  0x00, 0x00, 0x00, 0x00, 0x45, 0x00, 0x00, 0x00, 0x00, 0x54, 0x00, 0x00,
  0x00, 0x00, 0x45, 0x00, 0x00, 0x00, 0xd4, 0x00, 0x00, 0xdd, 0x00, 0x00,
  0x00, 0x00, 0x00, 0x00, 0x00, 0x3c, 0x00, 0x00, 0x00, 0x55, 0x00, 0x00,
  0x00, 0xe1, 0x00, 0x00, 0x00, 0x00, 0x00, 0x00, 0x00, 0x00, 0x58, 0x00,
  0x00, 0x00, 0x00, 0xc2, 0x00, 0x00, 0x00, 0x3a, 0x00, 0x00, 0x00, 0x00,
  0x00, 0x00, 0x00, 0x00, 0x00, 0x00, 0x00, 0x00, 0x44, 0x00, 0x00, 0x33,
  0x00, 0x00, 0x00, 0x00, 0x00, 0x2b, 0x51, 0x00, 0x00, 0x00, 0x00, 0x00,
  0xe5, 0x00, 0x00, 0x00, 0x00, 0x00, 0x00, 0x00, 0x00, 0x00, 0x00, 0x2b,
  0x00, 0x00, 0x00, 0x00, 0xc9, 0x00, 0x00, 0x00, 0x00, 0xc5, 0x00, 0x00,
  0x00, 0xc8, 0x00, 0x00, 0x00, 0x32, 0xa1, 0x00, 0x00, 0x00, 0x00, 0x00,
  0xcf, 0x00, 0x00, 0x00, 0x00, 0x00, 0x00, 0x36, 0x2c, 0x00, 0x00, 0x00,
  0xef, 0x00, 0x9c, 0x00, 0x00, 0x00, 0x00, 0x00, 0x00, 0x2b, 0x00, 0x00,
  0x00, 0x00, 0x00, 0x00, 0x25, 0x30, 0x00, 0x00, 0x00, 0xc8, 0x00, 0x00,
  0x00, 0x00, 0x00, 0x00, 0x2d, 0x00, 0x00, 0xcb, 0x00, 0x00, 0x00, 0x00,
  0xc8, 0x00, 0x00, 0x00, 0x26, 0x00, 0x00, 0x40, 0x00, 0x00, 0x00, 0xce,
  0x00, 0x00, 0x00, 0x00, 0x00, 0x00, 0x00, 0x00, 0x00, 0x00, 0x00, 0x00,
  0x2f, 0x00, 0x00, 0x00, 0x57, 0x00, 0x00, 0x00, 0x48, 0xc8, 0x00, 0xd2,
  0xc7, 0x00, 0xc7, 0x27, 0x00, 0x00, 0xe0, 0xc3, 0x00, 0xdd, 0xda, 0xd4,
  0x4e, 0x00, 0x00, 0x00, 0x00, 0x00, 0x00, 0xc9, 0xd3, 0x00, 0x00, 0x00,
  0x00, 0x00, 0x00, 0xd6, 0x00, 0x00, 0x00, 0x00, 0x33, 0x00, 0x00, 0x00,
  0x00, 0x00, 0x00, 0x32, 0x00, 0x00, 0x00, 0x50, 0x00, 0x00, 0x00, 0xe1,
  0x00, 0x00, 0x00, 0x00, 0x00, 0x00, 0x00, 0x00, 0x00, 0x00, 0x00, 0x00,
  0x34, 0x00, 0x00, 0xdb, 0x00, 0x00, 0x00, 0x00, 0x00, 0x35, 0x00, 0x00,
  0x00, 0x00, 0x00, 0x00, 0x00, 0x00, 0x00, 0x00, 0x00, 0x53, 0x60, 0x00,
  0x00, 0x00, 0x00, 0xd1, 0xc0, 0x00, 0x00, 0x38, 0x00, 0x00, 0x54, 0x00,
  0x00, 0x00, 0x00, 0x00, 0x00, 0x00, 0x00, 0x00, 0x00, 0x00, 0x00, 0x9f,
  0x00, 0x00, 0xd5, 0xb6, 0x00, 0x00, 0x00, 0x00, 0x00, 0x00, 0x00, 0x00,
  0x48, 0x00, 0x00, 0x00, 0xa4, 0x67, 0xff, 0xff, 0x4e, 0x68, 0xff, 0xff,
  0x04, 0x00, 0x00, 0x00, 0x00, 0x01, 0x00, 0x00, 0x42, 0x00, 0x00, 0x00,
  0x4f, 0x00, 0x00, 0x00, 0x8a, 0xff, 0xff, 0xff, 0xb1, 0xff, 0xff, 0xff,
  0xc0, 0xff, 0xff, 0xff, 0xf2, 0xff, 0xff, 0xff, 0x8d, 0xff, 0xff, 0xff,
  0x7b, 0x00, 0x00, 0x00, 0xdf, 0xff, 0xff, 0xff, 0x3c, 0x00, 0x00, 0x00,
  0x3b, 0x00, 0x00, 0x00, 0x37, 0x00, 0x00, 0x00, 0x68, 0x00, 0x00, 0x00,
  0xe8, 0x00, 0x00, 0x00, 0x06, 0x00, 0x00, 0x00, 0xc3, 0xff, 0xff, 0xff,
  0x84, 0x00, 0x00, 0x00, 0x58, 0x00, 0x00, 0x00, 0x03, 0x00, 0x00, 0x00,
  0x2e, 0x00, 0x00, 0x00, 0xdf, 0xff, 0xff, 0xff, 0xc0, 0xff, 0xff, 0xff,
  0xaa, 0xff, 0xff, 0xff, 0xe1, 0xff, 0xff, 0xff, 0xe7, 0xff, 0xff, 0xff,
  0xac, 0x00, 0x00, 0x00, 0xf1, 0xff, 0xff, 0xff, 0xf2, 0xff, 0xff, 0xff,
  0xd8, 0x00, 0x00, 0x00, 0x43, 0x00, 0x00, 0x00, 0xd9, 0xff, 0xff, 0xff,
  0xb3, 0xff, 0xff, 0xff, 0xe1, 0xff, 0xff, 0xff, 0x6a, 0x00, 0x00, 0x00,
  0x8a, 0xff, 0xff, 0xff, 0xdc, 0xff, 0xff, 0xff, 0x57, 0x00, 0x00, 0x00,
  0xe1, 0xff, 0xff, 0xff, 0xe1, 0xff, 0xff, 0xff, 0x3a, 0x00, 0x00, 0x00,
  0xb5, 0xff, 0xff, 0xff, 0x50, 0x00, 0x00, 0x00, 0x68, 0x00, 0x00, 0x00,
  0x31, 0x00, 0x00, 0x00, 0x44, 0x00, 0x00, 0x00, 0xf5, 0x00, 0x00, 0x00,
  0x59, 0x00, 0x00, 0x00, 0x7f, 0x00, 0x00, 0x00, 0x4c, 0x00, 0x00, 0x00,
  0xf1, 0xff, 0xff, 0xff, 0xf2, 0xff, 0xff, 0xff, 0x68, 0x00, 0x00, 0x00,
  0xb1, 0xff, 0xff, 0xff, 0x4d, 0x00, 0x00, 0x00, 0xff, 0xff, 0xff, 0xff,
  0x68, 0x00, 0x00, 0x00, 0x27, 0x00, 0x00, 0x00, 0x02, 0x00, 0x00, 0x00,
  0x18, 0x00, 0x00, 0x00, 0x28, 0x00, 0x00, 0x00, 0xe6, 0xff, 0xff, 0xff,
  0xf0, 0xff, 0xff, 0xff, 0x7e, 0x00, 0x00, 0x00, 0x07, 0x00, 0x00, 0x00,
  0x5a, 0x69, 0xff, 0xff, 0x04, 0x00, 0x00, 0x00, 0x00, 0x96, 0x00, 0x00,
  0x00, 0x10, 0x00, 0x00, 0x00, 0x00, 0x16, 0x00, 0x00, 0x00, 0x00, 0x00,
  0x00, 0x00, 0x00, 0xfd, 0x00, 0x00, 0x00, 0x00, 0x00, 0x00, 0x00, 0x00,
  0x00, 0x00, 0x00, 0x00, 0x00, 0xe3, 0xec, 0x00, 0x00, 0x00, 0x00, 0x00,
  0x00, 0x00, 0xe7, 0x00, 0x00, 0x00, 0x00, 0x00, 0x00, 0x00, 0x00, 0x00,
  0xe6, 0x00, 0xe4, 0x00, 0x00, 0xe1, 0x00, 0xe7, 0x00, 0x00, 0x00, 0x00,
  0x00, 0x00, 0x00, 0xdf, 0x00, 0xdb, 0x0c, 0x00, 0x00, 0x00, 0x00, 0x00,
  0x00, 0x00, 0x00, 0x00, 0x00, 0xdd, 0x00, 0x00, 0x00, 0x00, 0x00, 0x00,
  0x0d, 0x00, 0x0a, 0x00, 0x00, 0x00, 0x00, 0x00, 0x00, 0x00, 0x00, 0x00,
  0x0b, 0x00, 0xea, 0x00, 0x00, 0x00, 0x00, 0x00, 0x00, 0x00, 0x00, 0x00,
  0x10, 0x00, 0x00, 0xdd, 0x00, 0x00, 0x00, 0x00, 0x00, 0x00, 0x00, 0x00,
  0xde, 0x00, 0x00, 0x00, 0x00, 0x00, 0x00, 0x00, 0x00, 0x00, 0x00, 0x00,
  0x0d, 0x00, 0x00, 0xe3, 0x00, 0x00, 0x00, 0x00, 0x00, 0xe3, 0x00, 0x00,
  0xe3, 0x00, 0xf0, 0x00, 0x00, 0x00, 0xe0, 0x00, 0xe5, 0x00, 0x00, 0x00,
  0x0d, 0x00, 0xe2, 0x00, 0x00, 0x10, 0x14, 0x00, 0xd1, 0x00, 0x00, 0x09,
  0x00, 0x00, 0xd9, 0x00, 0x00, 0x00, 0x00, 0x00, 0xdc, 0x00, 0x00, 0x12,
  0x00, 0x00, 0x00, 0x00, 0x00, 0x0d, 0x00, 0x00, 0x00, 0x00, 0x00, 0x19,
  0x00, 0x10, 0xec, 0x00, 0x00, 0x11, 0x00, 0x00, 0xeb, 0x00, 0x00, 0x00,
  0x00, 0x00, 0xe7, 0x00, 0x00, 0x00, 0x0f, 0x00, 0x00, 0x00, 0x00, 0x00,
  0x00, 0x00, 0x00, 0x00, 0xd9, 0x00, 0x00, 0x00, 0x00, 0x00, 0x00, 0x00,
  0xe9, 0x00, 0xe9, 0x00, 0xd7, 0x00, 0x00, 0x00, 0x00, 0x00, 0x00, 0x00,
  0x00, 0xdf, 0x00, 0x00, 0x00, 0x00, 0x00, 0x00, 0x00, 0x00, 0x00, 0x00,
  0x00, 0xe2, 0xfc, 0x00, 0x00, 0x00, 0xe7, 0x00, 0x00, 0x00, 0x00, 0x00,
  0xec, 0x00, 0xf9, 0x00, 0x00, 0x00, 0x00, 0x00, 0x00, 0x00, 0x00, 0x00,
  0x00, 0x00, 0x0c, 0x00, 0x00, 0x00, 0xf4, 0x00, 0x00, 0x00, 0x00, 0x00,
  0x00, 0x00, 0x00, 0x00, 0x00, 0x00, 0x00, 0x00, 0x00, 0x00, 0x00, 0x00,
  0x00, 0x00, 0x00, 0x00, 0xde, 0x00, 0x00, 0x00, 0x1a, 0x00, 0x00, 0x00,
  0x00, 0x00, 0x00, 0x00, 0x00, 0xe8, 0x24, 0x00, 0x00, 0x06, 0xd8, 0x00,
  0x1f, 0x00, 0xe9, 0x00, 0x00, 0xe3, 0x0f, 0x00, 0xf6, 0x00, 0xd7, 0x00,
  0x00, 0x00, 0x00, 0x00, 0x00, 0xd8, 0x00, 0x00, 0xf3, 0x00, 0x00, 0xe2,
  0x00, 0xd9, 0x00, 0xdf, 0x00, 0xe1, 0x00, 0x00, 0x00, 0x00, 0x00, 0x00,
  0x00, 0x00, 0x00, 0x00, 0x00, 0x00, 0x00, 0x00, 0x16, 0xde, 0xdd, 0xdf,
  0x00, 0x00, 0x00, 0x00, 0x00, 0x00, 0x00, 0xe0, 0xe0, 0x00, 0x00, 0xdc,
  0x00, 0x00, 0x00, 0x00, 0x00, 0xe2, 0x00, 0x00, 0x00, 0x00, 0x00, 0xe5,
  0x00, 0x00, 0x19, 0x00, 0x00, 0x00, 0x00, 0x00, 0x00, 0x00, 0xde, 0xdb,
  0x00, 0x00, 0x00, 0x00, 0x00, 0x00, 0x00, 0x00, 0x00, 0xdb, 0x00, 0x00,
  0x00, 0x00, 0x00, 0x00, 0x00, 0xe4, 0x00, 0x00, 0x00, 0x00, 0x00, 0x00,
  0x00, 0x00, 0x22, 0x00, 0x00, 0xe2, 0x00, 0x00, 0xea, 0x00, 0x00, 0x00,
  0x00, 0x00, 0xf6, 0xd9, 0x00, 0x00, 0x00, 0xe4, 0x00, 0x00, 0x00, 0x00,
  0x00, 0x00, 0x18, 0x00, 0xdd, 0x00, 0x00, 0x00, 0x00, 0x00, 0x00, 0xe0,
  0xe7, 0x09, 0x00, 0x00, 0x00, 0x00, 0x00, 0x0c, 0x00, 0x00, 0x00, 0x00,
  0x00, 0x00, 0x00, 0x00, 0x00, 0x00, 0x17, 0x00, 0x00, 0x00, 0xe0, 0xdc,
  0x00, 0x00, 0x00, 0x00, 0x00, 0x00, 0x00, 0x00, 0xdc, 0x00, 0x00, 0x00,
  0x00, 0x00, 0xeb, 0x00, 0x00, 0x00, 0x00, 0xd9, 0x00, 0x00, 0x00, 0x09,
  0x00, 0xe4, 0x00, 0x00, 0x00, 0x00, 0x00, 0x00, 0x00, 0x00, 0x00, 0x00,
  0x00, 0x00, 0xd6, 0x00, 0x00, 0x00, 0x00, 0xe6, 0xda, 0x00, 0x00, 0x04,
  0x00, 0x00, 0xe0, 0x00, 0xde, 0x00, 0x14, 0x00, 0x00, 0x00, 0x00, 0x0d,
  0x00, 0x00, 0x00, 0x00, 0x00, 0x0f, 0x00, 0x00, 0x00, 0xe6, 0x00, 0x00,
  0x11, 0x00, 0x00, 0x00, 0x00, 0x0f, 0x00, 0x00, 0x00, 0x00, 0x00, 0x12,
  0x00, 0x00, 0xe6, 0x00, 0x00, 0x00, 0xef, 0x00, 0xe3, 0xd7, 0x00, 0x06,
  0x16, 0x00, 0xec, 0x00, 0xde, 0x00, 0x17, 0x00, 0x00, 0x00, 0xe1, 0x00,
  0x00, 0x00, 0x00, 0x00, 0x00, 0x00, 0x00, 0x00, 0x00, 0x00, 0x00, 0x00,
  0x00, 0x00, 0x00, 0x00, 0x00, 0x00, 0x21, 0x00, 0x00, 0x2a, 0x00, 0xf2,
  0x00, 0x00, 0x00, 0x26, 0x00, 0xf4, 0x00, 0x00, 0x00, 0x00, 0x00, 0x00,
  0x00, 0x00, 0x00, 0x2b, 0x00, 0x00, 0xf4, 0x10, 0x00, 0x00, 0x00, 0x00,
  0x00, 0x15, 0x00, 0x00, 0x00, 0x00, 0x00, 0x00, 0x00, 0x00, 0x18, 0x00,
  0xfa, 0x12, 0x00, 0x00, 0x21, 0x00, 0x00, 0x00, 0xfc, 0x00, 0x25, 0x00,
  0x00, 0x00, 0x00, 0x00, 0x1b, 0x00, 0x00, 0xe3, 0x00, 0x00, 0x1a, 0x00,
  0xe7, 0xe9, 0x00, 0x00, 0x00, 0xf0, 0x00, 0x00, 0x00, 0x29, 0x00, 0xe1,
  0x2c, 0x00, 0xe4, 0x00, 0x00, 0x00, 0x00, 0xeb, 0xdf, 0x40, 0x00, 0x00,
  0x20, 0x00, 0xf1, 0x00, 0x00, 0x00, 0x00, 0x00, 0xf5, 0x32, 0xf1, 0x00,
  0x00, 0x00, 0x00, 0x26, 0x00, 0x1a, 0x11, 0x00, 0x00, 0x00, 0x00, 0x1f,
  0xf6, 0x10, 0x00, 0x00, 0x00, 0x00, 0x00, 0x14, 0x00, 0x00, 0x00, 0x22,
  0x00, 0x0e, 0x00, 0x2d, 0x00, 0x1c, 0x00, 0x00, 0x00, 0x00, 0x00, 0x00,
  0x00, 0x00, 0x00, 0x30, 0x00, 0x00, 0x00, 0x00, 0x00, 0x2d, 0x00, 0x00,
  0x00, 0x00, 0x00, 0x41, 0x00, 0x14, 0x00, 0xe9, 0x00, 0x33, 0x00, 0x00,
  0x00, 0x00, 0x00, 0x30, 0x00, 0x00, 0xfc, 0x0b, 0xe8, 0x45, 0x00, 0x00,
  0x00, 0x11, 0xee, 0x38, 0x00, 0x00, 0x2c, 0x00, 0x00, 0x2e, 0x00, 0x00,
  0x00, 0x00, 0x00, 0x00, 0x00, 0x00, 0x00, 0x00, 0x00, 0xf9, 0x00, 0x14,
  0x00, 0x0a, 0x00, 0x00, 0x00, 0x00, 0x03, 0x00, 0x00, 0x00, 0x00, 0x00,
  0x00, 0x00, 0x00, 0x00, 0x00, 0xeb, 0x00, 0x00, 0x00, 0x25, 0x1c, 0x00,
  0xff, 0x00, 0x00, 0x00, 0x00, 0x00, 0x24, 0x00, 0x1a, 0x2a, 0x00, 0x00,
  0x00, 0xeb, 0x20, 0x00, 0x00, 0x00, 0xfd, 0x00, 0x17, 0x00, 0x00, 0x00,
  0x00, 0x00, 0x00, 0x00, 0x00, 0x00, 0x00, 0x00, 0x00, 0x00, 0x00, 0x00,
  0x00, 0x06, 0x00, 0x20, 0x00, 0x0a, 0x00, 0x00, 0x00, 0x00, 0x00, 0x00,
  0x00, 0x00, 0x00, 0xfe, 0x22, 0x00, 0x03, 0x00, 0x00, 0xf6, 0x27, 0x00,
  0x00, 0x00, 0x14, 0x00, 0x00, 0x00, 0x00, 0xe7, 0x00, 0x00, 0x1f, 0x00,
  0x00, 0xea, 0x00, 0x23, 0x00, 0x00, 0x00, 0x00, 0xd8, 0x00, 0x1a, 0x10,
  0x00, 0x07, 0x00, 0x00, 0x00, 0x00, 0x00, 0x00, 0x00, 0x00, 0x00, 0x10,
  0x1f, 0x00, 0x10, 0x00, 0x00, 0x00, 0x00, 0x00, 0x00, 0x00, 0x00, 0x00,
  0x00, 0x00, 0x00, 0x1a, 0x00, 0x0f, 0x00, 0x00, 0x00, 0x00, 0x00, 0x00,
  0x00, 0x00, 0x00, 0x00, 0x1b, 0x00, 0x03, 0x00, 0x00, 0x1d, 0x00, 0x00,
  0x00, 0x00, 0xe4, 0x00, 0x00, 0x00, 0x00, 0x00, 0x00, 0x21, 0x00, 0x00,
  0x00, 0x00, 0x00, 0x27, 0x00, 0x00, 0x00, 0xef, 0x04, 0x37, 0x00, 0x00,
  0x00, 0x00, 0x0a, 0x26, 0x1e, 0x00, 0x00, 0x00, 0x00, 0x30, 0x00, 0x00,
  0x00, 0xea, 0x00, 0x2e, 0x00, 0x00, 0x00, 0x00, 0x00, 0x00, 0x00, 0x13,
  0xff, 0x00, 0xe2, 0x00, 0x00, 0x00, 0x1e, 0x00, 0x00, 0x00, 0x00, 0x00,
  0x22, 0x00, 0x00, 0xf7, 0x18, 0x00, 0x00, 0x00, 0x08, 0x00, 0x00, 0x00,
  0x00, 0x00, 0x00, 0x00, 0x00, 0x00, 0xfb, 0x00, 0xe2, 0x00, 0x00, 0x00,
  0x00, 0x00, 0xe3, 0x00, 0x16, 0x00, 0x2b, 0x00, 0x00, 0x1e, 0x00, 0x00,
  0xf6, 0x00, 0xf6, 0x1c, 0x1b, 0x00, 0x01, 0x1b, 0x00, 0x1a, 0x00, 0x1c,
  0x26, 0x00, 0xee, 0x1d, 0x00, 0x18, 0x00, 0x00, 0x1b, 0x00, 0x00, 0x19,
  0x00, 0x00, 0x1e, 0x00, 0x00, 0x18, 0xfa, 0x00, 0x1d, 0x00, 0x00, 0x00,
  0x00, 0x00, 0x00, 0x00, 0x00, 0x00, 0x00, 0x00, 0x00, 0x00, 0x00, 0x0b,
  0x00, 0x00, 0x2b, 0x00, 0x20, 0x0c, 0x00, 0x00, 0x00, 0x1e, 0x00, 0x0a,
  0x00, 0x00, 0xef, 0x00, 0x00, 0x00, 0x2a, 0x00, 0xf5, 0x1d, 0x00, 0x00,
  0x00, 0x00, 0x00, 0x00, 0x1b, 0x15, 0x00, 0x00, 0x00, 0x00, 0x00, 0x00,
  0x00, 0x00, 0x00, 0x00, 0x1a, 0x00, 0x00, 0x00, 0xee, 0x00, 0x00, 0x00,
  0x00, 0x00, 0xf0, 0x00, 0x00, 0x00, 0x00, 0x00, 0x00, 0x00, 0x00, 0x00,
  0x00, 0x00, 0xec, 0x00, 0x00, 0x00, 0x00, 0x00, 0x00, 0x00, 0x00, 0x00,
  0x00, 0x00, 0x00, 0x00, 0x00, 0x00, 0xf7, 0x00, 0x1a, 0x17, 0x1a, 0x00,
  0x00, 0x07, 0x00, 0x00, 0x00, 0x00, 0x00, 0x00, 0x00, 0x00, 0x00, 0x00,
  0x00, 0x00, 0x00, 0x00, 0x00, 0x00, 0x00, 0x00, 0x00, 0x00, 0xe1, 0x24,
  0x00, 0x00, 0xe4, 0x00, 0x00, 0x00, 0x13, 0x00, 0x00, 0x00, 0xe1, 0x00,
  0x00, 0x00, 0x00, 0x00, 0xd6, 0x00, 0x00, 0xfe, 0x00, 0x00, 0xda, 0x2d,
  0x00, 0x00, 0x00, 0xf8, 0xdb, 0x1d, 0x00, 0x00, 0xd8, 0x00, 0x00, 0x29,
  0x00, 0x00, 0x00, 0x00, 0xd9, 0x00, 0x07, 0x00, 0x00, 0x05, 0x00, 0x1b,
  0x00, 0x00, 0x00, 0x00, 0x00, 0x00, 0x00, 0x00, 0x00, 0x00, 0x00, 0x00,
  0x00, 0x20, 0x00, 0x00, 0x00, 0x00, 0x00, 0x00, 0x00, 0x2d, 0x00, 0x00,
  0x00, 0x00, 0x00, 0x2a, 0xd8, 0x00, 0x00, 0x00, 0x00, 0x00, 0x00, 0x00,
  0xef, 0x00, 0x31, 0x00, 0x00, 0x00, 0x00, 0x00, 0x00, 0x00, 0x00, 0xf3,
  0x00, 0x00, 0x00, 0x00, 0xd8, 0x00, 0x00, 0x00, 0x00, 0xf8, 0x00, 0xeb,
  0x00, 0x00, 0x00, 0x00, 0xe3, 0xe8, 0x00, 0x00, 0x00, 0x00, 0x00, 0x00,
  0x00, 0x05, 0x00, 0xf9, 0x00, 0x00, 0x00, 0x00, 0x37, 0x00, 0x00, 0xe7,
  0x00, 0x00, 0x20, 0xf2, 0x10, 0xe5, 0x00, 0x00, 0x20, 0x00, 0x00, 0xe7,
  0x00, 0x00, 0x18, 0x00, 0x00, 0x00, 0x00, 0xeb, 0x0a, 0xf8, 0x00, 0x00,
  0x00, 0x00, 0x00, 0x00, 0x00, 0x00, 0x00, 0x00, 0x00, 0xf3, 0x00, 0x00,
  0x00, 0x00, 0x0d, 0x00, 0x0c, 0x00, 0x00, 0x00, 0x00, 0x00, 0x13, 0x00,
  0x00, 0x00, 0x00, 0xfc, 0x14, 0x00, 0x00, 0x00, 0x00, 0x00, 0x08, 0xed,
  0xff, 0x00, 0x00, 0x00, 0x00, 0x00, 0x00, 0x00, 0x00, 0x00, 0x00, 0x00,
  0x00, 0x00, 0x00, 0x00, 0x00, 0x00, 0x00, 0x00, 0xd9, 0x04, 0x00, 0xfe,
  0x00, 0x00, 0xf6, 0x00, 0x03, 0x00, 0x00, 0x00, 0x00, 0x00, 0x00, 0x00,
  0x00, 0x00, 0x00, 0x0a, 0x00, 0x30, 0x00, 0x00, 0x00, 0x00, 0x00, 0x31,
  0x13, 0x00, 0x00, 0x00, 0x00, 0x2d, 0x00, 0x00, 0xe0, 0xfe, 0x00, 0x36,
  0x00, 0x00, 0x00, 0x07, 0x00, 0x40, 0x14, 0x00, 0xea, 0x00, 0x00, 0x34,
  0x00, 0x00, 0x00, 0x00, 0x00, 0x23, 0x0f, 0x12, 0x00, 0x39, 0xff, 0x00,
  0x00, 0x1e, 0x00, 0x00, 0x00, 0x00, 0x00, 0x00, 0x00, 0x00, 0xda, 0x00,
  0x00, 0x00, 0x00, 0x00, 0x00, 0x00, 0x00, 0x00, 0x00, 0x39, 0x00, 0xf4,
  0x00, 0x00, 0x38, 0x00, 0x00, 0x00, 0x00, 0x00, 0x00, 0x00, 0x00, 0x00,
  0x11, 0x00, 0x00, 0x00, 0x00, 0x00, 0x00, 0x00, 0x17, 0x00, 0x00, 0x00,
  0x00, 0x00, 0x00, 0xfd, 0x00, 0x00, 0x00, 0x00, 0x35, 0x00, 0xe2, 0x00,
  0x00, 0x00, 0x32, 0x00, 0x00, 0x00, 0x19, 0x00, 0x48, 0xff, 0x00, 0x00,
  0x00, 0xf1, 0x00, 0xff, 0x00, 0x00, 0x00, 0x00, 0x00, 0x00, 0x00, 0x00,
  0x16, 0x00, 0x00, 0x00, 0x0a, 0x00, 0x00, 0x00, 0x00, 0xf7, 0x0e, 0x00,
  0x00, 0x02, 0x00, 0x00, 0x06, 0x00, 0x00, 0x09, 0x25, 0x00, 0x06, 0x0d,
  0x11, 0xfb, 0x00, 0x00, 0x0a, 0x00, 0x15, 0x00, 0x00, 0x00, 0x00, 0x00,
  0x00, 0xff, 0x00, 0x00, 0xff, 0x00, 0x00, 0x00, 0x00, 0x00, 0x00, 0x00,
  0x00, 0x00, 0x00, 0x00, 0x09, 0x00, 0x00, 0x00, 0x00, 0x00, 0x03, 0xf1,
  0x00, 0xed, 0x00, 0x00, 0x09, 0x00, 0x00, 0x00, 0x00, 0x00, 0x00, 0x00,
  0x00, 0x00, 0x00, 0x00, 0x00, 0x01, 0x00, 0x00, 0x00, 0x00, 0x00, 0x23,
  0x00, 0x00, 0xd7, 0x00, 0x00, 0x00, 0x00, 0x08, 0xcf, 0x00, 0x00, 0x00,
  0x0b, 0x0c, 0x00, 0x00, 0x00, 0x00, 0x00, 0x00, 0x00, 0x00, 0x00, 0x24,
  0x00, 0x00, 0x00, 0x00, 0xe2, 0x23, 0x00, 0x00, 0x00, 0x00, 0x04, 0x00,
  0x00, 0x00, 0x00, 0x00, 0x00, 0x2b, 0x00, 0x00, 0x00, 0x00, 0x00, 0x1f,
  0x0e, 0x00, 0x00, 0x00, 0x00, 0x00, 0x00, 0x00, 0x00, 0x00, 0x00, 0x00,
  0x00, 0x00, 0x00, 0x00, 0x00, 0x14, 0xee, 0x00, 0x21, 0x00, 0x00, 0x00,
  0x00, 0xf4, 0x00, 0x00, 0x00, 0x0f, 0x00, 0x00, 0x00, 0x00, 0x00, 0x00,
  0x00, 0x00, 0x00, 0x00, 0xe9, 0x00, 0x00, 0x00, 0x00, 0x04, 0x00, 0x00,
  0x00, 0x00, 0x00, 0x00, 0xea, 0x00, 0x00, 0x00, 0x28, 0x0a, 0x00, 0x00,
  0xe7, 0x00, 0x2c, 0x04, 0x00, 0xd5, 0x00, 0x00, 0x28, 0x00, 0x00, 0x00,
  0x0b, 0x00, 0x28, 0xfd, 0x00, 0xd4, 0x00, 0x00, 0x23, 0x00, 0xf3, 0x00,
  0x18, 0x00, 0x00, 0x00, 0x00, 0x00, 0x00, 0x00, 0x00, 0x00, 0x00, 0x00,
  0x00, 0x00, 0x00, 0x00, 0x00, 0x00, 0x00, 0x00, 0x00, 0x25, 0x22, 0x18,
  0x00, 0x00, 0x00, 0x00, 0x00, 0x00, 0x00, 0x00, 0x00, 0x00, 0x00, 0x00,
  0x00, 0x00, 0x00, 0x00, 0x00, 0x00, 0x00, 0x13, 0x00, 0x00, 0x00, 0x00,
  0x00, 0x00, 0x00, 0x00, 0x00, 0x00, 0x00, 0x13, 0x00, 0x00, 0x00, 0x00,
  0x00, 0x00, 0x00, 0x00, 0x26, 0x18, 0x00, 0x00, 0x00, 0xf1, 0x00, 0x14,
  0x00, 0x00, 0x00, 0x00, 0x20, 0x1c, 0x00, 0x00, 0x17, 0x00, 0x00, 0x00,
  0x24, 0x00, 0x00, 0x00, 0x00, 0x00, 0x00, 0xf4, 0x12, 0x23, 0x00, 0x00,
  0x00, 0x00, 0x00, 0x00, 0x00, 0x00, 0x00, 0x00, 0x00, 0x2f, 0x00, 0xee,
  0x00, 0x00, 0x00, 0x21, 0x00, 0x00, 0x18, 0x00, 0xfc, 0x26, 0x00, 0x00,
  0x00, 0x00, 0x00, 0x3a, 0x00, 0x00, 0x1a, 0x00, 0x00, 0x23, 0xf7, 0x00,
  0x00, 0x00, 0x00, 0x1c, 0x00, 0x00, 0x00, 0x00, 0x00, 0x00, 0x00, 0x00,
  0x21, 0xed, 0x00, 0x00, 0x00, 0x00, 0x00, 0x00, 0xf4, 0x00, 0x00, 0x21,
  0x17, 0x00, 0xf6, 0x00, 0x01, 0x1f, 0x00, 0x00, 0xf7, 0x00, 0x00, 0x2b,
  0x00, 0x00, 0x00, 0x00, 0x00, 0x1a, 0x14, 0x00, 0x00, 0x00, 0x00, 0x23,
  0x00, 0x00, 0x00, 0x00, 0x24, 0x26, 0x00, 0x00, 0x00, 0x00, 0x00, 0x00,
  0x00, 0x00, 0x11, 0x00, 0x00, 0x20, 0x00, 0x14, 0x13, 0xe6, 0x00, 0x18,
  0x00, 0x00, 0x00, 0xee, 0x00, 0x17, 0x00, 0x00, 0x00, 0xea, 0x00, 0x00,
  0x14, 0x00, 0x00, 0x00, 0x00, 0x00, 0xfd, 0x00, 0x1f, 0xed, 0x1e, 0x00,
  0x00, 0x00, 0x1b, 0x00, 0x00, 0xeb, 0x00, 0xf1, 0x19, 0x00, 0x00, 0xf0,
  0x00, 0xf0, 0x00, 0x00, 0x22, 0x00, 0x00, 0x00, 0x00, 0x1b, 0x00, 0x00,
  0x00, 0x00, 0x00, 0x00, 0x00, 0x00, 0x00, 0x00, 0xf9, 0x00, 0x00, 0x11,
  0x15, 0x00, 0x00, 0x00, 0x00, 0x00, 0x00, 0x00, 0x00, 0x00, 0x00, 0x1e,
  0x00, 0x00, 0x00, 0xf5, 0x00, 0x21, 0x00, 0x00, 0x00, 0xe6, 0x00, 0x1c,
  0x00, 0x00, 0x00, 0xf0, 0x00, 0x17, 0x00, 0x00, 0x14, 0xeb, 0x00, 0x14,
  0x00, 0x00, 0x00, 0x00, 0x00, 0x1e, 0x00, 0x00, 0x00, 0x00, 0x00, 0x14,
  0x00, 0x00, 0x00, 0x00, 0x00, 0x10, 0x00, 0x00, 0x00, 0x00, 0x21, 0x11,
  0x00, 0x00, 0x1b, 0x00, 0x00, 0x00, 0x00, 0xeb, 0x00, 0x13, 0x00, 0x00,
  0x00, 0xed, 0x18, 0x00, 0x00, 0x00, 0x00, 0x00, 0x00, 0x00, 0x00, 0x00,
  0x00, 0x00, 0x00, 0x00, 0x00, 0x1a, 0x2a, 0x00, 0x00, 0x00, 0x00, 0x00,
  0x00, 0xed, 0x00, 0x00, 0x00, 0x00, 0x00, 0x00, 0x00, 0x00, 0x00, 0x00,
  0x23, 0x00, 0x00, 0x00, 0x00, 0x00, 0x00, 0xe5, 0x00, 0x00, 0x00, 0x00,
  0x00, 0x00, 0x00, 0x12, 0x00, 0x00, 0x00, 0x00, 0x00, 0x00, 0x00, 0x1c,
  0x00, 0x00, 0x00, 0x00, 0x00, 0x00, 0x00, 0x00, 0x00, 0x00, 0x00, 0x1f,
  0x00, 0x00, 0x00, 0x00, 0x00, 0x00, 0x00, 0x11, 0x00, 0x00, 0x00, 0x26,
  0x00, 0x00, 0x00, 0x00, 0x1b, 0x27, 0x00, 0x00, 0x18, 0xe6, 0x26, 0x00,
  0x00, 0x00, 0x1f, 0x00, 0x00, 0x1f, 0xfc, 0x00, 0x00, 0x00, 0x00, 0x00,
  0x1a, 0x00, 0x00, 0xe1, 0x00, 0x00, 0x00, 0x00, 0x00, 0xe6, 0x00, 0x00,
  0x00, 0x00, 0x00, 0x00, 0x00, 0x00, 0x1c, 0x00, 0xfb, 0x00, 0x00, 0x00,
  0x00, 0x00, 0x00, 0x00, 0x00, 0x1a, 0x00, 0x00, 0x00, 0xe7, 0x00, 0x00,
  0x00, 0x00, 0x1f, 0x00, 0x00, 0x18, 0x00, 0x00, 0x00, 0xf0, 0x00, 0x1b,
  0x00, 0x00, 0x00, 0xef, 0x00, 0x0f, 0x00, 0x00, 0x00, 0x00, 0xf7, 0x00,
  0x00, 0x00, 0x13, 0x00, 0x00, 0x00, 0x00, 0x00, 0x00, 0x00, 0x00, 0x00,
  0x00, 0x00, 0x00, 0x00, 0x00, 0x00, 0x00, 0x00, 0x00, 0x12, 0x00, 0x00,
  0x00, 0x00, 0x15, 0x11, 0x00, 0x15, 0x00, 0x00, 0x00, 0x00, 0x00, 0x13,
  0x00, 0x00, 0x1d, 0x00, 0x00, 0x00, 0x00, 0x00, 0x11, 0x00, 0x00, 0x00,
  0x00, 0x00, 0x0e, 0x00, 0x00, 0x10, 0x00, 0x00, 0x00, 0x00, 0x00, 0x00,
  0x00, 0x00, 0x00, 0x00, 0xff, 0x00, 0x1e, 0x00, 0x0d, 0x00, 0x00, 0x00,
  0x00, 0x00, 0x00, 0x00, 0x00, 0x00, 0x00, 0x00, 0x18, 0x00, 0x00, 0x00,
  0x1a, 0x00, 0x20, 0x00, 0x00, 0x00, 0x00, 0x00, 0x1e, 0x00, 0x00, 0x00,
  0x00, 0x00, 0x00, 0x00, 0x00, 0x00, 0x00, 0x0b, 0x00, 0xce, 0xfe, 0x00,
  0x00, 0x11, 0xe2, 0x00, 0x00, 0x00, 0x15, 0x00, 0x0b, 0xc8, 0x04, 0x00,
  0x00, 0x00, 0x00, 0x00, 0x00, 0x00, 0x00, 0x00, 0x00, 0x00, 0xfd, 0xfe,
  0x00, 0x00, 0xe5, 0x00, 0x03, 0x00, 0x00, 0x00, 0x00, 0x00, 0x00, 0x00,
  0x00, 0x00, 0x00, 0x00, 0x00, 0x00, 0x00, 0x00, 0x00, 0x00, 0x00, 0x00,
  0x00, 0x00, 0x00, 0x00, 0x00, 0x00, 0x00, 0x00, 0x00, 0x00, 0x00, 0x08,
  0xd0, 0x00, 0x00, 0x00, 0x00, 0x00, 0x00, 0x18, 0x00, 0x00, 0x00, 0x00,
  0x00, 0x00, 0x00, 0x00, 0xff, 0x00, 0x00, 0x00, 0x00, 0x00, 0xf9, 0x00,
  0x00, 0x00, 0x11, 0x00, 0x00, 0x00, 0x00, 0x00, 0x00, 0xd9, 0x00, 0x00,
  0x00, 0x15, 0x0d, 0x00, 0xfb, 0x00, 0x00, 0x00, 0x00, 0x00, 0x00, 0x00,
  0xd8, 0x00, 0x00, 0xdc, 0x00, 0x00, 0x00, 0x12, 0x17, 0x00, 0x00, 0x00,
  0x00, 0x00, 0x00, 0x00, 0xfd, 0x00, 0x00, 0x00, 0x00, 0x00, 0x00, 0x00,
  0x00, 0x00, 0x00, 0x00, 0x00, 0x00, 0x00, 0x1f, 0x05, 0x00, 0x06, 0x00,
  0x00, 0x13, 0x00, 0x00, 0x00, 0x00, 0x00, 0x00, 0x00, 0x00, 0x05, 0x00,
  0x00, 0x12, 0x00, 0x00, 0x00, 0x00, 0x00, 0x00, 0x00, 0x00, 0x00, 0x00,
  0x00, 0x00, 0x00, 0x00, 0x00, 0x00, 0x00, 0x00, 0x00, 0x00, 0x00, 0x00,
  0x00, 0x00, 0x00, 0x00, 0x00, 0x00, 0x00, 0x00, 0x06, 0x00, 0x00, 0x00,
  0x00, 0x00, 0x00, 0x00, 0x00, 0x00, 0x00, 0x00, 0x00, 0x00, 0x00, 0x00,
  0x00, 0x00, 0x00, 0x00, 0x00, 0x00, 0x00, 0x00, 0x00, 0x00, 0x00, 0x00,
  0x00, 0x00, 0x00, 0x00, 0x00, 0x00, 0x00, 0x00, 0x00, 0x00, 0xff, 0x00,
  0xe5, 0x21, 0x00, 0xd3, 0x00, 0xff, 0x00, 0x00, 0x00, 0x00, 0x00, 0x00,
  0x00, 0x00, 0x00, 0x00, 0x00, 0x04, 0x00, 0x13, 0x00, 0x00, 0x00, 0x00,
  0x00, 0x00, 0x00, 0x00, 0x00, 0x00, 0x00, 0x00, 0x00, 0x00, 0x00, 0x00,
  0x00, 0x00, 0x00, 0x00, 0x00, 0x00, 0x00, 0x00, 0x00, 0x00, 0x00, 0x00,
  0x00, 0x13, 0x00, 0x00, 0x00, 0x00, 0x00, 0x00, 0x00, 0x00, 0xfd, 0x00,
  0x00, 0x00, 0xdd, 0xec, 0x00, 0x00, 0x00, 0x00, 0x00, 0x00, 0x00, 0x00,
  0x00, 0x15, 0x00, 0x00, 0xfc, 0x00, 0x00, 0x00, 0x00, 0x00, 0xfc, 0x00,
  0x00, 0x00, 0x00, 0x00, 0x00, 0x00, 0x00, 0x00, 0x00, 0xdd, 0x00, 0x00,
  0x00, 0x00, 0x10, 0x00, 0x00, 0x00, 0x00, 0x00, 0x00, 0x00, 0xf6, 0x00,
  0x00, 0x00, 0x00, 0x00, 0xfa, 0x00, 0x00, 0x00, 0x00, 0x00, 0x00, 0x00,
  0xcf, 0x1e, 0x00, 0x00, 0x00, 0x09, 0x00, 0x13, 0x00, 0x00, 0x00, 0x00,
  0x00, 0x0a, 0xfe, 0x00, 0x00, 0x00, 0x10, 0x00, 0x00, 0x00, 0x08, 0x0b,
  0x00, 0x00, 0x00, 0x00, 0x06, 0x00, 0x00, 0x0f, 0x00, 0x00, 0xf6, 0x00,
  0xfd, 0x00, 0x00, 0x00, 0x00, 0x09, 0x00, 0x00, 0x00, 0x00, 0x00, 0x00,
  0x00, 0x00, 0x00, 0x00, 0x00, 0x00, 0x12, 0x00, 0x00, 0x00, 0x00, 0x00,
  0x00, 0x00, 0x09, 0x00, 0x00, 0x00, 0x00, 0x14, 0x00, 0x00, 0x00, 0x00,
  0x00, 0x00, 0x00, 0x00, 0x00, 0x00, 0x00, 0x0f, 0x00, 0x00, 0x00, 0xf6,
  0x13, 0x00, 0x0e, 0x00, 0x00, 0xf8, 0x00, 0x00, 0x00, 0x00, 0x00, 0x00,
  0xd4, 0x00, 0x00, 0x00, 0xff, 0x00, 0x13, 0x00, 0x00, 0x00, 0x00, 0x00,
  0x00, 0x00, 0x08, 0x00, 0x00, 0x00, 0x00, 0x00, 0x00, 0x00, 0x00, 0x00,
  0x00, 0x00, 0x00, 0x00, 0x00, 0x00, 0x00, 0x14, 0x00, 0x00, 0x00, 0x00,
  0x00, 0x00, 0x12, 0xf9, 0x00, 0x00, 0x00, 0x00, 0x10, 0x00, 0x00, 0x00,
  0x00, 0x00, 0x00, 0x00, 0xf9, 0x00, 0x00, 0x00, 0x00, 0x00, 0x00, 0x00,
  0x00, 0x00, 0x00, 0x00, 0xfb, 0x00, 0x00, 0x0f, 0x0e, 0x00, 0x00, 0x00,
  0x00, 0x00, 0x00, 0x00, 0x00, 0x00, 0x00, 0x0e, 0x00, 0x00, 0x00, 0x00,
  0xe3, 0x00, 0x00, 0x00, 0x00, 0x00, 0x00, 0x00, 0x00, 0x00, 0x00, 0x00,
  0xdc, 0x00, 0x00, 0x00, 0xf9, 0x00, 0x00, 0x00, 0x09, 0x00, 0xfd, 0x00,
  0x00, 0x11, 0x00, 0x00, 0x00, 0x00, 0x00, 0x0c, 0x00, 0x00, 0x00, 0x00,
  0x00, 0x18, 0x00, 0x00, 0x00, 0x00, 0x00, 0x10, 0x00, 0x00, 0x00, 0x00,
  0x00, 0x00, 0x00, 0xd5, 0xfe, 0x00, 0x00, 0x00, 0x00, 0x00, 0x00, 0x00,
  0x00, 0x13, 0x00, 0xee, 0x00, 0x00, 0x00, 0x00, 0x00, 0x00, 0x00, 0x00,
  0x00, 0x00, 0x00, 0x00, 0x00, 0x00, 0x00, 0x00, 0x00, 0x00, 0x00, 0xef,
  0xf0, 0x00, 0x00, 0x00, 0x00, 0x0f, 0x00, 0x00, 0xef, 0x00, 0x00, 0x00,
  0x00, 0x00, 0x00, 0x00, 0x00, 0x00, 0x00, 0x00, 0x00, 0x00, 0x00, 0x00,
  0xf0, 0x12, 0x00, 0x00, 0x11, 0x00, 0x00, 0x00, 0x00, 0x00, 0x00, 0x00,
  0x00, 0x00, 0xee, 0xec, 0x00, 0x00, 0xef, 0x00, 0x00, 0x00, 0x00, 0x00,
  0x00, 0x11, 0x00, 0x00, 0x10, 0x00, 0x00, 0x00, 0x00, 0xf1, 0x0f, 0x00,
  0x00, 0x00, 0x00, 0x00, 0x00, 0x00, 0x00, 0x00, 0x00, 0x00, 0x00, 0x00,
  0x00, 0x00, 0x00, 0xee, 0x00, 0x00, 0x00, 0x00, 0x00, 0x00, 0x00, 0xef,
  0x00, 0x00, 0x00, 0x00, 0x00, 0x00, 0xf0, 0x13, 0x00, 0x00, 0x00, 0x00,
  0x00, 0x13, 0x00, 0x00, 0x00, 0x00, 0x00, 0x00, 0x00, 0x00, 0x00, 0x00,
  0x00, 0x11, 0x00, 0x00, 0x00, 0x00, 0x00, 0x00, 0x00, 0x00, 0x00, 0x00,
  0xef, 0x00, 0x00, 0x00, 0x00, 0x00, 0x00, 0x00, 0x00, 0xf0, 0x00, 0xef,
  0x00, 0x00, 0x00, 0x00, 0x10, 0x00, 0x00, 0x00, 0x00, 0x00, 0x11, 0x00,
  0x00, 0x00, 0x00, 0x00, 0x00, 0x00, 0x00, 0x00, 0x00, 0x00, 0x0f, 0x00,
  0xef, 0x00, 0x00, 0x00, 0x00, 0x00, 0x00, 0x00, 0x00, 0x00, 0x12, 0x00,
  0x00, 0x00, 0x00, 0x00, 0x00, 0x00, 0x00, 0x00, 0x00, 0x00, 0x11, 0x00,
  0xef, 0x10, 0x00, 0x00, 0x10, 0x00, 0x00, 0x00, 0x00, 0x00, 0x00, 0x00,
  0x00, 0x00, 0x00, 0x00, 0x15, 0xee, 0x00, 0x00, 0x00, 0x00, 0x00, 0x00,
  0x00, 0x00, 0xf1, 0x00, 0x00, 0x00, 0x00, 0x00, 0x00, 0x00, 0x00, 0x00,
  0x00, 0x00, 0x00, 0x00, 0x00, 0x00, 0x00, 0x00, 0x00, 0x00, 0x00, 0xf0,
  0x00, 0x00, 0x00, 0x00, 0x00, 0x00, 0xef, 0x00, 0x00, 0xec, 0x00, 0x00,
  0x00, 0x00, 0x00, 0x00, 0x00, 0x00, 0xf1, 0x00, 0x00, 0x00, 0x00, 0x00,
  0x00, 0x00, 0x00, 0x00, 0x12, 0x00, 0x00, 0x00, 0x00, 0x00, 0x00, 0x00,
  0x00, 0x10, 0x00, 0xee, 0x00, 0x00, 0x00, 0x14, 0x00, 0x00, 0x00, 0x00,
  0x00, 0x00, 0xef, 0xef, 0x13, 0x00, 0x00, 0x00, 0x00, 0x00, 0x00, 0xef,
  0xef, 0x0f, 0x00, 0x00, 0x00, 0x00, 0x00, 0x00, 0x00, 0x00, 0x00, 0x00,
  0x00, 0x00, 0x00, 0x00, 0x11, 0x00, 0x00, 0x00, 0x00, 0x00, 0x00, 0x00,
  0xef, 0x00, 0x00, 0x00, 0x00, 0x00, 0x00, 0x00, 0x00, 0x00, 0x00, 0x00,
  0x00, 0x12, 0x00, 0xf0, 0x16, 0x00, 0x00, 0x00, 0x00, 0xf0, 0x00, 0x00,
  0x00, 0x00, 0x00, 0x00, 0x15, 0x00, 0x00, 0x10, 0x00, 0xec, 0x00, 0x00,
  0x00, 0x00, 0xf0, 0x00, 0x12, 0x00, 0x00, 0x00, 0x00, 0x00, 0x00, 0x00,
  0x00, 0x00, 0x00, 0x00, 0x11, 0x00, 0x00, 0x00, 0x00, 0x00, 0x00, 0x00,
  0x00, 0x0f, 0x00, 0x00, 0x00, 0x00, 0x00, 0x00, 0x00, 0x00, 0x00, 0x00,
  0xef, 0x00, 0x00, 0x00, 0x00, 0xee, 0x00, 0x00, 0x00, 0x00, 0x12, 0x00,
  0x00, 0x00, 0x00, 0x00, 0x00, 0x00, 0x00, 0x00, 0x00, 0x00, 0x00, 0x00,
  0x00, 0x00, 0x00, 0xf0, 0x00, 0x00, 0x00, 0x00, 0xf1, 0x00, 0x11, 0x0f,
  0x00, 0x00, 0x00, 0x00, 0x13, 0x00, 0x00, 0x00, 0x00, 0x00, 0x12, 0x00,
  0x00, 0x00, 0x00, 0xee, 0x10, 0x00, 0x00, 0x00, 0x00, 0x00, 0x00, 0x00,
  0x00, 0x00, 0x00, 0x00, 0x00, 0x00, 0x00, 0x00, 0x00, 0x00, 0x00, 0x00,
  0x00, 0x00, 0x00, 0x00, 0x00, 0x00, 0xf2, 0x00, 0x00, 0xec, 0x00, 0x00,
  0x00, 0x10, 0x00, 0x00, 0x00, 0xef, 0x00, 0x10, 0x00, 0x00, 0x00, 0x00,
  0x00, 0x00, 0x00, 0x00, 0x13, 0xf0, 0x00, 0x00, 0x00, 0x00, 0x00, 0x00,
  0x00, 0x00, 0x00, 0x00, 0x00, 0x00, 0xf1, 0x00, 0x00, 0x00, 0x00, 0x00,
  0x00, 0x00, 0x00, 0x00, 0x00, 0xec, 0x00, 0x00, 0x00, 0x00, 0x00, 0x00,
  0x00, 0x11, 0x00, 0x00, 0x00, 0xf0, 0x00, 0x00, 0x00, 0x00, 0x00, 0x00,
  0x00, 0x00, 0x00, 0x00, 0x10, 0x00, 0x00, 0x0e, 0x00, 0xee, 0x00, 0x00,
  0x00, 0x00, 0x00, 0x00, 0x15, 0x00, 0x00, 0x00, 0x0f, 0x00, 0x00, 0xf1,
  0x00, 0x00, 0xf1, 0x00, 0x15, 0x00, 0x00, 0x00, 0x00, 0xee, 0x10, 0x00,
  0xf0, 0x00, 0x00, 0x00, 0x00, 0x00, 0x00, 0x12, 0xf1, 0x00, 0x00, 0x00,
  0x00, 0x00, 0x3a, 0xe1, 0x0a, 0xde, 0x00, 0x00, 0x2c, 0xe4, 0x16, 0xd5,
  0x00, 0x00, 0x38, 0x00, 0x23, 0x00, 0x19, 0x00, 0x27, 0x00, 0x00, 0x00,
  0x00, 0x00, 0x00, 0xd9, 0x0d, 0xd8, 0x00, 0x00, 0x00, 0xe2, 0x2a, 0x00,
  0xfb, 0x00, 0x00, 0x00, 0x21, 0xdb, 0x00, 0x00, 0x00, 0x00, 0x1d, 0x00,
  0x1a, 0xed, 0x0f, 0x00, 0x00, 0x00, 0x00, 0x00, 0x00, 0x00, 0x13, 0x00,
  0x20, 0x00, 0x00, 0x00, 0x14, 0xe5, 0x00, 0x00, 0x04, 0xe2, 0x10, 0xe6,
  0x00, 0x00, 0x00, 0x00, 0x00, 0x00, 0x1c, 0x00, 0x00, 0x00, 0x10, 0x00,
  0xf8, 0x00, 0x00, 0x00, 0x00, 0x00, 0x00, 0x00, 0xe6, 0x00, 0x00, 0x00,
  0x00, 0x00, 0x00, 0x00, 0x00, 0x00, 0x00, 0x00, 0xe1, 0x1b, 0x00, 0x00,
  0x00, 0x00, 0xdf, 0x00, 0x00, 0xed, 0x00, 0x00, 0xdf, 0x00, 0x00, 0x00,
  0x14, 0x00, 0x00, 0x00, 0x00, 0x00, 0x00, 0x00, 0x00, 0x00, 0x00, 0x00,
  0x00, 0x14, 0x00, 0x00, 0x00, 0x00, 0x00, 0x00, 0xe7, 0x28, 0x00, 0x00,
  0x00, 0x00, 0xf3, 0x00, 0x00, 0x00, 0x00, 0x0f, 0x00, 0x00, 0x00, 0x00,
  0x00, 0x00, 0x00, 0x00, 0x00, 0xf1, 0x00, 0x1b, 0x0d, 0x00, 0x00, 0x00,
  0x00, 0x00, 0x11, 0x00, 0x00, 0x00, 0x00, 0x00, 0x22, 0x00, 0x00, 0x00,
  0x00, 0x00, 0x00, 0xf9, 0x00, 0x00, 0x00, 0x00, 0x00, 0x00, 0x00, 0xe9,
  0x0b, 0x00, 0x00, 0x00, 0x00, 0x00, 0x00, 0x00, 0x00, 0xec, 0x00, 0x00,
  0x00, 0x00, 0x00, 0x00, 0x00, 0xf5, 0x02, 0x00, 0x39, 0xed, 0x0c, 0x00,
  0x00, 0x00, 0x2e, 0x00, 0x14, 0xe2, 0x11, 0x00, 0x3d, 0x00, 0x17, 0xf3,
  0x00, 0x00, 0x39, 0xeb, 0x18, 0x00, 0x00, 0x00, 0x00, 0x00, 0x00, 0xe6,
  0x00, 0x00, 0x35, 0x00, 0x21, 0x00, 0xec, 0x00, 0x00, 0xe4, 0x00, 0x00,
  0x00, 0x19, 0x00, 0x00, 0x12, 0xec, 0x00, 0x07, 0x00, 0x00, 0x00, 0x00,
  0x0f, 0x00, 0x00, 0x00, 0x00, 0x00, 0x00, 0x00, 0x00, 0x00, 0x1e, 0x00,
  0x00, 0x00, 0x00, 0xf8, 0x00, 0x00, 0x00, 0x00, 0xf0, 0x00, 0x00, 0x00,
  0x0c, 0x00, 0x00, 0x00, 0x1b, 0x00, 0x00, 0x00, 0xfb, 0xf6, 0x00, 0x00,
  0x00, 0x00, 0x00, 0x00, 0x00, 0x00, 0x0e, 0x00, 0x00, 0x00, 0x00, 0x00,
  0x0c, 0x00, 0x00, 0x00, 0x10, 0x00, 0x00, 0x00, 0x00, 0x00, 0x00, 0x00,
  0x09, 0x00, 0x00, 0x00, 0x00, 0x00, 0x17, 0x00, 0x00, 0x00, 0xec, 0x00,
  0x00, 0x00, 0x00, 0x00, 0xe6, 0x00, 0x00, 0x00, 0x00, 0x00, 0x00, 0x00,
  0x00, 0x00, 0x00, 0x2a, 0x00, 0x00, 0x00, 0x00, 0x00, 0x00, 0x00, 0xed,
  0x1c, 0x00, 0x00, 0x2d, 0x00, 0x00, 0x00, 0x00, 0x01, 0x2f, 0x00, 0x00,
  0x00, 0x00, 0x0f, 0x00, 0xed, 0xee, 0x00, 0x20, 0x1b, 0x00, 0x00, 0x00,
  0x00, 0x00, 0x1c, 0x00, 0x00, 0xf0, 0x00, 0x00, 0x16, 0x00, 0x00, 0x00,
  0x00, 0x00, 0x17, 0x00, 0x00, 0x00, 0x00, 0x00, 0x00, 0x00, 0x00, 0x00,
  0x13, 0x00, 0x33, 0x00, 0x00, 0x00, 0xf1, 0x00, 0x2d, 0x00, 0x00, 0x00,
  0x00, 0x0f, 0x00, 0x00, 0x15, 0xea, 0x00, 0x00, 0x39, 0x00, 0x00, 0x00,
  0x06, 0xf1, 0x2d, 0x00, 0x1c, 0xe8, 0x13, 0xf1, 0x22, 0x00, 0x1f, 0xe6,
  0x11, 0x00, 0x24, 0x00, 0x1b, 0xdf, 0x00, 0x00, 0x00, 0x01, 0x23, 0x00,
  0x00, 0x00, 0x00, 0xea, 0x1b, 0xeb, 0xea, 0x23, 0x1e, 0x00, 0x29, 0x00,
  0x00, 0x1c, 0x00, 0xf2, 0x1d, 0xee, 0x12, 0x00, 0x00, 0xfd, 0x00, 0xe6,
  0x00, 0x00, 0x00, 0x02, 0x00, 0xda, 0x00, 0x00, 0x00, 0x00, 0x00, 0x00,
  0x00, 0x00, 0x00, 0x02, 0x00, 0xe2, 0x00, 0x00, 0x00, 0x04, 0x00, 0x00,
  0x00, 0x00, 0x00, 0xfa, 0x00, 0x00, 0x00, 0x00, 0x00, 0x09, 0x00, 0x00,
  0x00, 0x00, 0xec, 0xff, 0x00, 0x00, 0x00, 0x00, 0xf2, 0x00, 0x00, 0x00,
  0x21, 0x00, 0xec, 0x00, 0xe8, 0x00, 0x16, 0x00, 0x00, 0x00, 0x00, 0x00,
  0x15, 0x00, 0x00, 0x0c, 0x00, 0x00, 0x00, 0x00, 0x00, 0x00, 0xe7, 0x00,
  0x00, 0x00, 0x00, 0x0b, 0x00, 0x00, 0x00, 0x0f, 0x00, 0x00, 0xe5, 0x19,
  0x00, 0x00, 0xde, 0x00, 0xe8, 0x00, 0x00, 0x00, 0x00, 0x00, 0xea, 0x00,
  0x00, 0x00, 0x00, 0x32, 0xd5, 0x00, 0x00, 0x00, 0x00, 0x32, 0xe1, 0x00,
  0x00, 0xf4, 0x00, 0x00, 0xe1, 0x00, 0x00, 0x00, 0x00, 0x00, 0x00, 0x00,
  0x00, 0x14, 0xc7, 0x67, 0xef, 0x00, 0x00, 0x10, 0xe4, 0x48, 0x00, 0x00,
  0x00, 0x00, 0xda, 0x52, 0xf1, 0x2b, 0x00, 0x00, 0xcc, 0x00, 0xf0, 0x2b,
  0x00, 0x00, 0x00, 0x00, 0xf0, 0x21, 0x00, 0x00, 0x00, 0x00, 0x00, 0x28,
  0x00, 0x00, 0x00, 0x00, 0x00, 0x23, 0x00, 0x00, 0xdf, 0x00, 0x00, 0x00,
  0x00, 0x00, 0xd8, 0x00, 0x00, 0x00, 0x15, 0x00, 0x00, 0x00, 0x00, 0x00,
  0x00, 0xf2, 0x00, 0x3b, 0x22, 0xf0, 0x00, 0x00, 0x00, 0x4b, 0x1d, 0xf1,
  0x19, 0x00, 0x00, 0x00, 0x19, 0xde, 0x00, 0x00, 0x00, 0x40, 0x00, 0xe8,
  0x00, 0x00, 0x00, 0x51, 0x00, 0xef, 0x00, 0x00, 0x00, 0x41, 0x00, 0x00,
  0x00, 0xec, 0xed, 0x3b, 0x00, 0xf5, 0x10, 0xed, 0xf0, 0x00, 0xf3, 0x00,
  0xf5, 0xf0, 0xef, 0x00, 0x00, 0x00, 0x00, 0x00, 0x00, 0xfe, 0xf3, 0x1b,
  0x00, 0xe9, 0xf7, 0x00, 0x00, 0x28, 0x00, 0x00, 0x00, 0x00, 0x00, 0x00,
  0x00, 0x00, 0xe8, 0x00, 0x00, 0x00, 0x00, 0x00, 0xd9, 0x00, 0x1b, 0x00,
  0x00, 0x00, 0xd1, 0x00, 0x00, 0x27, 0x00, 0x00, 0x00, 0xf1, 0x00, 0x28,
  0x00, 0x00, 0x00, 0x00, 0x22, 0x00, 0x1b, 0x00, 0x00, 0x00, 0x00, 0xfd,
  0x00, 0xea, 0x00, 0x00, 0x1a, 0x00, 0x00, 0x00, 0x00, 0x34, 0x1b, 0x00,
  0x00, 0x00, 0x00, 0x33, 0x00, 0xfc, 0x00, 0x00, 0xd9, 0x38, 0x00, 0xe8,
  0x15, 0xe8, 0xcd, 0x40, 0x00, 0x00, 0xfe, 0x00, 0x00, 0x32, 0x00, 0xf7,
  0x00, 0x00, 0x00, 0x33, 0x00, 0xed, 0x00, 0x00, 0x00, 0x2d, 0xe9, 0xf8,
  0x00, 0x00, 0x00, 0x3b, 0xf4, 0x00, 0x00, 0xeb, 0x00, 0x28, 0xeb, 0x00,
  0xf3, 0x00, 0x00, 0x00, 0x00, 0x22, 0xf1, 0x15, 0xd0, 0x00, 0xf4, 0x27,
  0x00, 0x00, 0x00, 0x00, 0xf6, 0x3c, 0x00, 0x00, 0x00, 0x00, 0x00, 0x2f,
  0x00, 0x00, 0x00, 0x00, 0x00, 0x2d, 0x17, 0x00, 0xd5, 0x25, 0x00, 0x00,
  0x00, 0xf2, 0xdc, 0x00, 0x00, 0x00, 0x00, 0xec, 0x00, 0x39, 0x00, 0x00,
  0x00, 0xe9, 0xe5, 0x38, 0x00, 0x00, 0x12, 0x00, 0x00, 0x23, 0x00, 0x00,
  0x1c, 0xe8, 0x00, 0x31, 0x00, 0xe0, 0x00, 0x00, 0x00, 0x36, 0x00, 0xe8,
  0x00, 0x12, 0x00, 0x23, 0x00, 0xec, 0x00, 0x00, 0xe8, 0x2f, 0x00, 0xe5,
  0x00, 0x00, 0x00, 0x24, 0xeb, 0xe8, 0x00, 0x00, 0x00, 0x1b, 0xef, 0xec,
  0xe6, 0x00, 0x05, 0x00, 0x00, 0x00, 0x00, 0x00, 0x00, 0x00, 0x00, 0x00,
  0x00, 0xf3, 0x00, 0x00, 0x00, 0x00, 0x00, 0x00, 0x00, 0x00, 0xea, 0x00,
  0x00, 0x00, 0x00, 0x00, 0xf5, 0x20, 0x00, 0x00, 0xe3, 0x00, 0x00, 0x2a,
  0x00, 0xea, 0xf0, 0x00, 0x00, 0x00, 0x00, 0xea, 0xd6, 0x00, 0x00, 0x00,
  0x00, 0x00, 0xe2, 0x00, 0x00, 0x00, 0x1c, 0xec, 0xde, 0x00, 0x1d, 0x00,
  0x00, 0xf0, 0x00, 0x00, 0x1d, 0x00, 0x00, 0xf2, 0x00, 0x23, 0x1c, 0x00,
  0x00, 0xeb, 0x00, 0x24, 0x00, 0xf3, 0x00, 0x00, 0x00, 0x00, 0x00, 0xf3,
  0x00, 0xdc, 0x00, 0x00, 0x00, 0x00, 0x00, 0x00, 0x00, 0x33, 0x00, 0xfa,
  0x00, 0x00, 0x00, 0x2f, 0xe9, 0xf1, 0x00, 0x00, 0xcd, 0x27, 0xe6, 0xfc,
  0x00, 0x00, 0x00, 0x2c, 0xe7, 0x00, 0x00, 0x00, 0x00, 0x00, 0xf1, 0x00,
  0xf7, 0x00, 0x00, 0x00, 0xf1, 0x2b, 0x00, 0x00, 0x00, 0x00, 0xeb, 0x2a,
  0x00, 0x00, 0x00, 0x00, 0x00, 0x25, 0xf8, 0x15, 0x00, 0x00, 0x00, 0x25,
  0x00, 0x23, 0x00, 0x00, 0x00, 0x32, 0x00, 0x0e, 0xd4, 0x00, 0x00, 0x00,
  0x00, 0x0f, 0x00, 0x00, 0x00, 0x00, 0x00, 0x00, 0x00, 0x2c, 0x00, 0x23,
  0x00, 0x00, 0x00, 0x27, 0x00, 0x00, 0x1c, 0x00, 0x00, 0x26, 0x00, 0x00,
  0x00, 0xe1, 0x00, 0x23, 0x00, 0x01, 0x00, 0x00, 0x06, 0x3b, 0x00, 0x00,
  0x00, 0xe9, 0x00, 0x14, 0x00, 0x00, 0x12, 0xd6, 0x00, 0x18, 0x00, 0x00,
  0x1c, 0xe4, 0x00, 0x00, 0x00, 0x03, 0x00, 0x00, 0x00, 0x00, 0x00, 0x00,
  0xf7, 0x00, 0x00, 0x00, 0xf4, 0x00, 0x00, 0x00, 0x00, 0x00, 0x00, 0x00,
  0xef, 0x00, 0x1a, 0x00, 0x00, 0x00, 0x00, 0x00, 0x15, 0x00, 0x00, 0x00,
  0x00, 0x00, 0x00, 0x10, 0x00, 0x28, 0x00, 0x00, 0xed, 0x00, 0x00, 0x00,
  0x00, 0x00, 0x00, 0x00, 0x00, 0x00, 0x00, 0xee, 0x00, 0x00, 0x23, 0x28,
  0x00, 0xee, 0x00, 0x00, 0x00, 0x27, 0x00, 0x00, 0x00, 0x00, 0x2c, 0x26,
  0x00, 0x00, 0x00, 0x00, 0xd7, 0x00, 0x00, 0x00, 0x00, 0xa7, 0x00, 0x00,
  0x00, 0x00, 0x00, 0x00, 0xd9, 0xdd, 0x00, 0x00, 0x00, 0x00, 0x00, 0x00,
  0x00, 0x00, 0x00, 0x00, 0x00, 0xe1, 0x00, 0x00, 0x00, 0x00, 0x00, 0x00,
  0x00, 0x00, 0x00, 0xaa, 0x00, 0x00, 0x00, 0x00, 0x00, 0xab, 0x00, 0x00,
  0x00, 0x00, 0x00, 0x00, 0x00, 0x00, 0x00, 0x00, 0x2b, 0x00, 0x00, 0x00,
  0x00, 0x00, 0x00, 0x00, 0x00, 0x00, 0x00, 0x00, 0x00, 0x00, 0x00, 0x00,
  0x00, 0x00, 0x1a, 0x00, 0x00, 0xd9, 0x00, 0x00, 0x20, 0x00, 0x00, 0x00,
  0x00, 0x00, 0x23, 0x00, 0x00, 0x00, 0xe5, 0x00, 0x00, 0x00, 0x00, 0x00,
  0x00, 0x00, 0x00, 0x00, 0x00, 0x00, 0x00, 0x00, 0xe9, 0x00, 0x00, 0x00,
  0x00, 0x00, 0x00, 0x00, 0x00, 0x00, 0x00, 0x00, 0xeb, 0xb9, 0x00, 0xde,
  0x00, 0xf7, 0x00, 0x00, 0x00, 0x00, 0x00, 0x00, 0x00, 0x00, 0x00, 0x00,
  0x00, 0x00, 0x00, 0x00, 0x00, 0x00, 0x00, 0x00, 0x00, 0x00, 0x00, 0x00,
  0x00, 0x00, 0xf1, 0xbd, 0x00, 0x00, 0x00, 0x00, 0x18, 0x00, 0x00, 0x00,
  0x00, 0x00, 0x00, 0x00, 0x00, 0xe1, 0x02, 0x00, 0x00, 0x00, 0x00, 0x00,
  0x00, 0x00, 0x00, 0x00, 0x00, 0x00, 0x00, 0xf2, 0x00, 0x00, 0x00, 0x00,
  0x00, 0x00, 0x00, 0x00, 0x00, 0x00, 0x00, 0x00, 0x00, 0x00, 0x00, 0x00,
  0x00, 0x00, 0xe7, 0x00, 0x00, 0x00, 0x00, 0x00, 0x00, 0x00, 0x00, 0x00,
  0x00, 0x00, 0x00, 0x00, 0x00, 0x00, 0x00, 0x00, 0x00, 0x00, 0x00, 0x00,
  0x00, 0x00, 0xee, 0x00, 0x00, 0x00, 0x00, 0xf9, 0xec, 0x00, 0x00, 0x00,
  0x00, 0xf4, 0x00, 0x00, 0xde, 0xe5, 0x00, 0x00, 0x00, 0x00, 0x00, 0x00,
  0x00, 0x00, 0x00, 0x00, 0x00, 0x00, 0x00, 0x00, 0x0c, 0x00, 0xe0, 0x00,
  0x00, 0x00, 0x00, 0x00, 0x00, 0x00, 0xdf, 0x00, 0x00, 0x00, 0xdc, 0x00,
  0x00, 0x00, 0x00, 0x00, 0x00, 0x00, 0x00, 0x00, 0x00, 0x00, 0xde, 0x00,
  0x00, 0xf8, 0x00, 0x00, 0xe0, 0x00, 0x00, 0xf9, 0x32, 0x00, 0x00, 0x00,
  0x00, 0xf9, 0x00, 0x00, 0x00, 0x00, 0x00, 0x00, 0x00, 0x00, 0x00, 0x00,
  0x00, 0x00, 0x00, 0x00, 0x00, 0x00, 0x00, 0x00, 0x00, 0x00, 0x00, 0x00,
  0x00, 0x00, 0x00, 0x00, 0x00, 0x00, 0x00, 0x00, 0x00, 0x00, 0x00, 0x00,
  0x00, 0x00, 0x00, 0x00, 0x00, 0xdb, 0x00, 0x00, 0x15, 0x00, 0x00, 0x00,
  0x00, 0x00, 0x00, 0x00, 0x00, 0x00, 0x00, 0x00, 0x00, 0x00, 0x00, 0x00,
  0x00, 0x00, 0x00, 0xdd, 0x00, 0x00, 0x00, 0x00, 0x00, 0x00, 0x00, 0x00,
  0x00, 0x00, 0x00, 0x00, 0x00, 0x00, 0x00, 0x00, 0x00, 0x00, 0x00, 0xdf,
  0x00, 0x00, 0x00, 0x00, 0x00, 0x00, 0x00, 0x00, 0x00, 0x00, 0x00, 0x00,
  0x00, 0x00, 0x00, 0x00, 0x00, 0x00, 0x00, 0x00, 0x00, 0xe5, 0x00, 0x00,
  0x00, 0x00, 0x00, 0x00, 0x00, 0x00, 0x00, 0x00, 0x00, 0x00, 0x00, 0x00,
  0x00, 0x00, 0x00, 0x00, 0x00, 0x00, 0x00, 0xf1, 0x00, 0x00, 0x00, 0x00,
  0xf9, 0x00, 0xed, 0x00, 0x00, 0x00, 0x00, 0x00, 0x00, 0x00, 0x00, 0x00,
  0x00, 0x00, 0x00, 0x00, 0x00, 0x00, 0x00, 0x00, 0x24, 0x00, 0x00, 0xdc,
  0x00, 0xf6, 0x00, 0x00, 0x00, 0x00, 0x00, 0x00, 0x00, 0x00, 0x00, 0x00,
  0x00, 0x00, 0x00, 0x00, 0x00, 0x00, 0x00, 0x00, 0x00, 0x00, 0x00, 0x00,
  0x00, 0xf7, 0x00, 0x00, 0x00, 0x00, 0x00, 0x00, 0x00, 0x00, 0x00, 0x00,
  0x00, 0x00, 0x00, 0x00, 0x00, 0x00, 0x00, 0x00, 0x12, 0x00, 0x00, 0x00,
  0x00, 0x00, 0x34, 0x00, 0xe3, 0x00, 0x00, 0x00, 0x00, 0x00, 0xe5, 0x00,
  0x00, 0xfa, 0x00, 0x00, 0x00, 0x00, 0xd7, 0x00, 0x00, 0x00, 0xe7, 0x00,
  0x00, 0x00, 0x00, 0x00, 0xe7, 0x00, 0x00, 0x00, 0x00, 0x00, 0xe4, 0x00,
  0x00, 0x00, 0x00, 0x00, 0x00, 0xd2, 0x00, 0x00, 0x00, 0x00, 0x00, 0x00,
  0x00, 0x00, 0x0a, 0x00, 0x00, 0x00, 0x00, 0x00, 0x00, 0x00, 0xe3, 0xd2,
  0x00, 0x00, 0x00, 0x00, 0x00, 0x00, 0x00, 0x00, 0x00, 0x00, 0x00, 0x00,
  0x00, 0x00, 0x00, 0x00, 0x00, 0x00, 0x00, 0x00, 0x00, 0x00, 0xdf, 0x00,
  0x00, 0x00, 0x00, 0x00, 0x00, 0x00, 0x00, 0x00, 0x00, 0x00, 0x00, 0x00,
  0x00, 0x00, 0x00, 0x00, 0x00, 0xd1, 0x00, 0x00, 0xea, 0x00, 0x00, 0x00,
  0x00, 0x00, 0x00, 0x00, 0x00, 0x00, 0x00, 0x00, 0x0d, 0x00, 0x06, 0x00,
  0x00, 0x00, 0x00, 0x00, 0x06, 0x00, 0x00, 0x00, 0x14, 0xfd, 0x06, 0x00,
  0x00, 0x00, 0x14, 0xf1, 0x00, 0x00, 0x00, 0x00, 0x1c, 0x00, 0x00, 0x00,
  0x00, 0x00, 0x0f, 0x00, 0x00, 0x00, 0x00, 0x00, 0x17, 0x00, 0x05, 0x00,
  0x00, 0x00, 0x00, 0x00, 0x00, 0xf2, 0x00, 0x00, 0x15, 0x00, 0x00, 0x00,
  0x00, 0x00, 0x00, 0x00, 0x00, 0x00, 0x00, 0x00, 0x24, 0x1c, 0x0e, 0x00,
  0x00, 0x00, 0x00, 0x15, 0x00, 0x00, 0x00, 0x00, 0x00, 0x00, 0x12, 0x00,
  0x00, 0x00, 0x00, 0x16, 0x00, 0x00, 0x00, 0x00, 0x00, 0x15, 0x00, 0x00,
  0x00, 0x00, 0xfd, 0x11, 0x00, 0x00, 0x04, 0x00, 0x00, 0x00, 0x00, 0x00,
  0x00, 0xde, 0x00, 0x00, 0x00, 0x00, 0x00, 0xde, 0x00, 0x13, 0x00, 0x00,
  0x00, 0xdc, 0x00, 0x1b, 0x00, 0x00, 0x00, 0x00, 0xfb, 0x0b, 0x00, 0x00,
  0x00, 0x00, 0x00, 0x00, 0x00, 0x00, 0x00, 0x00, 0x00, 0x00, 0x00, 0x00,
  0x00, 0x00, 0x00, 0x09, 0x00, 0x00, 0x00, 0x00, 0x00, 0x00, 0x00, 0x00,
  0x00, 0x00, 0x00, 0x00, 0x00, 0x1d, 0x00, 0x00, 0x00, 0xde, 0x00, 0x1e,
  0x00, 0x00, 0x00, 0xd9, 0x00, 0x14, 0x00, 0x00, 0xe2, 0x00, 0x00, 0x00,
  0x00, 0x00, 0xe0, 0x00, 0x00, 0x00, 0x00, 0x00, 0x00, 0x00, 0x00, 0x00,
  0x00, 0x00, 0x00, 0xe8, 0x00, 0x00, 0x00, 0x00, 0x00, 0x00, 0x00, 0x00,
  0x00, 0x00, 0x00, 0xed, 0x15, 0x00, 0x00, 0x00, 0x00, 0xd7, 0x00, 0x18,
  0x00, 0x21, 0x00, 0xe9, 0x00, 0x00, 0x00, 0x27, 0x00, 0xd2, 0x0d, 0x1a,
  0x00, 0x2f, 0x00, 0xdf, 0x08, 0x00, 0x00, 0x2e, 0xed, 0xe3, 0x00, 0x00,
  0x00, 0x1c, 0x00, 0xd6, 0x08, 0x00, 0x00, 0x00, 0x00, 0xdf, 0x00, 0x00,
  0xda, 0x00, 0x00, 0xec, 0x00, 0x00, 0x00, 0x00, 0x00, 0x00, 0x09, 0x00,
  0xe3, 0x00, 0x00, 0x19, 0x00, 0x00, 0x00, 0x00, 0x00, 0x00, 0x00, 0x00,
  0x00, 0x00, 0xca, 0x00, 0x00, 0x00, 0x00, 0x00, 0xdf, 0x17, 0x10, 0x29,
  0x0f, 0x00, 0xda, 0x00, 0x00, 0x25, 0x00, 0x00, 0xe5, 0x13, 0x00, 0x1c,
  0x00, 0x00, 0xeb, 0x14, 0x00, 0x29, 0x00, 0x00, 0xe9, 0x00, 0x00, 0x2d,
  0x00, 0x00, 0xe6, 0x0f, 0x00, 0x00, 0x00, 0x00, 0xea, 0x0e, 0x00, 0x22,
  0x00, 0x00, 0xef, 0x1a, 0x00, 0x00, 0x00, 0x00, 0xf2, 0x0d, 0x00, 0x1d,
  0x00, 0x00, 0xf8, 0x16, 0x00, 0x00, 0x00, 0x00, 0xfb, 0x00, 0x00, 0x23,
  0x00, 0x00, 0x00, 0x05, 0x00, 0x26, 0x17, 0x00, 0x00, 0x19, 0x00, 0x1f,
  0x00, 0x00, 0x00, 0x00, 0x00, 0x24, 0x00, 0x00, 0x13, 0x00, 0x00, 0x00,
  0x00, 0x00, 0x00, 0x00, 0x00, 0x00, 0x00, 0x00, 0x12, 0x00, 0x18, 0x21,
  0x00, 0x00, 0x00, 0xe7, 0x15, 0x00, 0x00, 0x00, 0x00, 0x00, 0x00, 0x00,
  0x00, 0x00, 0x00, 0x10, 0x00, 0x00, 0x00, 0x00, 0x16, 0x00, 0x10, 0x00,
  0x00, 0x00, 0x00, 0x00, 0x00, 0x00, 0x00, 0x00, 0x00, 0x00, 0x00, 0x22,
  0x00, 0x00, 0x00, 0x00, 0x00, 0x25, 0x00, 0x00, 0x00, 0x00, 0x00, 0x29,
  0x00, 0x00, 0x00, 0x00, 0x0d, 0x25, 0x00, 0x00, 0x00, 0xe5, 0x00, 0x00,
  0x00, 0x00, 0x00, 0xdd, 0x00, 0x33, 0x00, 0x0d, 0x00, 0xdc, 0x00, 0x2d,
  0x00, 0x0f, 0x00, 0xe3, 0x00, 0x00, 0x00, 0x00, 0x00, 0xed, 0x00, 0x00,
  0x00, 0x00, 0x00, 0x00, 0x00, 0x25, 0x00, 0x00, 0x00, 0x0c, 0x13, 0x00,
  0x00, 0x00, 0x0f, 0x00, 0x0f, 0x00, 0x00, 0x00, 0x00, 0x11, 0x00, 0x00,
  0x00, 0x00, 0x00, 0x00, 0x00, 0x00, 0x00, 0x00, 0x00, 0x00, 0x00, 0x00,
  0x00, 0x00, 0x00, 0x00, 0x00, 0x00, 0x00, 0x00, 0x00, 0x06, 0x00, 0x00,
  0x00, 0x00, 0x00, 0x00, 0x0e, 0x00, 0x00, 0x00, 0x00, 0x00, 0x00, 0x00,
  0x00, 0x00, 0x00, 0x00, 0x00, 0xf0, 0x00, 0x00, 0x00, 0x00, 0x00, 0x00,
  0x00, 0x00, 0x00, 0x00, 0x00, 0x00, 0x00, 0x00, 0x00, 0x00, 0x00, 0x00,
  0x00, 0x00, 0x00, 0x00, 0xea, 0x00, 0x00, 0x00, 0x00, 0xff, 0xe9, 0x00,
  0x0b, 0x00, 0xf4, 0x00, 0x00, 0x00, 0x16, 0x00, 0xfa, 0xda, 0x00, 0x00,
  0x00, 0x00, 0xf1, 0x00, 0x00, 0x00, 0x00, 0x00, 0x00, 0xda, 0x00, 0x1b,
  0x00, 0x00, 0x00, 0xde, 0x00, 0x00, 0x00, 0x00, 0x00, 0xcf, 0x14, 0x00,
  0x20, 0xef, 0x00, 0x00, 0x00, 0x00, 0x00, 0xea, 0x00, 0x21, 0x00, 0x00,
  0x00, 0xee, 0x00, 0x00, 0x00, 0x00, 0x00, 0x00, 0x00, 0x00, 0x00, 0x00,
  0x00, 0x00, 0x00, 0xf1, 0x00, 0x00, 0x00, 0x00, 0x00, 0x00, 0x00, 0x00,
  0x00, 0x00, 0xfa, 0xf0, 0x00, 0x00, 0x00, 0x1d, 0x00, 0x00, 0x00, 0x00,
  0x00, 0x00, 0x00, 0x00, 0x00, 0x00, 0x00, 0x00, 0x1e, 0x00, 0x00, 0xde,
  0x00, 0x00, 0x19, 0xf5, 0x00, 0xe5, 0x00, 0x00, 0x14, 0x00, 0x00, 0xdc,
  0x00, 0x00, 0x09, 0x00, 0x00, 0x00, 0x00, 0x00, 0x0b, 0x00, 0x00, 0x00,
  0xf8, 0x00, 0x11, 0x22, 0x00, 0x00, 0x16, 0x00, 0x00, 0x00, 0x00, 0xe2,
  0x00, 0xeb, 0x00, 0x00, 0x00, 0x00, 0x00, 0x00, 0x00, 0x00, 0x00, 0xeb,
  0x00, 0x00, 0x00, 0x00, 0x00, 0x00, 0x00, 0x00, 0x00, 0x00, 0xef, 0x00,
  0x15, 0x00, 0x00, 0x00, 0x00, 0x00, 0x00, 0x00, 0x00, 0x00, 0x00, 0x00,
  0x00, 0x00, 0x00, 0x00, 0x00, 0x00, 0x00, 0x00, 0x00, 0x00, 0x00, 0x00,
  0x00, 0x00, 0xe4, 0xf6, 0x00, 0x00, 0x00, 0x00, 0x00, 0x00, 0x00, 0x00,
  0x00, 0x00, 0x00, 0x00, 0x00, 0x00, 0x00, 0x00, 0x00, 0x00, 0x00, 0x00,
  0x00, 0x00, 0x0d, 0x00, 0x00, 0x00, 0x00, 0x00, 0x00, 0x2c, 0x00, 0x00,
  0x00, 0x00, 0x0d, 0x00, 0x00, 0xdd, 0x00, 0x00, 0x00, 0x00, 0x00, 0xe7,
  0x00, 0x00, 0x00, 0x00, 0x00, 0xe8, 0x00, 0x00, 0x00, 0x00, 0x00, 0x00,
  0x00, 0x00, 0x00, 0x00, 0x00, 0x00, 0x00, 0x00, 0x00, 0x00, 0x00, 0x00,
  0x00, 0x00, 0x0d, 0x20, 0x00, 0x00, 0x00, 0xf3, 0x00, 0x1f, 0x00, 0x00,
  0x00, 0x00, 0x00, 0x00, 0x00, 0xe8, 0x00, 0x00, 0x00, 0xfe, 0xf1, 0x00,
  0x00, 0x00, 0x00, 0xf9, 0x00, 0x00, 0x00, 0x00, 0x00, 0x00, 0x00, 0x00,
  0x00, 0x00, 0x00, 0xfa, 0x00, 0x00, 0x00, 0x00, 0x00, 0x00, 0x00, 0x00,
  0x00, 0x00, 0x00, 0x00, 0x19, 0x00, 0xf2, 0x00, 0x08, 0x00, 0x00, 0x00,
  0x00, 0x00, 0x00, 0x00, 0x00, 0x00, 0x00, 0x00, 0x00, 0x00, 0x00, 0xe4,
  0x00, 0x00, 0x00, 0x00, 0x00, 0x00, 0x00, 0x00, 0x00, 0x00, 0x00, 0x00,
  0xfb, 0x00, 0x00, 0x00, 0x19, 0x00, 0x00, 0x00, 0xe4, 0x00, 0x00, 0x00,
  0xf7, 0x00, 0xed, 0x21, 0xf6, 0xe4, 0x00, 0x00, 0x00, 0x28, 0x00, 0x00,
  0x00, 0x00, 0xe6, 0x00, 0x00, 0x00, 0x00, 0x00, 0x00, 0x00, 0x00, 0x00,
  0x27, 0x00, 0x00, 0x00, 0x00, 0x00, 0x00, 0x00, 0x00, 0x00, 0xf6, 0x00,
  0x00, 0x00, 0x00, 0xf6, 0x00, 0x00, 0x00, 0x00, 0x00, 0x00, 0x00, 0x00,
  0x00, 0x00, 0x00, 0xf7, 0x00, 0x00, 0x00, 0x00, 0xe7, 0xfc, 0x00, 0x00,
  0x00, 0x00, 0xe8, 0xfe, 0x00, 0x00, 0x00, 0x00, 0x00, 0x00, 0x00, 0x00,
  0x00, 0x00, 0x00, 0x00, 0x00, 0x00, 0x00, 0x00, 0x00, 0x23, 0x00, 0x00,
  0x00, 0x00, 0x00, 0x2d, 0x00, 0x00, 0x00, 0x00, 0x00, 0x00, 0x00, 0x00,
  0x00, 0x00, 0x00, 0x00, 0x00, 0x00, 0x00, 0x00, 0x00, 0x00, 0x00, 0x00,
  0x00, 0x00, 0x00, 0x00, 0x00, 0xde, 0x17, 0x00, 0x00, 0x25, 0x00, 0x00,
  0x00, 0x00, 0x11, 0x00, 0x00, 0xdf, 0x00, 0xed, 0x00, 0x00, 0x00, 0xe8,
  0x00, 0x00, 0x00, 0x2f, 0x00, 0xe4, 0x00, 0x00, 0x00, 0x00, 0xf4, 0xe2,
  0x00, 0x00, 0x00, 0x00, 0x00, 0x00, 0x1b, 0x00, 0x00, 0x00, 0x00, 0x00,
  0x00, 0x00, 0x00, 0x00, 0x00, 0x00, 0x00, 0x00, 0x00, 0x00, 0x00, 0xe2,
  0x00, 0x00, 0x00, 0x00, 0x00, 0x00, 0x00, 0x00, 0x00, 0x00, 0x00, 0xde,
  0x00, 0x00, 0xee, 0x00, 0x25, 0xdf, 0xed, 0x00, 0x00, 0x00, 0x00, 0xe2,
  0x00, 0x00, 0x00, 0x00, 0x00, 0xea, 0x00, 0x00, 0x00, 0x00, 0x00, 0xe4,
  0x00, 0x00, 0x00, 0x00, 0x20, 0xe8, 0x00, 0x00, 0x00, 0x00, 0x00, 0x00,
  0x00, 0x00, 0x00, 0x00, 0x00, 0x00, 0x00, 0x00, 0x00, 0x00, 0x00, 0xe8,
  0x00, 0x00, 0xe4, 0x00, 0xf5, 0x00, 0x00, 0x00, 0xef, 0x00, 0x00, 0x00,
  0x00, 0x00, 0xe5, 0x00, 0x00, 0x00, 0x00, 0x00, 0xe8, 0x00, 0x00, 0x00,
  0x00, 0x00, 0x00, 0x00, 0x00, 0x00, 0x00, 0xeb, 0xde, 0x00, 0x00, 0x00,
  0x00, 0x00, 0xeb, 0x04, 0x00, 0x00, 0x00, 0x00, 0xee, 0x00, 0x00, 0x00,
  0x00, 0x00, 0xe9, 0x00, 0x00, 0x00, 0x00, 0x00, 0x00, 0x00, 0x00, 0x0c,
  0x00, 0x00, 0x00, 0x00, 0x00, 0x00, 0x00, 0x00, 0x00, 0x00, 0x00, 0x00,
  0x00, 0x00, 0x00, 0x00, 0x00, 0x00, 0x00, 0x16, 0x00, 0x00, 0x18, 0x00,
  0x00, 0x17, 0x1b, 0x00, 0x1a, 0x00, 0x00, 0x00, 0x00, 0x00, 0x00, 0x00,
  0x17, 0x15, 0x00, 0x1b, 0x15, 0x00, 0x00, 0x00, 0x00, 0x00, 0x14, 0x1a,
  0x00, 0x00, 0x00, 0x00, 0x00, 0x00, 0x16, 0x00, 0x19, 0x1b, 0x14, 0x17,
  0x00, 0x00, 0x00, 0x00, 0x00, 0x16, 0x1a, 0x19, 0x00, 0x16, 0x00, 0x00,
  0x00, 0x00, 0x00, 0x00, 0x1b, 0x00, 0x15, 0x00, 0x19, 0x00, 0x00, 0x00,
  0x00, 0x00, 0x00, 0x00, 0x14, 0x00, 0x18, 0x00, 0x17, 0x00, 0x00, 0x00,
  0x00, 0x15, 0x18, 0x00, 0x00, 0x00, 0x00, 0x00, 0x14, 0x00, 0x1b, 0x00,
  0x00, 0x00, 0x00, 0x19, 0x00, 0x16, 0x19, 0x00, 0x00, 0x00, 0x00, 0x00,
  0x1a, 0x17, 0x00, 0x00, 0x16, 0x00, 0x00, 0x16, 0x16, 0x00, 0x00, 0x19,
  0x00, 0x19, 0x00, 0x00, 0x00, 0x00, 0x00, 0x00, 0x00, 0x00, 0x00, 0x00,
  0x00, 0x00, 0x14, 0x00, 0x17, 0x00, 0x00, 0x00, 0x00, 0x00, 0x00, 0x00,
  0x00, 0x00, 0x00, 0x00, 0x00, 0x14, 0x00, 0x00, 0x00, 0x00, 0x00, 0x00,
  0x00, 0x17, 0x00, 0x00, 0x1b, 0x00, 0x00, 0x00, 0x00, 0x00, 0x19, 0x00,
  0x00, 0x17, 0x00, 0x15, 0x1c, 0x00, 0x00, 0x18, 0x16, 0x19, 0x00, 0x00,
  0x00, 0x15, 0x00, 0x00, 0x00, 0x18, 0x00, 0x14, 0x15, 0x18, 0x00, 0x16,
  0x00, 0x00, 0x16, 0x00, 0x00, 0x1a, 0x00, 0x00, 0x18, 0x17, 0x00, 0x00,
  0x00, 0x1b, 0x00, 0x00, 0x17, 0x00, 0x00, 0x00, 0x00, 0x00, 0x00, 0x00,
  0x00, 0x00, 0x00, 0x00, 0x00, 0x00, 0x00, 0x00, 0x00, 0x00, 0x00, 0x00,
  0x00, 0x18, 0x00, 0x00, 0x00, 0x16, 0x00, 0x00, 0x18, 0x00, 0x00, 0x00,
  0x00, 0x00, 0x00, 0x00, 0x00, 0x00, 0x19, 0x00, 0x00, 0x00, 0x16, 0x00,
  0x00, 0x18, 0x00, 0x14, 0x00, 0x14, 0x00, 0x00, 0x00, 0x00, 0x00, 0x00,
  0x00, 0x00, 0x00, 0x00, 0x17, 0x00, 0x16, 0x00, 0x00, 0x00, 0x1b, 0x00,
  0x17, 0x00, 0x16, 0x00, 0x00, 0x00, 0x00, 0x18, 0x00, 0x00, 0x18, 0x00,
  0x00, 0x00, 0x00, 0x00, 0x00, 0x00, 0x00, 0x15, 0x00, 0x17, 0x00, 0x00,
  0x00, 0x19, 0x00, 0x00, 0x00, 0x00, 0x00, 0x00, 0x00, 0x00, 0x00, 0x00,
  0x00, 0x00, 0x1a, 0x00, 0x00, 0x00, 0x00, 0x00, 0x00, 0x1b, 0x00, 0x00,
  0x00, 0x00, 0x00, 0x00, 0x00, 0x00, 0x00, 0x15, 0x00, 0x00, 0x00, 0x00,
  0x00, 0x00, 0x1a, 0x00, 0x00, 0x16, 0x00, 0x00, 0x1a, 0x1a, 0x14, 0x00,
  0x00, 0x00, 0x00, 0x00, 0x00, 0x00, 0x00, 0x00, 0x14, 0x00, 0x19, 0x1b,
  0x16, 0x00, 0x00, 0x18, 0x00, 0x16, 0x00, 0x00, 0x00, 0x00, 0x00, 0x00,
  0x00, 0x18, 0x1b, 0x00, 0x00, 0x00, 0x00, 0x00, 0x16, 0x1a, 0x00, 0x00,
  0x00, 0x00, 0x17, 0x00, 0x00, 0x1b, 0x00, 0x19, 0x00, 0x00, 0x00, 0x00,
  0x00, 0x00, 0x16, 0x00, 0x00, 0x00, 0x00, 0x00, 0x00, 0x00, 0x00, 0x00,
  0x00, 0x00, 0x1b, 0x17, 0x17, 0x15, 0x00, 0x00, 0x00, 0x00, 0x00, 0x00,
  0x17, 0x00, 0x00, 0x00, 0x14, 0x00, 0x00, 0x00, 0x00, 0x16, 0x00, 0x00,
  0x00, 0x00, 0x00, 0x1b, 0x00, 0x00, 0x00, 0x00, 0x00, 0x00, 0x00, 0x00,
  0x18, 0x00, 0x00, 0x00, 0x00, 0x00, 0x00, 0x18, 0x19, 0x00, 0x16, 0x15,
  0x19, 0x00, 0x00, 0x00, 0x00, 0x00, 0x00, 0x00, 0x00, 0x00, 0x00, 0x00,
  0x00, 0x00, 0x16, 0x00, 0x00, 0x00, 0x00, 0x00, 0x00, 0x17, 0x00, 0x00,
  0x00, 0x1b, 0x00, 0x00, 0x14, 0x00, 0x00, 0x00, 0x00, 0x00, 0x1b, 0x00,
  0x00, 0x00, 0x00, 0x00, 0x00, 0x00, 0x00, 0x00, 0x00, 0x00, 0x00, 0x00,
  0x00, 0x00, 0x16, 0x00, 0x00, 0x16, 0x17, 0x00, 0x00, 0x00, 0x00, 0x00,
  0x00, 0x00, 0x00, 0x00, 0x00, 0x15, 0x00, 0x00, 0x00, 0x18, 0x00, 0x00,
  0x00, 0x00, 0x00, 0x1a, 0x00, 0x00, 0x00, 0x00, 0x00, 0x00, 0x15, 0x00,
  0x00, 0x00, 0x00, 0x00, 0x00, 0x16, 0x00, 0x00, 0x16, 0x00, 0x00, 0x00,
  0x00, 0x00, 0x00, 0x00, 0x14, 0x00, 0x00, 0x15, 0x00, 0x00, 0x00, 0x00,
  0x00, 0x00, 0x00, 0x00, 0x00, 0x15, 0x00, 0x00, 0x00, 0x00, 0x00, 0x17,
  0x00, 0x00, 0x00, 0x00, 0x19, 0x00, 0x17, 0x17, 0x16, 0x00, 0x00, 0x00,
  0x00, 0x00, 0x00, 0x47, 0x00, 0x00, 0x00, 0x00, 0x00, 0x44, 0x00, 0x00,
  0x00, 0x00, 0x00, 0x00, 0x00, 0x00, 0x00, 0x00, 0xf1, 0x00, 0x00, 0x00,
  0x00, 0x00, 0x00, 0x14, 0x00, 0x00, 0x2b, 0xea, 0x00, 0x00, 0x00, 0x00,
  0x00, 0x00, 0x00, 0x00, 0x00, 0x00, 0x00, 0x00, 0xf0, 0x00, 0x00, 0x00,
  0x00, 0x00, 0x00, 0x00, 0x00, 0x00, 0x00, 0x00, 0x00, 0x00, 0x1e, 0x2a,
  0xfc, 0x00, 0x00, 0x1d, 0x26, 0x00, 0x00, 0x00, 0x00, 0x00, 0x00, 0x00,
  0x22, 0x0e, 0x00, 0x00, 0x1f, 0x00, 0x03, 0x00, 0xeb, 0x49, 0x00, 0x00,
  0x24, 0x00, 0x00, 0x3b, 0x27, 0x00, 0x24, 0xf0, 0xe7, 0x43, 0x00, 0x00,
  0xff, 0x00, 0x00, 0x43, 0x00, 0x00, 0x29, 0x00, 0x00, 0x00, 0x00, 0x00,
  0x00, 0x00, 0x0b, 0x00, 0x00, 0x00, 0x00, 0x00, 0x00, 0x54, 0x00, 0x00,
  0x2b, 0x00, 0x00, 0x4e, 0x00, 0x00, 0x00, 0x00, 0x00, 0x45, 0xfd, 0x00,
  0x00, 0x11, 0x00, 0x45, 0x00, 0x2a, 0x00, 0x00, 0x00, 0x00, 0x00, 0x37,
  0x00, 0x00, 0x05, 0x00, 0x00, 0x34, 0x03, 0x00, 0x13, 0x00, 0xff, 0x31,
  0x2e, 0x00, 0x00, 0x00, 0x00, 0x2b, 0x00, 0x00, 0x00, 0x00, 0x00, 0x41,
  0x00, 0x00, 0x00, 0x00, 0x1c, 0x00, 0x00, 0xea, 0x00, 0x34, 0x00, 0x32,
  0x00, 0x00, 0x00, 0x00, 0x00, 0x00, 0x00, 0xe8, 0x00, 0x00, 0x00, 0x00,
  0x00, 0x00, 0x00, 0x00, 0x1f, 0x00, 0x00, 0x00, 0x00, 0x30, 0x00, 0x00,
  0xff, 0x08, 0x00, 0x00, 0x1c, 0x00, 0x2f, 0x00, 0x00, 0x00, 0x1b, 0x00,
  0x00, 0xe0, 0x00, 0x00, 0x00, 0x00, 0x00, 0x00, 0x00, 0x00, 0x00, 0x34,
  0x30, 0x00, 0xf2, 0xfd, 0x19, 0x39, 0x00, 0xe9, 0xef, 0x01, 0x00, 0x3f,
  0x00, 0x00, 0x00, 0x00, 0x00, 0x34, 0x24, 0xe5, 0x00, 0x00, 0x00, 0x30,
  0x0b, 0x00, 0x00, 0x00, 0x00, 0x38, 0x00, 0x00, 0xd9, 0x00, 0x00, 0x3d,
  0x2f, 0x00, 0x00, 0x00, 0x00, 0x00, 0x00, 0x00, 0x00, 0x00, 0x00, 0x47,
  0x09, 0x02, 0x00, 0x00, 0x00, 0x00, 0x30, 0x0d, 0x00, 0x00, 0x00, 0x2f,
  0x00, 0x05, 0x07, 0x00, 0x1d, 0x44, 0x06, 0x07, 0x00, 0x00, 0x00, 0x43,
  0x37, 0x16, 0x02, 0x00, 0x00, 0x00, 0x00, 0x00, 0xe4, 0x00, 0x00, 0x00,
  0x00, 0x00, 0x00, 0x00, 0x00, 0x00, 0x33, 0x00, 0x00, 0x00, 0x00, 0x37,
  0x06, 0x00, 0x00, 0x00, 0x00, 0x00, 0x00, 0x00, 0xf4, 0x26, 0x00, 0x00,
  0x2e, 0x00, 0x00, 0x00, 0x00, 0x34, 0x00, 0xeb, 0x00, 0x2b, 0x00, 0x00,
  0x00, 0x00, 0x00, 0x00, 0x00, 0x00, 0x00, 0xe6, 0x00, 0x00, 0x00, 0x30,
  0x00, 0x00, 0x14, 0x00, 0xf1, 0x2b, 0x00, 0x00, 0x00, 0x00, 0x00, 0x2f,
  0x2f, 0x00, 0x00, 0xf3, 0x00, 0x39, 0x00, 0x00, 0x00, 0xf0, 0x00, 0x39,
  0x00, 0x00, 0x00, 0x00, 0x00, 0x30, 0x00, 0x00, 0xe5, 0x00, 0x00, 0x00,
  0x00, 0x00, 0x00, 0x00, 0x1c, 0x31, 0x00, 0xe9, 0x00, 0x00, 0x00, 0x32,
  0x00, 0xe6, 0x06, 0x00, 0x00, 0x00, 0x10, 0x00, 0x00, 0x00, 0x00, 0x00,
  0x00, 0x00, 0xec, 0x18, 0x1b, 0x00, 0x31, 0x00, 0x00, 0x00, 0x00, 0x34,
  0x00, 0x00, 0xeb, 0x00, 0x00, 0x38, 0x00, 0x06, 0x00, 0xee, 0x00, 0x32,
  0x3c, 0xfe, 0xe8, 0xe3, 0x00, 0x49, 0x0d, 0x00, 0x00, 0x00, 0x00, 0x3d,
  0x00, 0x00, 0x10, 0x00, 0x00, 0x40, 0x00, 0xde, 0x00, 0x00, 0xf6, 0x00,
  0x00, 0x00, 0xee, 0x00, 0x00, 0x42, 0x31, 0x00, 0xe9, 0x00, 0x16, 0x38,
  0x00, 0x00, 0x00, 0xe1, 0x00, 0x00, 0x00, 0x00, 0x00, 0x00, 0x00, 0x00,
  0x00, 0x00, 0x00, 0x00, 0x00, 0x38, 0x32, 0x00, 0x00, 0x00, 0x00, 0x32,
  0x0d, 0x00, 0x00, 0x00, 0x1b, 0x00, 0x08, 0x00, 0x00, 0x00, 0x15, 0x00,
  0x38, 0x00, 0x00, 0x00, 0x00, 0x00, 0xff, 0x00, 0x00, 0x00, 0x00, 0x00,
  0x00, 0x00, 0x00, 0x00, 0x00, 0x00, 0x00, 0x0d, 0x00, 0x00, 0x00, 0x00,
  0x02, 0x08, 0xf5, 0x00, 0x00, 0x00, 0x32, 0x00, 0x00, 0x0b, 0x00, 0x00,
  0x2a, 0x00, 0x00, 0x03, 0x00, 0x0d, 0x00, 0x00, 0x00, 0x03, 0x00, 0x00,
  0x00, 0x00, 0x00, 0x00, 0x00, 0x00, 0x00, 0xef, 0x00, 0x00, 0x00, 0x00,
  0x00, 0x00, 0x09, 0x04, 0xf3, 0x3c, 0x1a, 0x00, 0x00, 0x00, 0x00, 0x00,
  0x00, 0x00, 0x00, 0x00, 0xf3, 0x00, 0x00, 0x00, 0x00, 0x07, 0x00, 0x00,
  0x00, 0x00, 0x00, 0x34, 0xda, 0x00, 0x00, 0xd0, 0x00, 0x00, 0x00, 0x08,
  0x00, 0xd0, 0x00, 0x00, 0xd9, 0x00, 0x00, 0x00, 0x00, 0x00, 0x00, 0x00,
  0x00, 0x00, 0xf1, 0x00, 0x00, 0x00, 0x00, 0x00, 0x00, 0x00, 0x00, 0xfe,
  0xf9, 0x00, 0x00, 0x00, 0x00, 0x00, 0x00, 0x00, 0x00, 0x00, 0x00, 0x0a,
  0x00, 0x00, 0x00, 0x00, 0x00, 0x00, 0x00, 0xd9, 0x00, 0x00, 0x06, 0x00,
  0x00, 0xdb, 0x00, 0x00, 0x00, 0x00, 0xfc, 0x00, 0x00, 0x30, 0x00, 0x00,
  0x00, 0x00, 0xe2, 0x33, 0x00, 0x02, 0x00, 0x00, 0xe5, 0x00, 0x00, 0x0b,
  0x00, 0x00, 0x00, 0x00, 0x00, 0x00, 0x00, 0x00, 0x00, 0x00, 0x00, 0x08,
  0x00, 0x00, 0xe3, 0x00, 0x00, 0x00, 0x1e, 0x00, 0x00, 0x00, 0xd0, 0x00,
  0x00, 0xbc, 0x00, 0x00, 0x00, 0x08, 0x00, 0x00, 0x00, 0x2c, 0x00, 0x00,
  0x00, 0x00, 0x00, 0x00, 0x00, 0x00, 0x00, 0x00, 0x00, 0x36, 0x00, 0x00,
  0x00, 0x00, 0x00, 0x00, 0x00, 0x00, 0x00, 0x00, 0x00, 0x00, 0x00, 0x00,
  0x00, 0x00, 0x00, 0x26, 0x00, 0x00, 0x00, 0x00, 0x00, 0x29, 0x00, 0x00,
  0x00, 0x00, 0x00, 0x00, 0x00, 0x0f, 0xf0, 0x00, 0x00, 0x28, 0x00, 0x00,
  0x00, 0x00, 0x00, 0x00, 0x00, 0x00, 0x00, 0x00, 0x00, 0x00, 0x00, 0x00,
  0x00, 0xfe, 0x00, 0x00, 0x00, 0x00, 0x00, 0x00, 0x00, 0x00, 0x00, 0x00,
  0x00, 0x00, 0x10, 0xf0, 0x00, 0x00, 0x00, 0x00, 0x1c, 0x00, 0x00, 0x00,
  0x00, 0x00, 0x14, 0x00, 0x00, 0x00, 0xff, 0x00, 0x00, 0xf7, 0x00, 0x00,
  0x00, 0x00, 0x00, 0xfc, 0x00, 0xf9, 0x00, 0x00, 0x00, 0x00, 0x00, 0xf7,
  0x00, 0x00, 0xee, 0x00, 0x00, 0x00, 0x00, 0x00, 0x00, 0xef, 0x00, 0x00,
  0x2a, 0xd9, 0x00, 0x00, 0x00, 0xf6, 0x00, 0xc6, 0x1e, 0x00, 0x00, 0x00,
  0xf1, 0x00, 0x12, 0x00, 0x00, 0xfa, 0x00, 0x00, 0x00, 0x00, 0x00, 0xf8,
  0x00, 0x00, 0xe3, 0x00, 0x08, 0x00, 0x00, 0x00, 0x00, 0xf4, 0x00, 0x00,
  0x00, 0x00, 0x00, 0x00, 0x00, 0x03, 0x00, 0x00, 0x00, 0x00, 0x00, 0x02,
  0x1e, 0xe2, 0x00, 0x00, 0xde, 0x00, 0x00, 0xdd, 0x06, 0x00, 0x00, 0xfe,
  0x00, 0x00, 0x00, 0xf7, 0x00, 0xfe, 0x00, 0x00, 0xe3, 0x00, 0x00, 0x00,
  0x00, 0x00, 0xde, 0x00, 0x00, 0x03, 0x00, 0x00, 0x00, 0xf2, 0xd3, 0x01,
  0x00, 0x00, 0xd9, 0x00, 0x00, 0x06, 0x00, 0x00, 0x00, 0x00, 0x00, 0x09,
  0x1f, 0xda, 0x00, 0x1f, 0x00, 0x00, 0x00, 0xca, 0x04, 0x2d, 0x00, 0x00,
  0xff, 0x00, 0xfe, 0x2a, 0xd0, 0x00, 0x00, 0x00, 0x00, 0x14, 0xd0, 0x00,
  0x00, 0x00, 0x00, 0x00, 0x00, 0x00, 0x00, 0x00, 0xf4, 0x00, 0x00, 0x00,
  0x00, 0x00, 0xee, 0x00, 0x00, 0x00, 0x00, 0x00, 0x00, 0x2b, 0x00, 0x00,
  0x00, 0x00, 0x00, 0x27, 0x00, 0x00, 0xfb, 0x00, 0x00, 0x20, 0x00, 0x00,
  0x00, 0x00, 0x0e, 0x00, 0x00, 0x00, 0x00, 0x00, 0x00, 0x00, 0x00, 0x00,
  0x00, 0x00, 0x00, 0x00, 0x00, 0x00, 0x00, 0x00, 0x00, 0xdd, 0x00, 0x00,
  0x00, 0xf4, 0x00, 0x00, 0x00, 0x25, 0xfb, 0xfb, 0x00, 0xdf, 0x00, 0x00,
  0x00, 0x00, 0x00, 0xda, 0x00, 0x18, 0x00, 0x00, 0x14, 0xec, 0x00, 0x12,
  0x00, 0x00, 0x00, 0xe2, 0x00, 0x00, 0x00, 0x00, 0x00, 0x00, 0x00, 0x18,
  0x00, 0x00, 0x18, 0xe8, 0x00, 0x00, 0x00, 0xce, 0x00, 0xf0, 0x00, 0x00,
  0x00, 0x00, 0x00, 0x00, 0x00, 0x00, 0x00, 0xc7, 0x00, 0x00, 0x00, 0x00,
  0x00, 0xc0, 0x00, 0x00, 0x00, 0x00, 0x00, 0x00, 0x00, 0x00, 0x00, 0x00,
  0x00, 0x00, 0x00, 0x00, 0x00, 0x00, 0x00, 0x00, 0x00, 0x00, 0x00, 0x0a,
  0x00, 0x00, 0x00, 0x00, 0x00, 0x11, 0x00, 0x00, 0x00, 0x00, 0x00, 0x09,
  0x00, 0x00, 0x00, 0x00, 0x00, 0x00, 0x00, 0x00, 0x00, 0xe2, 0x00, 0x0b,
  0x00, 0xd8, 0x00, 0x00, 0x00, 0x00, 0x00, 0xd4, 0x12, 0x00, 0xcc, 0x10,
  0x00, 0xd5, 0x00, 0x00, 0x00, 0x00, 0x00, 0x00, 0x0d, 0x00, 0x00, 0x0e,
  0x00, 0x00, 0x00, 0x04, 0x00, 0x00, 0x00, 0x00, 0x00, 0x00, 0x00, 0x00,
  0x00, 0x00, 0x00, 0x01, 0x00, 0x00, 0x23, 0x00, 0x00, 0x00, 0x00, 0x00,
  0x00, 0x00, 0x00, 0x00, 0xd0, 0x00, 0x00, 0x00, 0x00, 0x00, 0xc5, 0x00,
  0xfa, 0xf7, 0x00, 0x16, 0xc4, 0x00, 0x00, 0x00, 0x00, 0x1d, 0x00, 0x00,
  0x00, 0x00, 0x00, 0x00, 0x00, 0x00, 0xde, 0x00, 0x00, 0x00, 0x00, 0xdc,
  0x00, 0x00, 0x00, 0x00, 0x00, 0x00, 0x00, 0xec, 0x00, 0x00, 0x00, 0xd5,
  0xe4, 0x00, 0x00, 0x00, 0x00, 0xc3, 0x00, 0x00, 0xe6, 0x02, 0x00, 0xd4,
  0x00, 0x00, 0x00, 0x00, 0x00, 0xda, 0x00, 0x00, 0x00, 0x13, 0x00, 0xd6,
  0x00, 0x00, 0x00, 0xfe, 0x00, 0xcd, 0x00, 0x00, 0x00, 0x08, 0x00, 0x00,
  0x00, 0x00, 0x00, 0x00, 0x00, 0xde, 0x00, 0xea, 0x00, 0x00, 0x00, 0xd6,
  0x00, 0x00, 0x00, 0x00, 0x00, 0x00, 0x00, 0x00, 0xea, 0x00, 0x00, 0x00,
  0x00, 0x00, 0x00, 0xd9, 0x00, 0x00, 0x0a, 0x00, 0xe7, 0xd1, 0x00, 0x00,
  0x00, 0x00, 0x00, 0x00, 0x00, 0xd7, 0x00, 0x00, 0xed, 0x00, 0x00, 0x00,
  0x00, 0x00, 0x00, 0x00, 0x00, 0x00, 0x00, 0x00, 0x00, 0x0b, 0x00, 0x00,
  0x00, 0x00, 0x00, 0x00, 0x00, 0x00, 0xdd, 0x16, 0xf7, 0x00, 0x00, 0x00,
  0x00, 0x10, 0xf5, 0x0b, 0x00, 0xdd, 0x00, 0x00, 0x00, 0x13, 0xe2, 0x00,
  0x00, 0x00, 0x00, 0x17, 0x00, 0x00, 0x00, 0x00, 0x00, 0x18, 0x00, 0x00,
  0x00, 0x00, 0xee, 0xff, 0xe7, 0xda, 0x00, 0x00, 0x00, 0x06, 0x00, 0x00,
  0x00, 0x00, 0xf2, 0x11, 0x00, 0x00, 0x00, 0x00, 0xf1, 0x07, 0x00, 0xd6,
  0x05, 0x00, 0xe8, 0x05, 0xe1, 0x00, 0x00, 0x00, 0x00, 0xff, 0x00, 0x00,
  0x00, 0x00, 0x00, 0x0f, 0xe7, 0x00, 0x00, 0x00, 0x00, 0x05, 0x00, 0x00,
  0x00, 0x00, 0x00, 0x00, 0x00, 0x00, 0x00, 0x00, 0x00, 0x00, 0x00, 0x00,
  0x00, 0x00, 0x00, 0x00, 0x00, 0x00, 0xd8, 0x11, 0x00, 0xe1, 0x00, 0x00,
  0x00, 0x00, 0x00, 0x00, 0x0b, 0x00, 0x00, 0x00, 0x00, 0x00, 0x00, 0x00,
  0x00, 0x00, 0x0a, 0x01, 0x00, 0x00, 0x00, 0x00, 0x00, 0x04, 0x00, 0x00,
  0xd8, 0x00, 0x00, 0x00, 0x00, 0x00, 0x00, 0x00, 0x00, 0x00, 0x00, 0x00,
  0x00, 0x00, 0x00, 0x00, 0x00, 0x00, 0x00, 0x00, 0x00, 0x00, 0x00, 0x00,
  0x00, 0xe7, 0xe5, 0x00, 0x00, 0xe2, 0x00, 0x00, 0x00, 0x00, 0x00, 0xdc,
  0x00, 0x00, 0x00, 0xe4, 0x00, 0x00, 0x00, 0x00, 0x00, 0xe0, 0x08, 0xd9,
  0x00, 0x00, 0x00, 0x00, 0x00, 0x00, 0x00, 0x00, 0x00, 0x00, 0x00, 0xd9,
  0x00, 0x00, 0x00, 0x00, 0x00, 0x00, 0x00, 0x00, 0xf1, 0x0c, 0x0f, 0x00,
  0x00, 0x00, 0x00, 0x16, 0x00, 0x00, 0x00, 0x00, 0x00, 0x00, 0x0a, 0xdd,
  0x00, 0x00, 0x00, 0x00, 0x00, 0xdb, 0x00, 0x00, 0x00, 0x02, 0x00, 0x00,
  0x00, 0x00, 0x00, 0x11, 0x00, 0x00, 0x00, 0x00, 0x00, 0x00, 0x00, 0xdc,
  0x00, 0x00, 0x00, 0x0c, 0x00, 0x00, 0x00, 0x00, 0x00, 0x00, 0x00, 0xdb,
  0x00, 0x00, 0x00, 0x04, 0x00, 0x00, 0x00, 0x00, 0x00, 0x00, 0x00, 0x00,
  0x00, 0x00, 0xf7, 0x00, 0x00, 0x00, 0x00, 0x00, 0xf3, 0x00, 0xe0, 0xdc,
  0x00, 0xed, 0xf3, 0x0a, 0x00, 0x00, 0x00, 0x00, 0x00, 0x18, 0x00, 0x00,
  0x00, 0x00, 0x00, 0x0a, 0x00, 0xff, 0x00, 0x00, 0x00, 0x00, 0x00, 0x00,
  0x00, 0xde, 0x00, 0x00, 0xe6, 0x00, 0x00, 0xe3, 0x00, 0x00, 0x00, 0x01,
  0x00, 0x00, 0x00, 0x00, 0x00, 0x00, 0xdf, 0x00, 0x00, 0x00, 0x00, 0x00,
  0x00, 0xed, 0x00, 0x00, 0x00, 0x00, 0xe1, 0x00, 0x00, 0x02, 0x00, 0x00,
  0x00, 0x00, 0x00, 0x00, 0x00, 0x00, 0x00, 0x00, 0x00, 0x00, 0x00, 0x00,
  0x00, 0x00, 0x17, 0x00, 0x00, 0x00, 0x00, 0x00, 0x13, 0x00, 0x00, 0x00,
  0xd6, 0x00, 0x10, 0x06, 0x00, 0x00, 0x00, 0x00, 0x00, 0x00, 0x00, 0xdd,
  0x00, 0x00, 0x00, 0x00, 0x00, 0x00, 0x00, 0x00, 0x00, 0xd9, 0xe2, 0x00,
  0x00, 0x00, 0x00, 0xe1, 0x00, 0xcd, 0x00, 0x00, 0x00, 0x00, 0x00, 0x00,
  0x04, 0x00, 0x00, 0x00, 0x00, 0xd6, 0x00, 0xeb, 0x00, 0x00, 0x00, 0xdf,
  0x00, 0x00, 0x00, 0x00, 0x00, 0xd1, 0x00, 0x00, 0x00, 0x07, 0x00, 0x00,
  0x00, 0x00, 0x00, 0x00, 0x00, 0x00, 0x00, 0x00, 0x00, 0x01, 0x00, 0xdf,
  0x00, 0x00, 0x00, 0x00, 0x00, 0xd3, 0x00, 0x14, 0x00, 0x00, 0x00, 0x00,
  0x00, 0x00, 0x00, 0x02, 0x00, 0xdf, 0x00, 0x00, 0x00, 0x00, 0x00, 0x00,
  0x00, 0x00, 0x00, 0x11, 0x00, 0x00, 0xde, 0x00, 0x00, 0x05, 0x00, 0x00,
  0x00, 0x00, 0x00, 0x00, 0xe0, 0xdf, 0x00, 0x00, 0x00, 0x01, 0x00, 0x00,
  0x00, 0x00, 0x00, 0x00, 0x31, 0x00, 0x00, 0x00, 0x00, 0x00, 0x00, 0x00,
  0x00, 0x00, 0x00, 0x00, 0x29, 0x00, 0x00, 0x00, 0x00, 0x0c, 0x00, 0x00,
  0x10, 0x00, 0x00, 0x00, 0x00, 0x00, 0x00, 0x00, 0xee, 0x00, 0x00, 0x00,
  0x00, 0x00, 0xf2, 0x00, 0x00, 0x00, 0x00, 0x00, 0x00, 0x00, 0x00, 0x00,
  0x00, 0x00, 0x00, 0x15, 0x00, 0x00, 0x00, 0x00, 0x00, 0x1e, 0x00, 0x00,
  0x09, 0x00, 0x00, 0x2b, 0x00, 0x00, 0x00, 0x00, 0x00, 0x1a, 0x00, 0x00,
  0x00, 0x22, 0x00, 0x17, 0x00, 0x1b, 0x00, 0x2f, 0x00, 0x1c, 0x00, 0x00,
  0x00, 0x2a, 0x00, 0x17, 0x00, 0x00, 0x00, 0x00, 0x00, 0x0e, 0x00, 0x00,
  0x00, 0x00, 0x00, 0x1c, 0x00, 0x00, 0x00, 0x00, 0x00, 0x0f, 0x00, 0x00,
  0x00, 0x00, 0xfa, 0x00, 0x00, 0x00, 0x00, 0x00, 0xfd, 0x00, 0x00, 0x00,
  0x0b, 0x00, 0x00, 0x0c, 0x00, 0x18, 0x00, 0x00, 0x00, 0x00, 0x00, 0x16,
  0x00, 0x00, 0x00, 0x00, 0x00, 0x1b, 0x00, 0x00, 0x00, 0x00, 0x00, 0x00,
  0x00, 0x00, 0x00, 0x10, 0x00, 0x00, 0x00, 0x22, 0xf2, 0x14, 0x2a, 0x00,
  0x00, 0x00, 0x00, 0x1c, 0x00, 0x00, 0x00, 0x00, 0xf7, 0x17, 0x00, 0x00,
  0x0b, 0x00, 0x00, 0x0f, 0x00, 0xe8, 0x00, 0x00, 0x00, 0x00, 0x00, 0x00,
  0x00, 0x00, 0x0d, 0x00, 0x00, 0x00, 0x00, 0x00, 0x00, 0x00, 0x00, 0x00,
  0x00, 0x00, 0x00, 0x00, 0x00, 0x00, 0x00, 0x00, 0x00, 0x00, 0x00, 0x00,
  0x00, 0x00, 0x00, 0x00, 0x00, 0x00, 0x00, 0x00, 0x00, 0x00, 0x00, 0x00,
  0x00, 0x00, 0x00, 0xe1, 0x00, 0x00, 0x00, 0x00, 0x00, 0x00, 0x2c, 0x00,
  0x00, 0x00, 0x00, 0x00, 0x00, 0x00, 0x00, 0x00, 0x0a, 0x11, 0x00, 0x00,
  0x0e, 0x00, 0x00, 0x00, 0x29, 0x00, 0x00, 0x00, 0x00, 0x0c, 0x00, 0x00,
  0x00, 0x00, 0x00, 0x00, 0x00, 0x00, 0x00, 0x00, 0x00, 0x13, 0x00, 0x00,
  0x00, 0x00, 0x00, 0x0e, 0x00, 0x00, 0x00, 0x00, 0x00, 0x18, 0x00, 0x00,
  0x00, 0x00, 0x00, 0x20, 0x00, 0x00, 0x00, 0x00, 0x00, 0x16, 0x00, 0x00,
  0x00, 0x00, 0x00, 0x00, 0x00, 0x00, 0x0d, 0x00, 0x00, 0x00, 0x00, 0x00,
  0x00, 0x00, 0x00, 0x0f, 0x00, 0x00, 0x00, 0x00, 0x00, 0x0d, 0x00, 0x00,
  0x00, 0x25, 0x00, 0x1a, 0x00, 0x00, 0x00, 0x00, 0x00, 0x33, 0x00, 0x00,
  0x00, 0x00, 0x00, 0x24, 0x01, 0x00, 0x00, 0x00, 0x00, 0x00, 0x00, 0x00,
  0x00, 0x00, 0xfb, 0x00, 0x00, 0x24, 0x00, 0x00, 0x00, 0x00, 0x00, 0x15,
  0x10, 0x00, 0x00, 0x00, 0x00, 0x00, 0x00, 0x00, 0x00, 0x00, 0x00, 0x00,
  0xe8, 0x00, 0x00, 0x0f, 0x00, 0x00, 0x00, 0x20, 0x00, 0x1c, 0x00, 0x00,
  0x00, 0x00, 0xf2, 0x18, 0x2e, 0x00, 0x00, 0x00, 0x00, 0x0d, 0x00, 0x00,
  0x00, 0x00, 0x00, 0x10, 0x00, 0x00, 0xe6, 0x00, 0x18, 0x11, 0x00, 0x00,
  0x00, 0xfd, 0x00, 0x1c, 0x00, 0x00, 0x00, 0x00, 0x00, 0x00, 0x00, 0x00,
  0x00, 0x00, 0x00, 0x00, 0x00, 0x00, 0x00, 0x00, 0xec, 0x00, 0x00, 0x00,
  0x00, 0x00, 0xe7, 0xe8, 0x00, 0x00, 0x00, 0x00, 0x00, 0x00, 0x00, 0x1c,
  0x00, 0xfd, 0x00, 0x00, 0x00, 0x00, 0x00, 0x00, 0x00, 0x00, 0x2a, 0x00,
  0x00, 0x00, 0x00, 0x10, 0x00, 0x00, 0x00, 0x00, 0x00, 0x13, 0x3d, 0x00,
  0x00, 0x00, 0x00, 0x00, 0x2e, 0x00, 0x00, 0x00, 0x00, 0x00, 0x29, 0x00,
  0x00, 0x00, 0x11, 0x1b, 0x00, 0x00, 0x00, 0x00, 0x13, 0x00, 0x29, 0x00,
  0x00, 0x24, 0x16, 0x00, 0x2d, 0x00, 0x00, 0x00, 0x12, 0x00, 0x00, 0x00,
  0x00, 0x00, 0x00, 0x19, 0x00, 0xf8, 0x00, 0x00, 0x00, 0x00, 0x00, 0x00,
  0x00, 0x00, 0x00, 0x1b, 0x00, 0xf1, 0x00, 0x00, 0x00, 0x0f, 0x00, 0x00,
  0x00, 0x00, 0xee, 0x2e, 0x05, 0x00, 0x00, 0x00, 0x00, 0x12, 0x00, 0x00,
  0x00, 0x00, 0x00, 0x2f, 0x00, 0x00, 0x00, 0x00, 0xf8, 0x10, 0x03, 0x00,
  0x00, 0x24, 0x00, 0x15, 0x00, 0x00, 0x06, 0x00, 0x00, 0x00, 0x00, 0x00,
  0x00, 0x00, 0xf9, 0x18, 0xfe, 0x25, 0x00, 0x00, 0x00, 0x1c, 0x00, 0x22,
  0x00, 0x00, 0x00, 0x00, 0x00, 0x00, 0x00, 0x00, 0x00, 0x00, 0x00, 0x00,
  0x00, 0x00, 0x00, 0x00, 0x00, 0x00, 0x00, 0x00, 0x00, 0x00, 0x00, 0x00,
  0x00, 0xfc, 0x00, 0x1d, 0x00, 0x00, 0x00, 0x00, 0x00, 0x11, 0x00, 0x00,
  0x00, 0x00, 0x00, 0x16, 0x00, 0x38, 0x00, 0x00, 0x00, 0x00, 0x00, 0x35,
  0x00, 0x00, 0x00, 0x00, 0x00, 0x00, 0xef, 0x00, 0x00, 0x17, 0xf6, 0x00,
  0x00, 0x00, 0x00, 0x00, 0x00, 0x00, 0x00, 0xfa, 0x00, 0x00, 0x00, 0x00,
  0x00, 0x00, 0x00, 0x00, 0xf8, 0x00, 0xeb, 0x00, 0x00, 0x00, 0x00, 0x00,
  0x00, 0x00, 0x00, 0x1b, 0x00, 0x00, 0xe7, 0xf3, 0xd7, 0x00, 0x00, 0x2d,
  0x00, 0x00, 0xdd, 0x1c, 0x00, 0x00, 0x00, 0x00, 0x00, 0x00, 0x00, 0x2d,
  0xe7, 0x00, 0x00, 0x00, 0x00, 0x00, 0xf0, 0x00, 0x00, 0x00, 0x00, 0x00,
  0x00, 0x00, 0x00, 0x00, 0x00, 0x00, 0xed, 0x00, 0x00, 0x00, 0x00, 0x35,
  0x00, 0x00, 0x00, 0x38, 0x00, 0x00, 0x00, 0x00, 0x00, 0x00, 0x00, 0x00,
  0x00, 0x00, 0x00, 0x00, 0x00, 0x35, 0x00, 0x00, 0x00, 0x00, 0x00, 0x00,
  0x00, 0x00, 0x13, 0x18, 0x00, 0x00, 0x00, 0x00, 0x00, 0x00, 0x00, 0x00,
  0xf1, 0x0a, 0x00, 0x00, 0x00, 0x00, 0x00, 0x00, 0x00, 0x19, 0x00, 0x2f,
  0x00, 0x09, 0x00, 0x00, 0xf6, 0x31, 0x00, 0x00, 0x00, 0x00, 0x00, 0x00,
  0x00, 0x00, 0x00, 0x00, 0x00, 0x00, 0xf1, 0x00, 0x00, 0x00, 0x00, 0x00,
  0x00, 0x00, 0x00, 0x00, 0x00, 0x00, 0x00, 0x00, 0x00, 0x00, 0x00, 0x00,
  0xe6, 0x00, 0x00, 0x00, 0x00, 0x00, 0x00, 0x00, 0x00, 0x00, 0x00, 0x00,
  0x00, 0x00, 0x00, 0x00, 0xf4, 0x00, 0x00, 0x05, 0x00, 0x00, 0x00, 0x00,
  0xed, 0x00, 0x00, 0x00, 0x00, 0x32, 0xfa, 0x00, 0x00, 0x00, 0x00, 0x00,
  0x00, 0x00, 0x00, 0x00, 0x00, 0x00, 0x00, 0x00, 0x22, 0x00, 0x00, 0x00,
  0x00, 0x00, 0x00, 0x00, 0x00, 0x00, 0x00, 0x00, 0x00, 0x00, 0x00, 0x00,
  0x00, 0x00, 0x00, 0x00, 0x00, 0x00, 0xf3, 0x00, 0xe6, 0x00, 0x00, 0x35,
  0x00, 0x00, 0xe6, 0x00, 0x00, 0x00, 0x00, 0x10, 0xe1, 0x00, 0x00, 0x00,
  0x00, 0x00, 0x00, 0x00, 0x00, 0x00, 0xef, 0x00, 0x00, 0x11, 0x00, 0x32,
  0x00, 0x00, 0x00, 0x00, 0x00, 0x32, 0xf3, 0x00, 0x12, 0x00, 0x00, 0x00,
  0x00, 0x00, 0x00, 0x00, 0x00, 0x31, 0x00, 0xfb, 0xe0, 0x00, 0x00, 0x00,
  0x00, 0x00, 0x00, 0x00, 0x00, 0x00, 0x00, 0x00, 0xd3, 0x00, 0x00, 0x00,
  0x00, 0x00, 0x00, 0x00, 0x00, 0x00, 0x00, 0x00, 0xdd, 0x00, 0x00, 0x00,
  0x00, 0x00, 0xeb, 0x00, 0x00, 0x00, 0x00, 0x00, 0x00, 0x00, 0x00, 0x34,
  0x00, 0x00, 0x00, 0x00, 0x00, 0x00, 0x00, 0x00, 0x00, 0x00, 0x00, 0x00,
  0x00, 0x00, 0x00, 0x00, 0x00, 0x00, 0x00, 0x00, 0x00, 0x00, 0x00, 0x00,
  0xed, 0xfc, 0x00, 0x00, 0x00, 0x37, 0x00, 0x00, 0x00, 0x00, 0x00, 0x00,
  0xed, 0x00, 0xda, 0x00, 0x00, 0x00, 0x00, 0x00, 0x00, 0x00, 0x00, 0x00,
  0x00, 0x00, 0x00, 0x00, 0x00, 0x00, 0x00, 0x00, 0x00, 0x00, 0x00, 0x34,
  0x00, 0x00, 0x00, 0x00, 0x00, 0x00, 0x00, 0x00, 0x00, 0x00, 0x00, 0x00,
  0x00, 0x00, 0x00, 0x00, 0x00, 0x00, 0x00, 0x00, 0xf7, 0x00, 0x00, 0x00,
  0xf0, 0x00, 0x00, 0x00, 0x00, 0x00, 0xf2, 0x00, 0x00, 0x00, 0x00, 0x32,
  0x00, 0x00, 0x00, 0x00, 0x00, 0x00, 0x00, 0x00, 0xe6, 0x00, 0x00, 0x00,
  0xed, 0x00, 0x00, 0x00, 0xee, 0x00, 0x00, 0x00, 0x00, 0x00, 0xec, 0x00,
  0x15, 0x00, 0x00, 0x00, 0x00, 0x00, 0xf7, 0x00, 0x00, 0x00, 0x00, 0x00,
  0x00, 0x00, 0x00, 0x00, 0x00, 0x00, 0x00, 0x00, 0x00, 0x00, 0x00, 0x23,
  0x12, 0x00, 0x00, 0x00, 0x00, 0x00, 0x00, 0x00, 0x00, 0x00, 0x00, 0x00,
  0x00, 0xf7, 0x00, 0x00, 0x00, 0x00, 0x00, 0x00, 0x00, 0x00, 0x00, 0x00,
  0x00, 0x00, 0x00, 0x00, 0x00, 0x1c, 0x00, 0x00, 0x00, 0x00, 0x00, 0x00,
  0x00, 0x00, 0x00, 0x00, 0x00, 0x00, 0x00, 0xf9, 0x00, 0x00, 0x00, 0x00,
  0xe9, 0x00, 0x00, 0x00, 0x00, 0x00, 0x00, 0x00, 0xe3, 0x00, 0x00, 0x00,
  0x00, 0x00, 0x00, 0x00, 0x00, 0x00, 0xe9, 0x05, 0x01, 0x00, 0x00, 0x00,
  0xe5, 0x0b, 0x00, 0x00, 0x00, 0x00, 0x00, 0x09, 0x00, 0x00, 0x00, 0x35,
  0x00, 0x00, 0x00, 0x00, 0x00, 0x32, 0x00, 0x00, 0x00, 0x00, 0x00, 0x33,
  0x00, 0x00, 0x00, 0x00, 0xee, 0x36, 0xed, 0x00, 0x00, 0x00, 0x00, 0x00,
  0x00, 0xe0, 0x00, 0x00, 0x00, 0x00, 0x00, 0x00, 0x00, 0x00, 0x00, 0x00,
  0x00, 0x00, 0x00, 0x00, 0x00, 0x00, 0x00, 0x00, 0x00, 0x00, 0x00, 0x00,
  0x00, 0x00, 0x00, 0x00, 0xec, 0x00, 0x00, 0x00, 0x00, 0x00, 0x00, 0x00,
  0x00, 0x00, 0x00, 0x00, 0x00, 0x00, 0x00, 0x00, 0x00, 0x00, 0x00, 0xdd,
  0x00, 0x00, 0x00, 0x00, 0x00, 0xde, 0x00, 0x00, 0x00, 0x00, 0x0f, 0x00,
  0x00, 0x00, 0x00, 0x00, 0x00, 0x00, 0x00, 0x00, 0x00, 0x00, 0x0c, 0xe1,
  0x00, 0x05, 0x00, 0x00, 0x00, 0x00, 0x00, 0x00, 0xe1, 0xeb, 0x00, 0x00,
  0x00, 0x00, 0x00, 0x00, 0x00, 0x00, 0x00, 0x00, 0x00, 0x00, 0xde, 0x00,
  0x00, 0x00, 0x00, 0x00, 0xe3, 0x00, 0x00, 0x00, 0xd7, 0xe4, 0x00, 0x00,
  0x00, 0xde, 0x00, 0x00, 0x00, 0x11, 0x00, 0xe3, 0x00, 0xf0, 0x00, 0x0b,
  0x00, 0x00, 0x00, 0xdf, 0x00, 0x00, 0x00, 0x00, 0x00, 0xde, 0x00, 0x00,
  0x00, 0x00, 0x00, 0x00, 0x00, 0x00, 0x00, 0x00, 0x00, 0xea, 0x00, 0x00,
  0x00, 0x00, 0x00, 0x16, 0x00, 0x00, 0x00, 0x00, 0x00, 0x0e, 0x00, 0xe8,
  0x00, 0x00, 0x06, 0x00, 0x00, 0xe6, 0x00, 0x00, 0x00, 0x00, 0x00, 0x00,
  0x00, 0x00, 0x13, 0x00, 0x00, 0x00, 0x00, 0xd2, 0x00, 0x00, 0x00, 0x00,
  0x00, 0xd0, 0x00, 0x00, 0xe9, 0x00, 0x00, 0xd6, 0x00, 0xe5, 0xe4, 0x00,
  0x00, 0xdb, 0x00, 0xd9, 0x00, 0x00, 0x00, 0xd1, 0x00, 0xd8, 0xea, 0x00,
  0x00, 0xdc, 0x00, 0xd2, 0x00, 0x00, 0x00, 0x00, 0x00, 0x00, 0x00, 0x00,
  0x00, 0x00, 0x00, 0x00, 0x00, 0x00, 0x00, 0x00, 0x20, 0x00, 0x00, 0x00,
  0x00, 0x00, 0x21, 0xdf, 0x00, 0x00, 0x00, 0x00, 0x21, 0xd6, 0x00, 0x00,
  0x00, 0x00, 0x20, 0x00, 0x11, 0x00, 0x00, 0x00, 0x24, 0x00, 0x00, 0xe6,
  0x00, 0x00, 0x10, 0xdf, 0x0e, 0xe7, 0x00, 0x00, 0x00, 0x00, 0x0c, 0x00,
  0x00, 0x00, 0x00, 0x00, 0x00, 0x00, 0x00, 0x00, 0x00, 0x00, 0x0a, 0xe6,
  0x00, 0x00, 0x00, 0x03, 0x00, 0xe4, 0x00, 0x00, 0x00, 0x00, 0x00, 0x00,
  0x00, 0x00, 0x00, 0x00, 0x00, 0xdd, 0x00, 0x00, 0x00, 0x00, 0x00, 0xdf,
  0x00, 0x00, 0xfe, 0x00, 0x00, 0xe4, 0x00, 0x00, 0x00, 0xdb, 0x00, 0x00,
  0x00, 0x00, 0xdd, 0xe3, 0xe3, 0x00, 0x2d, 0x00, 0xd9, 0xd5, 0x00, 0x00,
  0x00, 0x00, 0xea, 0xc6, 0x00, 0x00, 0x00, 0xdf, 0x00, 0x00, 0x00, 0x00,
  0x29, 0xd8, 0x00, 0xe2, 0x00, 0x00, 0x00, 0xd5, 0x00, 0x00, 0x00, 0x00,
  0x00, 0x00, 0x00, 0x00, 0x00, 0xe9, 0x00, 0xd8, 0x00, 0x00, 0x05, 0xe5,
  0x00, 0x00, 0x00, 0x00, 0x00, 0xe1, 0x00, 0x00, 0xeb, 0x00, 0x00, 0xdc,
  0x00, 0x00, 0xf3, 0x00, 0x00, 0xe1, 0x00, 0x00, 0x00, 0x00, 0x00, 0x00,
  0x00, 0x00, 0x00, 0x00, 0x00, 0x00, 0x00, 0x00, 0x00, 0x00, 0x00, 0xe6,
  0x00, 0x00, 0x00, 0x00, 0x00, 0x00, 0x00, 0x00, 0xf1, 0x00, 0x00, 0xe8,
  0x00, 0x00, 0x00, 0xd0, 0xe9, 0xea, 0x00, 0x00, 0x00, 0x00, 0x00, 0xe4,
  0x00, 0x00, 0xf2, 0x00, 0x00, 0x00, 0x00, 0x00, 0x00, 0xd4, 0x00, 0x00,
  0x00, 0x00, 0xec, 0x00, 0x00, 0x00, 0x00, 0x00, 0x00, 0x00, 0x11, 0x00,
  0x00, 0x00, 0x00, 0x00, 0x11, 0x00, 0x00, 0x00, 0x00, 0x00, 0x10, 0x00,
  0x00, 0x00, 0xfa, 0xd2, 0x0d, 0x00, 0x00, 0x00, 0x00, 0xd2, 0x00, 0xd0,
  0x00, 0x00, 0x00, 0x00, 0x10, 0xd7, 0x00, 0x00, 0xf8, 0x00, 0x00, 0xe0,
  0x00, 0x00, 0xed, 0x00, 0x00, 0xe2, 0x00, 0x00, 0xf4, 0x00, 0x00, 0xe0,
  0x00, 0x00, 0xf0, 0x00, 0x00, 0xd9, 0x00, 0x00, 0x00, 0x00, 0x00, 0x00,
  0x00, 0x00, 0x00, 0x00, 0x00, 0x00, 0x00, 0x00, 0x00, 0x00, 0x00, 0x00,
  0x00, 0x00, 0x00, 0x00, 0xe3, 0x00, 0x00, 0x00, 0x00, 0x00, 0xe1, 0x00,
  0x00, 0x00, 0x00, 0xd3, 0xda, 0x00, 0x00, 0x00, 0x00, 0xc7, 0x00, 0x00,
  0x00, 0x00, 0x00, 0xc8, 0x00, 0x16, 0x00, 0x00, 0x00, 0x00, 0x00, 0x0e,
  0x00, 0x00, 0x00, 0x00, 0x00, 0x07, 0xfb, 0x00, 0x00, 0xd3, 0x00, 0x00,
  0x00, 0x00, 0x00, 0x00, 0x00, 0x00, 0x00, 0x00, 0x00, 0x00, 0x00, 0x00,
  0x00, 0x00, 0x00, 0x00, 0x00, 0xe1, 0x00, 0x00, 0x00, 0x00, 0x00, 0x00,
  0x00, 0x00, 0x00, 0xf8, 0x00, 0x00, 0x00, 0x00, 0x00, 0x00, 0x00, 0xdd,
  0x00, 0x00, 0x00, 0x00, 0x00, 0x00, 0x00, 0x00, 0x00, 0x00, 0xe7, 0x00,
  0x00, 0x00, 0x12, 0x00, 0x00, 0x44, 0x00, 0x00, 0x00, 0x00, 0x19, 0x00,
  0x00, 0x00, 0x00, 0x00, 0x00, 0x38, 0x00, 0x00, 0x1a, 0x00, 0x00, 0x00,
  0x00, 0x00, 0x00, 0x1a, 0x00, 0x00, 0x00, 0x00, 0x14, 0x00, 0x00, 0x00,
  0x00, 0xe8, 0x00, 0x00, 0x00, 0x00, 0x00, 0xea, 0x00, 0x00, 0x00, 0x00,
  0x00, 0xe7, 0x00, 0x00, 0x00, 0x00, 0x00, 0x00, 0x00, 0x00, 0x00, 0x00,
  0x00, 0x00, 0x00, 0x00, 0x00, 0x00, 0x00, 0x00, 0x00, 0x00, 0x00, 0x00,
  0x00, 0x00, 0x00, 0x00, 0x00, 0x00, 0x00, 0x00, 0x00, 0x00, 0x00, 0x00,
  0xe4, 0x00, 0x00, 0x00, 0x00, 0x33, 0x00, 0x00, 0x00, 0x00, 0x00, 0x00,
  0xe6, 0x00, 0x00, 0x14, 0x1a, 0x00, 0xe1, 0x00, 0x00, 0x00, 0x1e, 0x00,
  0x00, 0x00, 0x00, 0x1b, 0x00, 0x00, 0x00, 0x00, 0x00, 0x00, 0x00, 0x00,
  0x00, 0x00, 0x00, 0x00, 0x00, 0x00, 0x00, 0x00, 0x00, 0x00, 0x00, 0x00,
  0x00, 0x00, 0x00, 0x00, 0x00, 0x00, 0x00, 0x00, 0x00, 0x00, 0x00, 0x00,
  0x00, 0x00, 0x00, 0x00, 0x00, 0x00, 0x00, 0x14, 0x00, 0x00, 0x00, 0x00,
  0x00, 0x00, 0x00, 0x00, 0x00, 0x00, 0x00, 0x00, 0x00, 0x11, 0x00, 0x00,
  0xe0, 0x00, 0x1e, 0x00, 0x00, 0x00, 0x00, 0x00, 0x16, 0x00, 0x00, 0x00,
  0x00, 0x00, 0x00, 0x20, 0x00, 0x00, 0x00, 0x00, 0x00, 0x22, 0x00, 0x00,
  0x00, 0x00, 0x00, 0x00, 0x00, 0x00, 0x00, 0x00, 0x00, 0x19, 0x00, 0x00,
  0x00, 0x00, 0xeb, 0x00, 0x00, 0x00, 0x00, 0x00, 0x00, 0x00, 0x00, 0x34,
  0x00, 0x00, 0x00, 0x00, 0x00, 0x39, 0x00, 0x00, 0x00, 0x00, 0x00, 0x00,
  0x00, 0x00, 0x00, 0x00, 0x16, 0x33, 0x00, 0x00, 0x00, 0x00, 0x14, 0x3a,
  0xea, 0x00, 0x00, 0x00, 0x19, 0x00, 0x00, 0x00, 0x00, 0x00, 0x00, 0x32,
  0x00, 0x00, 0x00, 0xef, 0x00, 0x00, 0x00, 0x00, 0x00, 0x00, 0x00, 0x00,
  0x00, 0x00, 0x00, 0x00, 0x00, 0x3a, 0x00, 0x00, 0x00, 0x00, 0x00, 0x00,
  0x00, 0x00, 0x00, 0xe3, 0x00, 0x00, 0x00, 0x00, 0x0f, 0x00, 0x00, 0x40,
  0x00, 0x00, 0x00, 0x00, 0x00, 0x00, 0xe4, 0x00, 0x00, 0x00, 0x00, 0x00,
  0x00, 0x00, 0x00, 0x00, 0x00, 0x00, 0x00, 0x00, 0x00, 0x12, 0x00, 0x00,
  0xe4, 0x00, 0x00, 0x2c, 0x00, 0x00, 0x00, 0x00, 0x00, 0x1b, 0x00, 0x00,
  0x00, 0x00, 0x00, 0x22, 0x15, 0x3e, 0xe1, 0x00, 0x00, 0x2a, 0x00, 0x00,
  0x00, 0x00, 0x00, 0x14, 0x00, 0x00, 0x00, 0x00, 0x00, 0x00, 0x00, 0x43,
  0x00, 0x00, 0x00, 0x00, 0x00, 0x2f, 0x00, 0x00, 0x00, 0x13, 0x00, 0x36,
  0x00, 0x00, 0x00, 0x00, 0x00, 0x00, 0x00, 0x00, 0x00, 0x00, 0x00, 0x00,
  0x00, 0x00, 0x00, 0x00, 0x00, 0x00, 0x00, 0x00, 0x28, 0x00, 0x00, 0x00,
  0x00, 0x00, 0x24, 0x00, 0x00, 0x3b, 0x00, 0x00, 0x1a, 0x00, 0x00, 0x00,
  0x00, 0x00, 0x13, 0x00, 0x00, 0x00, 0x00, 0x00, 0x18, 0x23, 0x00, 0x00,
  0x00, 0x00, 0x1a, 0x14, 0x00, 0x00, 0x00, 0x00, 0x00, 0x00, 0x00, 0x00,
  0x00, 0x00, 0x00, 0x15, 0x00, 0x00, 0x00, 0x00, 0x1a, 0x1b, 0x00, 0x39,
  0x00, 0x00, 0x00, 0x13, 0x00, 0x00, 0x00, 0x00, 0x00, 0x18, 0x00, 0x00,
  0x00, 0x00, 0x00, 0x00, 0x00, 0x34, 0xe9, 0xee, 0x00, 0x00, 0x12, 0x3b,
  0x00, 0x00, 0x0d, 0x00, 0x00, 0x3c, 0x00, 0x00, 0x0e, 0x11, 0x00, 0x00,
  0x00, 0x00, 0x00, 0x00, 0x00, 0x00, 0x00, 0x00, 0x00, 0x00, 0x00, 0x32,
  0x00, 0x00, 0x00, 0xe6, 0x00, 0x38, 0x00, 0x00, 0x00, 0xdd, 0x00, 0x00,
  0x00, 0x00, 0x00, 0xd2, 0x00, 0x00, 0xe6, 0x00, 0x0e, 0xd4, 0x00, 0x00,
  0x00, 0x00, 0x00, 0xdd, 0x00, 0x37, 0xdb, 0x00, 0x00, 0x00, 0x00, 0x00,
  0x00, 0x00, 0x19, 0x00, 0x13, 0x00, 0x00, 0x00, 0x1d, 0x00, 0x00, 0x00,
  0xd7, 0x00, 0x00, 0x1f, 0x14, 0x00, 0x00, 0x00, 0x00, 0x12, 0x12, 0x00,
  0x00, 0x00, 0x00, 0x00, 0x00, 0x00, 0xe3, 0x00, 0x0e, 0x12, 0x00, 0x00,
  0x00, 0x00, 0x00, 0x00, 0x00, 0x00, 0x00, 0x00, 0x00, 0x00, 0x00, 0x00,
  0x00, 0x00, 0x00, 0x00, 0x00, 0x3a, 0x00, 0x00, 0x00, 0x00, 0x00, 0x00,
  0x00, 0x00, 0x00, 0x00, 0x00, 0x37, 0x00, 0x00, 0x00, 0x00, 0x00, 0x00,
  0x00, 0x00, 0xf3, 0x00, 0x00, 0x3e, 0x00, 0xf2, 0x00, 0xe2, 0x00, 0x00,
  0x00, 0xe4, 0x00, 0xf7, 0x00, 0x00, 0x00, 0x00, 0x00, 0xf3, 0x00, 0x00,
  0x00, 0x00, 0x00, 0x00, 0x00, 0x0b, 0x00, 0x00, 0x00, 0x00, 0x00, 0x00,
  0x00, 0x00, 0xdd, 0x00, 0x00, 0x00, 0x00, 0x00, 0x00, 0x00, 0x00, 0x08,
  0x00, 0x00, 0x00, 0x00, 0x00, 0x00, 0x00, 0x00, 0x00, 0x00, 0x00, 0x00,
  0x00, 0x00, 0x00, 0x00, 0x00, 0x00, 0x00, 0x00, 0x00, 0x00, 0x00, 0x00,
  0x00, 0x00, 0x00, 0x00, 0x00, 0x00, 0x00, 0x00, 0x00, 0x00, 0x00, 0x00,
  0x00, 0x00, 0x00, 0x28, 0xe4, 0x00, 0x00, 0x00, 0x00, 0x00, 0x00, 0x00,
  0x00, 0x00, 0x00, 0x00, 0x00, 0x00, 0x00, 0x00, 0x00, 0x00, 0x00, 0x00,
  0x00, 0x00, 0x00, 0x00, 0x00, 0x00, 0x00, 0x00, 0x00, 0x00, 0x00, 0x00,
  0x00, 0x00, 0x00, 0x00, 0x00, 0x00, 0x00, 0x00, 0x00, 0x1e, 0xdd, 0x00,
  0x00, 0x00, 0x00, 0x00, 0xdd, 0xe4, 0x00, 0x00, 0x00, 0x1f, 0x00, 0x00,
  0x00, 0x00, 0x00, 0x1a, 0x00, 0x00, 0x00, 0x00, 0x00, 0x00, 0x00, 0x00,
  0x00, 0xe1, 0x00, 0x00, 0x00, 0xe9, 0x00, 0x00, 0x00, 0x00, 0x00, 0x00,
  0x00, 0x00, 0x00, 0xf1, 0x00, 0x00, 0x00, 0x00, 0xe5, 0x00, 0x00, 0x00,
  0x00, 0x00, 0xea, 0x00, 0x00, 0x00, 0x00, 0x00, 0xe6, 0xf4, 0x00, 0x00,
  0x00, 0x00, 0xe3, 0x00, 0x00, 0x00, 0x00, 0x00, 0xdc, 0x00, 0x00, 0x00,
  0x00, 0x00, 0xe0, 0xe2, 0x00, 0x00, 0x00, 0x00, 0x00, 0xdf, 0x00, 0x18,
  0x00, 0x00, 0x00, 0xf7, 0x00, 0x00, 0x00, 0x00, 0xea, 0x00, 0x00, 0x00,
  0x00, 0x00, 0xef, 0x00, 0x00, 0x17, 0x00, 0x00, 0xdf, 0x00, 0x00, 0x00,
  0x00, 0x00, 0x00, 0x00, 0x00, 0x1a, 0x00, 0x00, 0x00, 0xeb, 0x00, 0x00,
  0x00, 0x00, 0xe2, 0x00, 0x00, 0x00, 0x00, 0x00, 0xe7, 0x00, 0x00, 0x0c,
  0x00, 0x00, 0x00, 0x00, 0x00, 0x14, 0x00, 0x00, 0xf4, 0x00, 0x00, 0x00,
  0x00, 0x00, 0xe9, 0x00, 0x00, 0x00, 0x00, 0x00, 0xe0, 0x00, 0x00, 0x00,
  0x00, 0x00, 0x00, 0x00, 0x00, 0x00, 0x00, 0x00, 0x00, 0x00, 0x00, 0x00,
  0x00, 0x00, 0x00, 0x00, 0x00, 0x00, 0x00, 0x00, 0x00, 0x2b, 0x00, 0x00,
  0xfb, 0x00, 0x00, 0x00, 0x00, 0x00, 0x00, 0x00, 0x00, 0x00, 0x00, 0x00,
  0xfb, 0x00, 0x00, 0x00, 0xde, 0x00, 0x00, 0x00, 0x00, 0x00, 0xd8, 0x00,
  0x00, 0x00, 0x00, 0x00, 0x00, 0x00, 0x00, 0x00, 0x00, 0x00, 0xe3, 0x00,
  0x00, 0x00, 0x0e, 0x31, 0x00, 0x00, 0x00, 0xdb, 0x00, 0x00, 0xe5, 0x00,
  0x00, 0xd7, 0x16, 0x28, 0x00, 0x00, 0x00, 0xca, 0x00, 0x22, 0xde, 0x00,
  0x00, 0xda, 0x10, 0x21, 0x00, 0x00, 0x00, 0x00, 0x10, 0x00, 0xeb, 0x00,
  0x00, 0x00, 0x00, 0x00, 0x00, 0x00, 0x00, 0x00, 0x00, 0x00, 0xea, 0x00,
  0x00, 0x00, 0x16, 0xf4, 0x00, 0x00, 0x00, 0x00, 0x00, 0x00, 0x00, 0x00,
  0x00, 0x00, 0x09, 0xf3, 0x00, 0x00, 0x00, 0x00, 0x00, 0xea, 0x00, 0x00,
  0x00, 0x00, 0x00, 0xf0, 0x00, 0xe7, 0x00, 0x00, 0x1b, 0xee, 0x00, 0x00,
  0x00, 0xdf, 0x00, 0x00, 0x00, 0x00, 0x00, 0x00, 0x00, 0xe7, 0x00, 0x00,
  0x00, 0x00, 0x00, 0xfa, 0x00, 0x00, 0x00, 0x00, 0x00, 0xfa, 0x00, 0x00,
  0x00, 0x00, 0x00, 0x00, 0x00, 0x00, 0x00, 0x00, 0xda, 0xee, 0x00, 0x00,
  0x00, 0x00, 0xd0, 0x00, 0x00, 0x00, 0x00, 0x00, 0xe5, 0x00, 0x00, 0x00,
  0x00, 0x00, 0xe8, 0xfb, 0x00, 0x0f, 0x00, 0x00, 0xe4, 0x00, 0x00, 0x15,
  0x00, 0x00, 0xd0, 0x00, 0x00, 0x00, 0x00, 0x00, 0xd4, 0x00, 0x00, 0x14,
  0x00, 0xe4, 0xce, 0x00, 0x00, 0x1a, 0x00, 0xe0, 0xd3, 0x00, 0x00, 0x00,
  0x00, 0xe1, 0xd2, 0x00, 0x00, 0x0c, 0x00, 0x00, 0xca, 0x29, 0x00, 0x00,
  0x00, 0x00, 0xe6, 0x00, 0x00, 0x17, 0x00, 0x00, 0xec, 0x00, 0xe1, 0x12,
  0xf4, 0x00, 0x00, 0x00, 0x00, 0x0c, 0x00, 0x00, 0x00, 0xfe, 0x00, 0x00,
  0x00, 0x00, 0x00, 0x00, 0x00, 0x0c, 0x00, 0x00, 0x00, 0x00, 0x00, 0x00,
  0x00, 0x00, 0x00, 0x00, 0x00, 0x00, 0x00, 0x00, 0xe8, 0x00, 0x00, 0x00,
  0x00, 0xe8, 0x00, 0x00, 0x00, 0x00, 0x00, 0xd3, 0x00, 0x28, 0x00, 0xdf,
  0x00, 0xdb, 0x10, 0x00, 0x00, 0x00, 0x00, 0x00, 0x1a, 0x04, 0x00, 0xdc,
  0x00, 0x00, 0x00, 0x00, 0x00, 0x00, 0x00, 0x00, 0x00, 0x00, 0x00, 0xde,
  0x00, 0x00, 0x00, 0x00, 0x00, 0x00, 0x00, 0x00, 0x00, 0x00, 0x00, 0x00,
  0x00, 0x13, 0x00, 0x00, 0x00, 0xf2, 0x00, 0x00, 0x00, 0x00, 0x00, 0x00,
  0x00, 0x00, 0x00, 0x00, 0x00, 0x00, 0xed, 0x00, 0x00, 0x00, 0x00, 0x00,
  0x00, 0x00, 0x00, 0x0e, 0x00, 0x00, 0xf1, 0x00, 0x00, 0x00, 0x00, 0x00,
  0x00, 0x0f, 0x00, 0x00, 0x00, 0x10, 0x00, 0x13, 0x00, 0x00, 0x00, 0x00,
  0xef, 0x00, 0x00, 0x00, 0x00, 0x00, 0x00, 0x11, 0xf0, 0x00, 0x00, 0x00,
  0x00, 0x00, 0x00, 0xef, 0x00, 0x00, 0x00, 0x11, 0x10, 0x00, 0x00, 0x00,
  0x00, 0x00, 0x00, 0x00, 0x10, 0x00, 0x00, 0x00, 0x00, 0x00, 0x00, 0x00,
  0x00, 0x00, 0x00, 0x00, 0x00, 0x00, 0x00, 0x0f, 0x00, 0x00, 0x00, 0x00,
  0x00, 0x00, 0x00, 0x00, 0x00, 0x00, 0x00, 0x00, 0x00, 0x00, 0x00, 0x00,
  0x00, 0x11, 0x00, 0x00, 0x12, 0x0f, 0x00, 0x00, 0x00, 0xeb, 0x00, 0x00,
  0x00, 0x00, 0x00, 0x00, 0x00, 0x00, 0x00, 0x00, 0x00, 0x00, 0x00, 0x00,
  0x00, 0x00, 0x00, 0xf1, 0x00, 0x00, 0x00, 0x00, 0x00, 0x00, 0x00, 0x00,
  0x00, 0x00, 0x00, 0x00, 0x00, 0xf1, 0xf1, 0x00, 0x00, 0x00, 0x00, 0x00,
  0x00, 0x00, 0x00, 0x00, 0x00, 0x00, 0x00, 0x00, 0x00, 0x00, 0x00, 0x00,
  0x00, 0x00, 0x00, 0xf1, 0x00, 0x00, 0x00, 0x00, 0x00, 0xec, 0x00, 0x00,
  0x00, 0x00, 0x00, 0x00, 0x00, 0x00, 0x00, 0x00, 0x00, 0xeb, 0x13, 0x00,
  0x00, 0x00, 0x00, 0x00, 0x13, 0x00, 0x00, 0x00, 0x00, 0x00, 0x00, 0xf0,
  0x00, 0x00, 0x00, 0x00, 0x00, 0x00, 0x00, 0x00, 0xee, 0x00, 0x13, 0x00,
  0x00, 0x14, 0xed, 0x00, 0x00, 0x00, 0x00, 0x00, 0x00, 0x00, 0x00, 0x00,
  0x00, 0x00, 0x00, 0xef, 0x00, 0x0f, 0x00, 0x00, 0x00, 0x00, 0x00, 0x00,
  0x00, 0x00, 0x00, 0xf0, 0x10, 0x00, 0x00, 0x10, 0x00, 0x00, 0x00, 0x00,
  0x00, 0x00, 0x00, 0x00, 0x00, 0xf1, 0xee, 0x00, 0x00, 0xed, 0x00, 0x00,
  0xed, 0x00, 0x00, 0x00, 0x00, 0x00, 0xec, 0x00, 0x00, 0x00, 0x00, 0x00,
  0x0f, 0x13, 0x00, 0x00, 0x00, 0x00, 0x00, 0x10, 0x00, 0x00, 0xf1, 0x00,
  0x00, 0x0f, 0x10, 0x00, 0x00, 0x00, 0x00, 0x00, 0x00, 0x00, 0x00, 0x00,
  0x00, 0x00, 0x00, 0x00, 0x00, 0x00, 0x00, 0x00, 0x00, 0x00, 0x11, 0x00,
  0xed, 0x00, 0x00, 0xef, 0x00, 0x00, 0x00, 0x00, 0x00, 0x00, 0x00, 0x0f,
  0x00, 0x00, 0xf1, 0x00, 0x00, 0x00, 0x00, 0x00, 0x00, 0x00, 0x00, 0x00,
  0xef, 0x00, 0xf2, 0x00, 0x00, 0xf0, 0x00, 0x0f, 0x00, 0x00, 0x00, 0x00,
  0x00, 0x0f, 0x00, 0x00, 0x00, 0x00, 0x00, 0x00, 0x00, 0xf1, 0x00, 0x00,
  0x00, 0x00, 0x00, 0x00, 0x00, 0x00, 0x00, 0x00, 0x00, 0x00, 0x00, 0x0f,
  0xf1, 0x00, 0x00, 0xec, 0x00, 0x00, 0x00, 0x0f, 0x00, 0xf1, 0x00, 0x00,
  0x00, 0x00, 0x00, 0x00, 0x00, 0x00, 0xea, 0x12, 0x00, 0x00, 0x00, 0x00,
  0x00, 0x0f, 0x00, 0x00, 0x00, 0x00, 0xf0, 0x00, 0x00, 0x00, 0x00, 0x00,
  0x00, 0x00, 0x00, 0x00, 0x00, 0x00, 0x00, 0x00, 0x00, 0xeb, 0x00, 0x00,
  0x00, 0x14, 0x00, 0x00, 0x00, 0x00, 0x00, 0x00, 0x00, 0x00, 0x00, 0x00,
  0x00, 0x00, 0x00, 0x00, 0x00, 0x00, 0x00, 0x00, 0x00, 0x00, 0x00, 0x00,
  0xf1, 0x00, 0x00, 0x00, 0x11, 0x00, 0x00, 0x00, 0x00, 0x00, 0x0f, 0x00,
  0x00, 0x13, 0x00, 0x00, 0x00, 0x00, 0x00, 0x10, 0x00, 0x00, 0x00, 0x00,
  0x00, 0x10, 0xed, 0x00, 0x00, 0x00, 0x00, 0x00, 0x00, 0x00, 0x00, 0x00,
  0x00, 0x00, 0xf1, 0x00, 0x00, 0x00, 0x00, 0x11, 0x00, 0x00, 0x00, 0x00,
  0x00, 0x00, 0x00, 0xf0, 0x00, 0x00, 0x00, 0x00, 0x00, 0x00, 0x00, 0x00,
  0x00, 0x00, 0x00, 0x00, 0x00, 0x00, 0x00, 0x00, 0x00, 0x00, 0x00, 0x00,
  0xf1, 0x00, 0x0f, 0x00, 0x00, 0x00, 0x00, 0x00, 0x00, 0x00, 0x00, 0x00,
  0xee, 0x00, 0x00, 0xf1, 0x00, 0x00, 0x00, 0x00, 0x00, 0x00, 0x00, 0x00,
  0x00, 0x0f, 0x00, 0xed, 0x00, 0x0f, 0x00, 0x00, 0x00, 0x00, 0x00, 0x00,
  0x00, 0x00, 0x00, 0xef, 0x00, 0x00, 0x00, 0x11, 0x00, 0x00, 0x14, 0x0e,
  0x00, 0x00, 0x00, 0x00, 0x10, 0x00, 0x00, 0x00, 0x00, 0x00, 0x00, 0x00,
  0x00, 0x00, 0x00, 0x00, 0x00, 0xee, 0x00, 0x00, 0x00, 0x00, 0x00, 0x00,
  0x00, 0x00, 0x00, 0x00, 0x29, 0x22, 0xf0, 0x00, 0x00, 0x00, 0x00, 0x24,
  0x00, 0x00, 0x16, 0x00, 0x00, 0x00, 0x00, 0x00, 0x00, 0x00, 0x00, 0x00,
  0x00, 0x00, 0x00, 0x00, 0x00, 0x00, 0x00, 0x00, 0x00, 0x00, 0x00, 0x00,
  0x00, 0x00, 0x00, 0x00, 0x00, 0x00, 0x00, 0x00, 0x00, 0x00, 0x00, 0x00,
  0x02, 0x00, 0x00, 0x00, 0x00, 0x00, 0x00, 0x00, 0x00, 0x00, 0x00, 0x00,
  0x00, 0x00, 0x00, 0x00, 0x00, 0x00, 0x00, 0x00, 0x00, 0x00, 0x00, 0x00,
  0x00, 0x00, 0x0e, 0x00, 0x00, 0x00, 0x00, 0x00, 0x00, 0x00, 0x00, 0x00,
  0x00, 0xf0, 0x00, 0x00, 0x00, 0x00, 0x00, 0x00, 0xd4, 0x2c, 0x00, 0x00,
  0x00, 0x00, 0x00, 0x00, 0x00, 0x00, 0x00, 0x00, 0x00, 0x00, 0x00, 0x00,
  0x00, 0x00, 0xf9, 0x00, 0x00, 0x00, 0x00, 0x00, 0x00, 0x00, 0x00, 0x00,
  0x00, 0x00, 0x00, 0x00, 0x00, 0x00, 0x00, 0x00, 0x00, 0x00, 0x00, 0x00,
  0x00, 0x00, 0x00, 0x00, 0x00, 0x00, 0x00, 0x00, 0x00, 0x28, 0x00, 0x00,
  0x00, 0x00, 0x00, 0x00, 0x00, 0x00, 0x00, 0x00, 0x00, 0x00, 0x00, 0x00,
  0x00, 0x00, 0x00, 0x00, 0x00, 0x00, 0x00, 0x00, 0x00, 0x00, 0x00, 0x00,
  0x00, 0x00, 0x00, 0x00, 0x00, 0x00, 0xef, 0x10, 0x00, 0x00, 0x00, 0x00,
  0x00, 0x00, 0x00, 0x00, 0x00, 0x21, 0x00, 0x00, 0x00, 0x00, 0x00, 0x00,
  0x00, 0x00, 0x00, 0x00, 0x00, 0x00, 0x00, 0x00, 0x00, 0x00, 0x00, 0x00,
  0x00, 0x00, 0x00, 0x00, 0x00, 0x00, 0x00, 0x00, 0x00, 0x00, 0x00, 0x00,
  0x00, 0x00, 0x00, 0x00, 0x00, 0x00, 0xf5, 0x00, 0x00, 0x00, 0x00, 0x00,
  0x00, 0x00, 0x00, 0x00, 0x00, 0x00, 0x00, 0x00, 0x00, 0x00, 0x00, 0x00,
  0x00, 0xf1, 0x00, 0x00, 0x00, 0x00, 0x00, 0x00, 0x00, 0x00, 0x00, 0x00,
  0x00, 0x00, 0x00, 0x00, 0x00, 0x00, 0x00, 0xf0, 0x18, 0x00, 0x00, 0x00,
  0x00, 0x00, 0x00, 0x00, 0x00, 0x00, 0x00, 0x00, 0x00, 0x00, 0x00, 0x19,
  0x00, 0x00, 0x00, 0x00, 0x00, 0x00, 0x00, 0x00, 0x00, 0x00, 0x00, 0x00,
  0x00, 0x00, 0x00, 0x00, 0x00, 0x00, 0x00, 0x00, 0x00, 0x00, 0x00, 0x00,
  0xf0, 0x00, 0x00, 0x00, 0x00, 0x00, 0x00, 0x00, 0x00, 0x00, 0x00, 0x1c,
  0xf1, 0x00, 0x00, 0x00, 0x00, 0x00, 0x00, 0x00, 0xd4, 0x00, 0x00, 0x00,
  0x00, 0xeb, 0x00, 0x00, 0x00, 0x25, 0x00, 0x00, 0xd6, 0x00, 0x00, 0x00,
  0x00, 0x00, 0x00, 0x00, 0x00, 0x00, 0x00, 0x00, 0x00, 0x00, 0x00, 0x2d,
  0x00, 0x00, 0x00, 0x00, 0x00, 0x00, 0x00, 0x00, 0x10, 0x00, 0x00, 0x00,
  0x00, 0x00, 0x00, 0x00, 0x00, 0x00, 0xf8, 0x00, 0x00, 0x00, 0x00, 0x00,
  0x00, 0x00, 0x00, 0x00, 0x00, 0x29, 0x00, 0x00, 0x00, 0x00, 0x00, 0x00,
  0x00, 0x00, 0x00, 0x00, 0x00, 0x00, 0x19, 0x00, 0x00, 0x00, 0x00, 0x00,
  0x00, 0x00, 0x2a, 0x00, 0x00, 0x00, 0x00, 0x00, 0x2a, 0x00, 0x00, 0x00,
  0x00, 0x00, 0x24, 0x16, 0x00, 0x00, 0x00, 0x00, 0x2a, 0x00, 0x00, 0x00,
  0x00, 0x00, 0x00, 0x00, 0x00, 0x00, 0x00, 0x00, 0x00, 0x00, 0x00, 0x00,
  0x00, 0x00, 0x00, 0x00, 0x00, 0x00, 0x00, 0x00, 0x00, 0x00, 0x00, 0x00,
  0xde, 0x00, 0x00, 0x00, 0x00, 0x00, 0x00, 0x00, 0x00, 0x00, 0x00, 0x00,
  0x00, 0x00, 0x00, 0x00, 0x00, 0x00, 0x00, 0x00, 0x00, 0x00, 0x00, 0x00,
  0x00, 0x00, 0xe0, 0x00, 0x00, 0x00, 0x00, 0x00, 0xdb, 0x00, 0x00, 0x00,
  0x00, 0x00, 0x00, 0x00, 0x00, 0x00, 0x00, 0x00, 0xce, 0x00, 0x00, 0x00,
  0x00, 0x00, 0xe3, 0x00, 0x00, 0x00, 0x00, 0x00, 0x00, 0x00, 0x00, 0x00,
  0x00, 0x00, 0x00, 0x00, 0x00, 0x00, 0x00, 0x00, 0x00, 0x00, 0x00, 0x00,
  0x00, 0x00, 0x00, 0x00, 0x00, 0x2f, 0x00, 0x00, 0x00, 0x00, 0x00, 0x00,
  0x00, 0xec, 0xdd, 0x00, 0x00, 0x00, 0x00, 0x00, 0xda, 0x00, 0x00, 0x34,
  0x10, 0x00, 0x00, 0x17, 0x00, 0x00, 0x00, 0x00, 0x00, 0x00, 0x00, 0x39,
  0x00, 0x00, 0x00, 0x00, 0x00, 0x00, 0x13, 0x00, 0xeb, 0x00, 0x00, 0x3c,
  0x10, 0x00, 0x00, 0x00, 0x00, 0x3a, 0x00, 0x00, 0x00, 0x00, 0x00, 0x00,
  0x00, 0x00, 0x00, 0x00, 0x00, 0x3a, 0x00, 0x00, 0x00, 0x00, 0x00, 0x00,
  0x00, 0x00, 0x00, 0x00, 0x00, 0x00, 0x00, 0x00, 0x00, 0x00, 0x00, 0x00,
  0x00, 0x00, 0x00, 0x00, 0xda, 0x00, 0x00, 0x1c, 0x00, 0x00, 0x00, 0x00,
  0x00, 0x00, 0xdb, 0x00, 0x00, 0x00, 0x00, 0x00, 0x00, 0xf8, 0x00, 0x00,
  0xf4, 0x00, 0xf5, 0x00, 0x00, 0x00, 0x00, 0x00, 0xf1, 0x00, 0x00, 0x00,
  0x00, 0x00, 0x00, 0x00, 0x00, 0x00, 0x02, 0x00, 0x00, 0xf7, 0x00, 0x00,
  0x00, 0x00, 0x1d, 0xfb, 0x00, 0x00, 0x00, 0x00, 0x00, 0xf6, 0x00, 0xe5,
  0x00, 0x00, 0x00, 0xf8, 0x06, 0x00, 0x00, 0x00, 0x00, 0xf1, 0x00, 0x00,
  0x00, 0x00, 0x00, 0x00, 0x00, 0x00, 0x00, 0x00, 0x00, 0x00, 0x00, 0x00,
  0x00, 0x00, 0x21, 0x00, 0x0f, 0x00, 0x00, 0x00, 0x2b, 0xda, 0x00, 0x00,
  0xfc, 0x00, 0x2e, 0xd7, 0x00, 0x00, 0x00, 0x00, 0x00, 0xe2, 0x00, 0x00,
  0x00, 0x00, 0x14, 0xd7, 0x1e, 0x00, 0x00, 0x00, 0x24, 0x00, 0x00, 0x00,
  0xf8, 0x00, 0x00, 0x00, 0x00, 0x00, 0xfe, 0x00, 0x00, 0xe2, 0x00, 0x00,
  0x00, 0x00, 0x00, 0xe5, 0x00, 0x00, 0xf7, 0x00, 0x00, 0xed, 0x26, 0x00,
  0x00, 0x00, 0xf4, 0xf0, 0x00, 0x00, 0x00, 0x00, 0x00, 0x00, 0x00, 0xdc,
  0x00, 0x12, 0x00, 0xfb, 0x0f, 0x00, 0xfe, 0x00, 0x00, 0x00, 0x00, 0x00,
  0xfa, 0xee, 0x00, 0x00, 0x00, 0x00, 0xfd, 0xf8, 0xe1, 0x00, 0x00, 0x00,
  0x00, 0xf6, 0xd8, 0x00, 0x00, 0xe2, 0x00, 0x00, 0xd9, 0x00, 0x00, 0x00,
  0x00, 0x00, 0x00, 0x00, 0x00, 0x00, 0xf7, 0x00, 0x00, 0x00, 0x00, 0x00,
  0x00, 0x0f, 0x00, 0x00, 0x00, 0xdf, 0x16, 0x00, 0x00, 0x00, 0x00, 0x00,
  0x00, 0x00, 0xe1, 0x00, 0x00, 0x00, 0x00, 0x00, 0x00, 0x00, 0x00, 0x00,
  0x00, 0x00, 0x00, 0x00, 0x00, 0xe8, 0x00, 0x00, 0x00, 0x00, 0x00, 0x00,
  0x00, 0x00, 0xf3, 0x00, 0x00, 0xe3, 0xf2, 0x00, 0x00, 0x00, 0x00, 0x00,
  0x00, 0x00, 0x00, 0x00, 0x00, 0x00, 0x00, 0x00, 0x17, 0x00, 0x00, 0xde,
  0x00, 0x00, 0x00, 0x00, 0x00, 0x00, 0x00, 0x00, 0x00, 0x00, 0x09, 0x00,
  0x00, 0x00, 0x00, 0xfd, 0x00, 0x00, 0x00, 0x00, 0x00, 0x00, 0x00, 0xd4,
  0x00, 0x00, 0x28, 0x00, 0x13, 0x00, 0x00, 0x00, 0x00, 0xfd, 0x00, 0xe1,
  0x00, 0x00, 0x1f, 0xee, 0x00, 0x00, 0x00, 0x00, 0x1f, 0x00, 0x1b, 0x00,
  0xfd, 0x00, 0x31, 0xf9, 0x00, 0xdd, 0x00, 0x00, 0x00, 0xf3, 0x00, 0x00,
  0x00, 0x00, 0x00, 0xfb, 0x23, 0x00, 0x00, 0x00, 0x00, 0xec, 0x00, 0x00,
  0x00, 0x00, 0x00, 0xe4, 0x2f, 0x00, 0xf7, 0xfb, 0x00, 0x00, 0x00, 0x00,
  0x00, 0x00, 0x00, 0xf3, 0x1e, 0x00, 0x00, 0x0c, 0xf4, 0xf6, 0x2a, 0x00,
  0x00, 0x00, 0xee, 0x00, 0x22, 0x00, 0x00, 0x00, 0x00, 0x00, 0x00, 0x00,
  0x00, 0x00, 0x00, 0x00, 0x18, 0x00, 0x00, 0x00, 0x00, 0x11, 0x16, 0x00,
  0x00, 0x00, 0x00, 0x00, 0x00, 0x00, 0x00, 0x00, 0xe1, 0x00, 0x0c, 0x00,
  0x13, 0x00, 0x00, 0x00, 0x00, 0x00, 0x00, 0x00, 0x00, 0x00, 0x00, 0x00,
  0xf6, 0x00, 0xcd, 0x44, 0x00, 0x00, 0xfb, 0x00, 0x00, 0x00, 0x00, 0x00,
  0x00, 0x00, 0x00, 0x24, 0xdf, 0x00, 0x00, 0x00, 0x00, 0x00, 0xdf, 0x0b,
  0x00, 0x00, 0x00, 0x00, 0x00, 0x00, 0x00, 0x00, 0xee, 0x00, 0x00, 0x06,
  0x00, 0x00, 0x00, 0x00, 0x00, 0x00, 0x00, 0x00, 0x00, 0x00, 0x00, 0x00,
  0x00, 0x00, 0xde, 0x00, 0x00, 0x00, 0xf0, 0x00, 0x00, 0x00, 0x00, 0x00,
  0x00, 0x00, 0x00, 0x00, 0x00, 0x00, 0xfd, 0x00, 0x23, 0x00, 0x00, 0x00,
  0x00, 0x0b, 0x00, 0x00, 0x00, 0x00, 0x00, 0x00, 0x08, 0x00, 0x00, 0x00,
  0x00, 0x00, 0x0c, 0x00, 0x00, 0x00, 0x00, 0x00, 0x00, 0x00, 0x00, 0x00,
  0x00, 0x00, 0x00, 0x00, 0x00, 0x00, 0x00, 0x0e, 0x00, 0x00, 0x00, 0x00,
  0x00, 0x00, 0x20, 0x02, 0x00, 0x00, 0x00, 0x00, 0x1a, 0xf9, 0x00, 0x00,
  0x00, 0x00, 0x12, 0xf1, 0x2b, 0x00, 0x00, 0x00, 0x00, 0x02, 0x00, 0xd7,
  0x00, 0x00, 0x1d, 0x04, 0x2c, 0xd7, 0x00, 0x00, 0x00, 0xf8, 0x00, 0x00,
  0x00, 0x03, 0x00, 0x00, 0x00, 0xd8, 0x02, 0xfd, 0x00, 0xf4, 0x00, 0x00,
  0x0a, 0x00, 0x00, 0x07, 0x00, 0x00, 0x00, 0x00, 0xd4, 0x01, 0x27, 0x00,
  0x00, 0x00, 0x00, 0x03, 0x00, 0xd3, 0x04, 0x12, 0xd5, 0x08, 0x00, 0xd0,
  0x01, 0x00, 0x00, 0x09, 0x00, 0x00, 0x00, 0x00, 0xe4, 0x00, 0x00, 0x00,
  0x00, 0x17, 0x00, 0x00, 0x00, 0x00, 0x00, 0x00, 0xec, 0xed, 0x00, 0xef,
  0xeb, 0x10, 0x00, 0x00, 0x00, 0x00, 0x00, 0x10, 0x15, 0x00, 0x10, 0x00,
  0x00, 0x00, 0xec, 0xed, 0x00, 0xf0, 0x00, 0x19, 0x10, 0xef, 0x00, 0xf0,
  0xf0, 0x00, 0x00, 0x00, 0x00, 0x00, 0xeb, 0x00, 0x00, 0x00, 0x00, 0x00,
  0x00, 0x00, 0x00, 0x00, 0x00, 0x00, 0xef, 0x00, 0x00, 0xeb, 0x00, 0x0f,
  0xf0, 0x00, 0x00, 0x00, 0x00, 0x00, 0x00, 0x13, 0x00, 0x00, 0x00, 0x00,
  0x00, 0x00, 0x00, 0xec, 0x00, 0x00, 0x00, 0x00, 0x00, 0x00, 0x10, 0x00,
  0x00, 0x00, 0x00, 0x00, 0x00, 0x00, 0x12, 0x00, 0x00, 0x00, 0x13, 0x00,
  0x00, 0x11, 0x00, 0x00, 0x00, 0x00, 0x00, 0x00, 0xee, 0x00, 0x00, 0x00,
  0xee, 0x00, 0x00, 0x00, 0x00, 0x00, 0x00, 0x00, 0xee, 0x00, 0x00, 0x00,
  0x00, 0x00, 0x00, 0x00, 0x00, 0x00, 0x00, 0x0f, 0x00, 0x00, 0x00, 0x00,
  0x00, 0x00, 0x00, 0x00, 0x00, 0x00, 0x00, 0x11, 0xf0, 0x00, 0x00, 0x00,
  0x00, 0x00, 0x12, 0x00, 0x00, 0x00, 0x00, 0x00, 0x00, 0x00, 0x00, 0x0f,
  0x00, 0x00, 0x00, 0x00, 0x0f, 0x0e, 0x00, 0x00, 0x00, 0x00, 0x00, 0x00,
  0x00, 0x00, 0x00, 0x00, 0x00, 0x00, 0x00, 0x00, 0x00, 0x00, 0x00, 0x00,
  0x00, 0x00, 0x00, 0x00, 0x00, 0x00, 0x00, 0x00, 0x00, 0xeb, 0x00, 0x00,
  0x00, 0x00, 0x00, 0x00, 0x13, 0x00, 0x00, 0x00, 0x00, 0x00, 0x14, 0x00,
  0x00, 0x00, 0xeb, 0xec, 0x00, 0x00, 0x00, 0x00, 0x00, 0x00, 0x00, 0x00,
  0x00, 0x14, 0x00, 0x00, 0x00, 0x00, 0x00, 0x13, 0x00, 0x00, 0x00, 0x00,
  0x00, 0x00, 0x00, 0x00, 0x00, 0x00, 0xf1, 0x00, 0x00, 0x00, 0x00, 0x00,
  0xeb, 0x00, 0x18, 0x00, 0x00, 0x00, 0xee, 0x11, 0x00, 0x00, 0x11, 0x00,
  0x00, 0x12, 0x00, 0x00, 0x0f, 0x00, 0xf0, 0x00, 0x00, 0x00, 0x00, 0x00,
  0x00, 0x00, 0x00, 0x00, 0x00, 0x00, 0x00, 0x11, 0x00, 0x00, 0x00, 0x00,
  0x00, 0x00, 0x00, 0xec, 0x00, 0xf1, 0x11, 0x00, 0x00, 0x00, 0x00, 0x00,
  0x00, 0x00, 0x00, 0x00, 0x00, 0x00, 0xf1, 0x00, 0x00, 0x00, 0x0f, 0x00,
  0x00, 0x00, 0x00, 0x00, 0x00, 0x00, 0x00, 0x00, 0xed, 0x00, 0x11, 0x00,
  0x00, 0x00, 0x00, 0xec, 0x00, 0x00, 0x00, 0x00, 0x00, 0x00, 0x15, 0x00,
  0xeb, 0x12, 0x00, 0x00, 0x00, 0x10, 0x00, 0x00, 0xef, 0x00, 0x00, 0x00,
  0x00, 0x00, 0x00, 0x00, 0x00, 0x00, 0x00, 0x00, 0x00, 0x00, 0x0f, 0x00,
  0x00, 0x00, 0x00, 0x00, 0x00, 0x00, 0x00, 0x00, 0x00, 0x00, 0x00, 0x00,
  0x00, 0x00, 0x00, 0x00, 0x0e, 0x00, 0x00, 0x00, 0x00, 0x00, 0x12, 0xf1,
  0x00, 0x00, 0x00, 0x00, 0x13, 0x00, 0x00, 0x13, 0xea, 0x00, 0x15, 0x00,
  0x00, 0x14, 0x00, 0x00, 0x00, 0x00, 0x00, 0x00, 0x00, 0x00, 0x00, 0x00,
  0x00, 0x0e, 0x00, 0xef, 0x00, 0x10, 0x00, 0x10, 0x00, 0x00, 0x00, 0x00,
  0x00, 0x12, 0x00, 0xea, 0x00, 0x00, 0x00, 0x00, 0x00, 0x00, 0x00, 0x00,
  0x00, 0x00, 0x00, 0x00, 0x00, 0x0f, 0x00, 0x12, 0x00, 0x00, 0x00, 0x00,
  0x00, 0x00, 0x00, 0x00, 0x00, 0x00, 0x00, 0x00, 0x00, 0x00, 0x00, 0x00,
  0x00, 0x00, 0x00, 0x00, 0x00, 0x00, 0x00, 0x00, 0x00, 0xec, 0x00, 0x00,
  0x00, 0x12, 0x00, 0x00, 0x00, 0x00, 0x00, 0x17, 0x00, 0x00, 0x00, 0x00,
  0x00, 0x0f, 0x00, 0x00, 0x00, 0x00, 0x00, 0x00, 0x00, 0x00, 0x00, 0x00,
  0x00, 0x00, 0x00, 0x00, 0x00, 0xf0, 0x00, 0x10, 0x00, 0x00, 0x00, 0x00,
  0x00, 0x00, 0x00, 0xf1, 0x14, 0x00, 0x00, 0x00, 0x00, 0x00, 0x10, 0x00,
  0x00, 0x00, 0x00, 0x00, 0x00, 0x00, 0x00, 0x00, 0x00, 0xf1, 0x00, 0x00,
  0x00, 0x00, 0x00, 0x00, 0x00, 0x00, 0x00, 0x00, 0x00, 0x00, 0x00, 0x00,
  0x00, 0x00, 0x0f, 0x00, 0x00, 0x00, 0x00, 0x00, 0x00, 0x00, 0x00, 0x0f,
  0x00, 0x00, 0xed, 0x00, 0x00, 0x00, 0x00, 0x11, 0x00, 0x00, 0x00, 0x00,
  0x00, 0x00, 0x00, 0xee, 0x00, 0x00, 0x00, 0x00, 0x12, 0x00, 0x00, 0x00,
  0x00, 0x00, 0x00, 0x00, 0x16, 0x00, 0x00, 0x00, 0x00, 0x00, 0x00, 0xef,
  0xf1, 0x00, 0x00, 0xec, 0x10, 0xf1, 0xeb, 0x00, 0x00, 0xeb, 0x00, 0x00,
  0x00, 0x00, 0x00, 0x00, 0x0f, 0x00, 0x00, 0x00, 0x00, 0x00, 0x00, 0x00,
  0x00, 0x00, 0x00, 0xe8, 0x11, 0x00, 0x00, 0x11, 0x00, 0x00, 0x00, 0x00,
  0x00, 0x00, 0xef, 0x00, 0x10, 0x00, 0x00, 0x00, 0x00, 0x00, 0x00, 0x00,
  0xee, 0x10, 0x10, 0xf0, 0x00, 0x00, 0x00, 0x12, 0x00, 0x00, 0x00, 0x00,
  0x00, 0x00, 0x00, 0xea, 0x00, 0x00, 0xef, 0x00, 0x00, 0xec, 0x00, 0xeb,
  0x00, 0x00, 0x00, 0xe5, 0x00, 0x00, 0x00, 0x00, 0x00, 0x00, 0x00, 0xec,
  0x00, 0x00, 0x0f, 0xe9, 0x00, 0x00, 0x00, 0x00, 0x00, 0x00, 0x0f, 0xeb,
  0x00, 0x00, 0x00, 0x00, 0x00, 0x00, 0xf1, 0x00, 0x00, 0x00, 0x00, 0x00,
  0xf2, 0x00, 0x00, 0xe5, 0x00, 0x00, 0x00, 0x00, 0x00, 0xe6, 0x00, 0x00,
  0x00, 0x00, 0x00, 0x00, 0x00, 0x00, 0x00, 0x00, 0x00, 0x00, 0x00, 0xf0,
  0x00, 0x00, 0x00, 0x00, 0x00, 0x00, 0x00, 0x00, 0x00, 0xe4, 0x00, 0x00,
  0x00, 0x00, 0xf1, 0xe7, 0x00, 0xed, 0x00, 0x00, 0xf0, 0x00, 0x00, 0x00,
  0x00, 0x00, 0x00, 0xe6, 0x00, 0x00, 0x00, 0x00, 0x00, 0x00, 0x00, 0x00,
  0x00, 0x0f, 0x00, 0x00, 0x00, 0x00, 0x00, 0x00, 0x00, 0x00, 0x00, 0x00,
  0x00, 0x00, 0x13, 0x00, 0x0f, 0x00, 0x00, 0x13, 0x00, 0xe7, 0x00, 0x00,
  0x00, 0x00, 0x00, 0x00, 0x00, 0xeb, 0x00, 0x00, 0x00, 0x00, 0x00, 0x00,
  0x00, 0x00, 0x00, 0x00, 0x00, 0x00, 0x00, 0x0f, 0x00, 0xe7, 0x00, 0x00,
  0x00, 0x00, 0x00, 0xea, 0x00, 0x00, 0xf2, 0x00, 0x00, 0xf1, 0x00, 0x00,
  0x00, 0x00, 0x00, 0xe9, 0x00, 0x00, 0x00, 0x00, 0x0f, 0x00, 0x00, 0xf0,
  0x00, 0x00, 0x00, 0xed, 0x00, 0x00, 0xef, 0x00, 0x00, 0x00, 0x00, 0x00,
  0x00, 0x00, 0x13, 0x00, 0x00, 0x00, 0x00, 0x16, 0x00, 0x00, 0x00, 0x00,
  0x00, 0x00, 0x00, 0x00, 0x00, 0xec, 0x00, 0x14, 0x11, 0x00, 0x00, 0x00,
  0xf1, 0x00, 0x00, 0x00, 0x00, 0x00, 0x00, 0x00, 0x00, 0xed, 0x00, 0x00,
  0x00, 0x00, 0x00, 0xed, 0x00, 0x00, 0x00, 0x00, 0x00, 0x00, 0x00, 0x00,
  0x00, 0x00, 0x00, 0x00, 0x13, 0x00, 0x00, 0x00, 0x00, 0xe7, 0x00, 0x00,
  0x00, 0x11, 0x00, 0xeb, 0x00, 0x00, 0x00, 0x0f, 0xee, 0xe7, 0x00, 0x00,
  0x00, 0x00, 0x00, 0xe6, 0x00, 0x00, 0x00, 0x00, 0x00, 0xea, 0x00, 0x00,
  0x00, 0x0f, 0x00, 0x00, 0x00, 0x00, 0x00, 0x00, 0x00, 0xed, 0x00, 0x00,
  0xf1, 0x12, 0x00, 0xef, 0x00, 0x00, 0xf0, 0x00, 0x00, 0x00, 0x00, 0x00,
  0x00, 0x13, 0x00, 0x00, 0x00, 0x00, 0x00, 0x00, 0x00, 0x00, 0x00, 0x00,
  0x00, 0x00, 0x00, 0x00, 0x00, 0x00, 0x00, 0x00, 0x00, 0x00, 0x00, 0x00,
  0x00, 0x00, 0x10, 0x00, 0x13, 0x00, 0x00, 0x00, 0x00, 0x00, 0x00, 0x00,
  0x00, 0x00, 0x00, 0x00, 0x00, 0x00, 0xf1, 0x00, 0x0f, 0xea, 0x00, 0x00,
  0x00, 0x00, 0x00, 0x00, 0x0f, 0x00, 0x00, 0x12, 0x00, 0x00, 0x00, 0x00,
  0x00, 0x00, 0x00, 0xe6, 0x0e, 0x00, 0xf2, 0x00, 0x00, 0xe5, 0x00, 0x00,
  0x00, 0x00, 0x00, 0x00, 0x00, 0x00, 0x00, 0x00, 0x00, 0xf1, 0x11, 0x00,
  0x00, 0x11, 0x00, 0x00, 0x00, 0x00, 0x00, 0x00, 0xf1, 0xee, 0x13, 0x00,
  0x00, 0x00, 0x00, 0x00, 0x12, 0xf1, 0x00, 0x13, 0x00, 0x00, 0x00, 0x00,
  0x00, 0x00, 0x00, 0xe3, 0x00, 0x00, 0x00, 0x00, 0x00, 0xee, 0x00, 0x00,
  0x00, 0x00, 0x00, 0xf0, 0x00, 0x00, 0x00, 0x00, 0x00, 0x00, 0x00, 0xea,
  0x00, 0x00, 0x00, 0xeb, 0x11, 0x00, 0x00, 0x00, 0x00, 0x00, 0x13, 0x00,
  0x00, 0x00, 0x00, 0x00, 0x10, 0x00, 0x00, 0x00, 0x00, 0xe7, 0x00, 0xee,
  0x00, 0x00, 0x00, 0x00, 0x00, 0xec, 0x00, 0x00, 0x00, 0xe5, 0x00, 0xf2,
  0x00, 0x00, 0x00, 0x00, 0x00, 0x00, 0x00, 0x00, 0x00, 0x00, 0x14, 0x00,
  0x00, 0x00, 0x00, 0xe3, 0x00, 0x00, 0x00, 0x00, 0x00, 0x00, 0x00, 0x00,
  0x00, 0x00, 0x00, 0x00, 0x00, 0x00, 0x00, 0x00, 0x00, 0x00, 0x00, 0x00,
  0xf1, 0x00, 0x00, 0x00, 0x00, 0x00, 0x00, 0x00, 0x00, 0xe6, 0x00, 0xee,
  0x00, 0x00, 0x00, 0xe6, 0x14, 0x00, 0x00, 0x00, 0x00, 0xee, 0x00, 0x00,
  0x00, 0x00, 0x00, 0xea, 0x00, 0x00, 0x00, 0x00, 0x00, 0x00, 0x00, 0x00,
  0x00, 0x00, 0xf0, 0xea, 0x00, 0x00, 0x00, 0x11, 0x00, 0x00, 0x0f, 0x00,
  0x00, 0x00, 0x00, 0x00, 0x00, 0x00, 0xef, 0x10, 0x00, 0x00, 0x0f, 0xee,
  0x00, 0x00, 0x00, 0x00, 0x00, 0x00, 0x19, 0x00, 0x00, 0x00, 0xf4, 0x00,
  0x00, 0x00, 0x00, 0x00, 0x00, 0x00, 0x00, 0x00, 0x00, 0x00, 0x00, 0x00,
  0xfe, 0x00, 0x00, 0x00, 0xe8, 0x00, 0x00, 0x00, 0x00, 0x00, 0x00, 0x00,
  0x01, 0x00, 0x00, 0x00, 0x00, 0x00, 0x00, 0x00, 0x00, 0x00, 0x00, 0x00,
  0x00, 0x00, 0x00, 0x00, 0x00, 0x00, 0x00, 0x00, 0x00, 0x00, 0x00, 0x00,
  0x00, 0x00, 0x00, 0x00, 0x00, 0x00, 0x00, 0x00, 0x00, 0x00, 0x00, 0x00,
  0x00, 0x00, 0x00, 0x00, 0x00, 0x00, 0x18, 0x00, 0x1a, 0x00, 0x00, 0x00,
  0x00, 0x00, 0x00, 0x00, 0x00, 0x00, 0x00, 0xea, 0x00, 0x00, 0x00, 0x00,
  0x00, 0x00, 0x00, 0x00, 0xe4, 0x00, 0x00, 0x00, 0x00, 0x00, 0x00, 0x00,
  0x00, 0x00, 0x00, 0x43, 0xe1, 0x00, 0x00, 0x00, 0x00, 0x43, 0x00, 0x00,
  0x00, 0x00, 0x00, 0x00, 0xdd, 0x00, 0x19, 0x00, 0x00, 0x3e, 0x00, 0x00,
  0x00, 0x00, 0x00, 0x40, 0xdf, 0x00, 0x00, 0xd3, 0xfb, 0x3d, 0xd7, 0x00,
  0x00, 0x00, 0x00, 0x00, 0x00, 0x00, 0x00, 0x00, 0x00, 0x00, 0x00, 0x00,
  0x00, 0x00, 0x00, 0x00, 0x00, 0x00, 0x00, 0x00, 0xfd, 0x36, 0x00, 0x00,
  0x00, 0x00, 0x00, 0x00, 0x00, 0x00, 0x00, 0x00, 0xfa, 0x32, 0x00, 0x00,
  0x00, 0x00, 0x00, 0x29, 0xeb, 0x00, 0x00, 0x00, 0x16, 0x00, 0x00, 0x00,
  0x00, 0x00, 0x00, 0x27, 0x00, 0x00, 0x00, 0x00, 0x00, 0x00, 0x00, 0x00,
  0x00, 0x00, 0x00, 0x00, 0x00, 0x00, 0x00, 0x00, 0x00, 0x1f, 0xec, 0x00,
  0x00, 0xd0, 0xdc, 0x00, 0x00, 0x00, 0x2a, 0xd5, 0xdf, 0x1c, 0x00, 0x00,
  0x2d, 0x00, 0x00, 0x00, 0x00, 0x00, 0x00, 0x00, 0x00, 0x00, 0x00, 0x00,
  0x00, 0x00, 0xde, 0x00, 0xea, 0x41, 0x00, 0x00, 0x00, 0x15, 0x00, 0x00,
  0xfd, 0x00, 0x00, 0x00, 0xe8, 0x41, 0x00, 0x00, 0x00, 0x00, 0x00, 0x40,
  0x00, 0x00, 0x00, 0x00, 0x00, 0x00, 0x00, 0x00, 0x00, 0x00, 0x00, 0x00,
  0x00, 0x00, 0x00, 0x00, 0x00, 0x45, 0x00, 0x00, 0x00, 0x00, 0x00, 0x40,
  0x00, 0x00, 0xf9, 0x00, 0x00, 0x00, 0x00, 0xd5, 0x00, 0x00, 0x00, 0x00,
  0x00, 0xd7, 0x00, 0x00, 0x00, 0x00, 0x00, 0x00, 0xfe, 0x00, 0x00, 0x00,
  0x00, 0xd8, 0x00, 0x00, 0x00, 0x00, 0x00, 0x00, 0xfd, 0x00, 0x00, 0x00,
  0x00, 0x00, 0x00, 0x00, 0x00, 0x00, 0x00, 0x00, 0x18, 0x00, 0x00, 0x3e,
  0x2a, 0xd6, 0x1a, 0x00, 0xdc, 0x3c, 0x26, 0x00, 0x00, 0x00, 0x00, 0x00,
  0x00, 0x00, 0x00, 0x00, 0x00, 0x3e, 0x00, 0x00, 0x00, 0x00, 0x00, 0x00,
  0x00, 0x00, 0x00, 0x00, 0x00, 0x00, 0x00, 0x00, 0x00, 0x00, 0x00, 0x00,
  0x00, 0x00, 0x00, 0x00, 0x00, 0x00, 0x00, 0x00, 0x00, 0x07, 0xe3, 0x00,
  0xfc, 0x00, 0x00, 0x00, 0x00, 0x00, 0xf6, 0x00, 0x1e, 0x00, 0x00, 0x33,
  0x00, 0x00, 0x00, 0x00, 0x00, 0x00, 0x00, 0x08, 0x1e, 0x00, 0x00, 0x34,
  0x00, 0x00, 0x1e, 0x05, 0x00, 0x00, 0x00, 0x00, 0x00, 0x00, 0x00, 0x39,
  0x00, 0x00, 0x00, 0xfd, 0x00, 0x00, 0x00, 0x00, 0x00, 0x00, 0x00, 0x00,
  0x00, 0xcf, 0x00, 0x00, 0xdf, 0x37, 0x00, 0x00, 0x00, 0xf9, 0xe4, 0x42,
  0x00, 0x00, 0x00, 0x00, 0x00, 0x44, 0x00, 0x00, 0x00, 0x00, 0xe2, 0x3e,
  0x00, 0x00, 0x00, 0x00, 0x00, 0x4c, 0x00, 0x00, 0x00, 0x00, 0x00, 0x3e,
  0x00, 0x00, 0xeb, 0x00, 0xe0, 0x00, 0x00, 0x00, 0x00, 0x00, 0x00, 0x57,
  0x02, 0x00, 0x00, 0x00, 0x00, 0x00, 0xfc, 0x00, 0x00, 0x00, 0x00, 0x00,
  0x00, 0x00, 0x00, 0x00, 0x00, 0x00, 0x00, 0x00, 0x00, 0x00, 0x00, 0x49,
  0x00, 0x00, 0x00, 0x00, 0x00, 0x42, 0x00, 0x00, 0xdd, 0x00, 0x00, 0x41,
  0x00, 0x00, 0xda, 0x00, 0x00, 0x00, 0x00, 0x00, 0xe4, 0x00, 0x00, 0x00,
  0x00, 0x00, 0xe5, 0x00, 0x00, 0x00, 0x01, 0x00, 0x00, 0x00, 0x00, 0x00,
  0x00, 0x00, 0xeb, 0x00, 0x00, 0x00, 0x00, 0x00, 0x00, 0x00, 0x00, 0x47,
  0x00, 0x00, 0x00, 0x00, 0x00, 0x4b, 0x00, 0x00, 0x00, 0xc9, 0x00, 0x00,
  0x1a, 0x00, 0x26, 0x00, 0xde, 0x00, 0x20, 0x00, 0x00, 0x00, 0x00, 0x00,
  0x00, 0x00, 0x1f, 0x00, 0x00, 0x00, 0x00, 0x00, 0x00, 0xef, 0x00, 0x00,
  0x00, 0x00, 0x00, 0xf0, 0x00, 0x00, 0x00, 0x00, 0x00, 0x00, 0x00, 0x44,
  0x00, 0x00, 0x00, 0x9a, 0x00, 0x00, 0x00, 0xe2, 0x00, 0xaf, 0x12, 0xd5,
  0x00, 0xe5, 0x00, 0x00, 0x00, 0xd6, 0x00, 0x00, 0x00, 0x00, 0x00, 0x00,
  0x00, 0xef, 0xf1, 0x00, 0x00, 0xd0, 0x00, 0xe6, 0xfd, 0x00, 0xf2, 0x00,
  0x1b, 0x00, 0xf8, 0x00, 0x00, 0xd0, 0x00, 0x00, 0xea, 0xe3, 0x00, 0xd6,
  0x00, 0x00, 0xf6, 0xe9, 0xe9, 0x00, 0x00, 0x00, 0xef, 0x00, 0xef, 0x00,
  0x00, 0x00, 0x00, 0x00, 0x00, 0x00, 0x00, 0x00, 0xe7, 0x00, 0xf1, 0x00,
  0x00, 0x00, 0xec, 0xbf, 0xf0, 0x00, 0x00, 0x00, 0xf8, 0x00, 0x00, 0x00,
  0x00, 0x00, 0x00, 0xba, 0x00, 0x00, 0x00, 0x00, 0xfa, 0xb9, 0x00, 0x00,
  0x22, 0x00, 0xf6, 0xb9, 0x00, 0x00, 0x00, 0x00, 0x00, 0x00, 0x00, 0x00,
  0x00, 0x15, 0x00, 0xbe, 0x1a, 0x00, 0x00, 0x00, 0x00, 0xb2, 0x00, 0xd6,
  0x00, 0x00, 0x00, 0xb8, 0x00, 0x00, 0x19, 0x00, 0x00, 0xaf, 0x00, 0xca,
  0x00, 0x00, 0x00, 0xba, 0x17, 0xd4, 0x00, 0x07, 0x00, 0xba, 0x00, 0xc5,
  0x00, 0x00, 0x00, 0x00, 0x00, 0xc9, 0x00, 0x00, 0x00, 0x00, 0x00, 0xc7,
  0x00, 0x00, 0x00, 0x00, 0x00, 0xcf, 0x00, 0x00, 0x00, 0xc4, 0x00, 0xc9,
  0x00, 0x00, 0x00, 0x00, 0x00, 0xce, 0x00, 0x00, 0x00, 0x00, 0x00, 0x00,
  0x00, 0xe2, 0x00, 0x00, 0x00, 0x00, 0x25, 0xe1, 0x00, 0x00, 0x00, 0x00,
  0x1c, 0xec, 0xfd, 0x00, 0x18, 0x00, 0x00, 0x00, 0x00, 0x00, 0x00, 0x00,
  0x20, 0x00, 0xf7, 0x00, 0x00, 0x00, 0x00, 0x17, 0xec, 0xce, 0x00, 0x00,
  0x30, 0x00, 0x00, 0x00, 0x00, 0x00, 0x25, 0x00, 0x00, 0x00, 0x1a, 0x00,
  0x00, 0x00, 0x00, 0xfa, 0x00, 0xdb, 0x00, 0x00, 0x00, 0x07, 0x00, 0x00,
  0x00, 0x00, 0x00, 0x05, 0x00, 0x00, 0x1f, 0x00, 0x00, 0x00, 0x00, 0x00,
  0x26, 0x00, 0x00, 0xfc, 0xff, 0x00, 0x00, 0x00, 0x00, 0xf9, 0xf1, 0xe5,
  0x2b, 0x00, 0x00, 0xd2, 0x00, 0x00, 0x00, 0x00, 0x00, 0x00, 0x00, 0xe6,
  0x00, 0x00, 0x00, 0x00, 0x00, 0x00, 0x12, 0x00, 0x00, 0x00, 0x00, 0x00,
  0x00, 0x00, 0x00, 0x00, 0x00, 0x00, 0x00, 0x00, 0x00, 0x00, 0x00, 0x00,
  0x00, 0x00, 0x00, 0xd3, 0x00, 0x00, 0x00, 0x00, 0x00, 0x00, 0x00, 0x00,
  0x28, 0x00, 0x00, 0xd1, 0x00, 0x00, 0x00, 0x00, 0x00, 0x00, 0x00, 0x00,
  0x00, 0x00, 0x00, 0xcc, 0x00, 0x00, 0x00, 0x00, 0xee, 0xbc, 0x37, 0x00,
  0x1d, 0x00, 0x00, 0xb9, 0x2e, 0x00, 0x24, 0x00, 0xf8, 0xc8, 0x2f, 0x00,
  0x00, 0x00, 0xf6, 0xd7, 0x00, 0x00, 0x00, 0x00, 0x00, 0xbe, 0x2e, 0xd9,
  0x00, 0x00, 0x00, 0xd5, 0x00, 0x00, 0x00, 0x00, 0x00, 0xd4, 0x2c, 0x00,
  0x00, 0x00, 0x00, 0xd7, 0x00, 0x00, 0x00, 0x00, 0x00, 0xd0, 0x00, 0x00,
  0x00, 0x00, 0xf2, 0x00, 0x00, 0x00, 0x00, 0x00, 0x00, 0x00, 0x00, 0x00,
  0x00, 0x00, 0x00, 0x00, 0x00, 0x00, 0x00, 0x00, 0x00, 0x00, 0x00, 0xff,
  0x00, 0xee, 0x00, 0x00, 0x00, 0x00, 0x00, 0xeb, 0x15, 0x00, 0x00, 0xf9,
  0x00, 0xec, 0x00, 0xe7, 0x00, 0x00, 0x00, 0xec, 0x00, 0xe0, 0x00, 0x00,
  0x21, 0xe8, 0x00, 0x00, 0x2c, 0x00, 0x00, 0x00, 0x00, 0x00, 0x00, 0x00,
  0x00, 0x00, 0x00, 0x00, 0x00, 0x00, 0x21, 0x00, 0x00, 0x00, 0x00, 0x00,
  0x00, 0x00, 0x00, 0x00, 0x00, 0x00, 0x00, 0x00, 0x00, 0x00, 0x00, 0x00,
  0x00, 0x00, 0x00, 0x1a, 0x00, 0x00, 0x00, 0x00, 0x12, 0x17, 0x00, 0x00,
  0x30, 0xe1, 0x00, 0x00, 0x06, 0x00, 0x00, 0xea, 0x1d, 0x00, 0x09, 0xc5,
  0x23, 0xed, 0x18, 0x00, 0x00, 0x00, 0x00, 0xe8, 0x00, 0xdd, 0x00, 0xc9,
  0x00, 0x00, 0x00, 0x00, 0x00, 0xcb, 0x00, 0x00, 0x18, 0x00, 0x00, 0xc4,
  0x00, 0x00, 0x23, 0x00, 0x00, 0xc5, 0x1f, 0x00, 0x26, 0x00, 0x00, 0x00,
  0x00, 0xf3, 0x1a, 0x00, 0x0b, 0x00, 0x00, 0x00, 0x1f, 0xe7, 0x00, 0xd9,
  0x00, 0x00, 0x00, 0x00, 0x00, 0x00, 0x00, 0x00, 0x00, 0x00, 0x00, 0x00,
  0x00, 0x00, 0x00, 0xde, 0x00, 0x00, 0x00, 0x00, 0x00, 0xd1, 0x00, 0x00,
  0x00, 0x00, 0x00, 0xcd, 0x00, 0x00, 0x00, 0x00, 0x00, 0xc7, 0x00, 0x00,
  0x00, 0xe9, 0x00, 0xeb, 0x00, 0x00, 0x00, 0xeb, 0x00, 0xea, 0x00, 0x00,
  0x00, 0xe8, 0x00, 0xf0, 0x00, 0x00, 0x00, 0x00, 0x00, 0x00, 0x00, 0x00,
  0x00, 0x00, 0x00, 0x00, 0x00, 0x00, 0x00, 0x00, 0x00, 0x00, 0xf0, 0x00,
  0x00, 0x00, 0x00, 0x00, 0x00, 0x00, 0x00, 0x00, 0x00, 0x00, 0x00, 0x0e,
  0x00, 0x10, 0x00, 0xf1, 0x00, 0x00, 0xee, 0x00, 0x00, 0x00, 0x00, 0x00,
  0xf1, 0x00, 0x00, 0x00, 0x0f, 0xf1, 0x00, 0x00, 0x00, 0xef, 0x00, 0x00,
  0x00, 0x00, 0x00, 0x00, 0x00, 0x00, 0x00, 0x0f, 0x00, 0x00, 0x00, 0x00,
  0x00, 0x00, 0x00, 0x00, 0x00, 0xee, 0xef, 0x00, 0x00, 0xee, 0x00, 0x00,
  0x00, 0x00, 0x00, 0x00, 0x00, 0x00, 0x00, 0x0f, 0x00, 0x00, 0x10, 0x00,
  0x00, 0x00, 0x00, 0xf0, 0xf1, 0x00, 0x00, 0x00, 0xf1, 0x00, 0x0f, 0x00,
  0x00, 0x00, 0x00, 0x00, 0x00, 0x00, 0x00, 0x00, 0x00, 0x00, 0x00, 0xee,
  0x00, 0x00, 0x00, 0x00, 0x00, 0x00, 0xef, 0x00, 0x00, 0x00, 0x00, 0x00,
  0x00, 0x00, 0x00, 0xf1, 0x00, 0x00, 0x00, 0x00, 0x00, 0x00, 0x00, 0x00,
  0xf1, 0x00, 0x00, 0x00, 0x00, 0x00, 0x00, 0x00, 0xef, 0x00, 0xf1, 0x00,
  0xf0, 0x00, 0x00, 0x00, 0xf0, 0x00, 0x00, 0x00, 0x00, 0x00, 0x00, 0x00,
  0x00, 0x00, 0x00, 0x00, 0x10, 0x00, 0xf0, 0x00, 0xf0, 0xee, 0x00, 0x00,
  0x00, 0x00, 0x00, 0xee, 0xf0, 0x00, 0x00, 0x00, 0x00, 0x00, 0x00, 0xf0,
  0x00, 0x00, 0x00, 0x00, 0x00, 0x00, 0x00, 0x00, 0x00, 0xef, 0xef, 0x00,
  0x00, 0x11, 0x00, 0x00, 0x00, 0xee, 0xf1, 0x11, 0x00, 0x00, 0x00, 0x00,
  0x00, 0x00, 0x0f, 0xee, 0x00, 0xee, 0xef, 0x00, 0x00, 0xef, 0x00, 0x00,
  0x00, 0x10, 0x00, 0x00, 0x00, 0x00, 0x0f, 0x12, 0x00, 0xf1, 0x00, 0x00,
  0x00, 0x00, 0x00, 0x00, 0x00, 0x00, 0x00, 0x00, 0x00, 0xf1, 0xef, 0xee,
  0xee, 0x00, 0xf1, 0x00, 0x00, 0xef, 0x00, 0x0f, 0x00, 0x00, 0x00, 0x00,
  0x00, 0x00, 0x00, 0x00, 0x00, 0x00, 0x00, 0x12, 0x00, 0x00, 0x00, 0x00,
  0x00, 0x00, 0x00, 0x00, 0x00, 0x00, 0x00, 0x00, 0x00, 0x00, 0x00, 0x00,
  0x00, 0x00, 0xef, 0x00, 0x00, 0xef, 0xee, 0x13, 0x00, 0x00, 0x00, 0xf1,
  0x00, 0x00, 0x00, 0x00, 0x00, 0x00, 0xf1, 0x00, 0x00, 0x00, 0x10, 0xef,
  0x00, 0x12, 0x00, 0xee, 0x00, 0x00, 0x00, 0x00, 0x00, 0x00, 0xef, 0x00,
  0xf0, 0x00, 0x00, 0x00, 0x00, 0x00, 0x00, 0x00, 0x00, 0x00, 0x00, 0x00,
  0x00, 0x11, 0x00, 0x00, 0x00, 0xf0, 0x00, 0x00, 0x00, 0x00, 0xf1, 0xf1,
  0x00, 0x00, 0x00, 0x00, 0x00, 0x00, 0x00, 0x00, 0x00, 0x00, 0x00, 0x00,
  0x00, 0x00, 0x00, 0x00, 0x00, 0x00, 0x00, 0x00, 0x00, 0x00, 0x00, 0x00,
  0x00, 0x00, 0x00, 0x00, 0x0f, 0x00, 0x00, 0x00, 0x00, 0x00, 0x00, 0x00,
  0x00, 0x00, 0x00, 0x00, 0x00, 0x00, 0x00, 0x00, 0x00, 0x00, 0x00, 0x00,
  0x00, 0x00, 0xf1, 0x00, 0x0e, 0x00, 0x00, 0x00, 0x00, 0x00, 0x00, 0x00,
  0xf0, 0x00, 0x00, 0x00, 0x00, 0xef, 0x00, 0x00, 0x00, 0x00, 0x00, 0x00,
  0x00, 0x00, 0x00, 0x00, 0x00, 0x00, 0x00, 0x00, 0x00, 0x00, 0x0f, 0x00,
  0xf1, 0x00, 0xf1, 0x00, 0x0f, 0x00, 0x00, 0x00, 0x00, 0x00, 0x00, 0xf0,
  0x00, 0x00, 0x00, 0x00, 0xf1, 0x00, 0x00, 0x00, 0x00, 0x00, 0x00, 0x00,
  0x00, 0x00, 0x00, 0xef, 0x00, 0x00, 0x00, 0x00, 0x00, 0x00, 0x00, 0x00,
  0x00, 0x14, 0x00, 0xed, 0x00, 0x00, 0x00, 0x00, 0x00, 0x00, 0x00, 0x00,
  0x00, 0x12, 0x00, 0x00, 0x00, 0x00, 0xf0, 0x00, 0x00, 0x00, 0x00, 0x00,
  0x00, 0x00, 0x00, 0x00, 0x00, 0x00, 0xf1, 0x00, 0x00, 0x00, 0x10, 0x00,
  0x00, 0x00, 0x00, 0x00, 0x0f, 0x00, 0x00, 0x00, 0x00, 0x00, 0x00, 0x00,
  0xf1, 0x00, 0x00, 0x00, 0x00, 0x00, 0x00, 0x00, 0xf0, 0x00, 0x00, 0x00,
  0xf1, 0x00, 0x00, 0xef, 0x00, 0x00, 0x00, 0x00, 0x00, 0x00, 0x00, 0x00,
  0x00, 0x00, 0x00, 0x00, 0x0f, 0x00, 0xf0, 0x00, 0x00, 0x00, 0x00, 0x00,
  0x00, 0x00, 0x00, 0x00, 0x00, 0xf1, 0x00, 0x00, 0x10, 0x00, 0x00, 0x00,
  0x00, 0x00, 0x00, 0x00, 0x00, 0xee, 0xf1, 0x00, 0x0f, 0x00, 0x00, 0x00,
  0x00, 0x00, 0x00, 0x00, 0x00, 0x00, 0x00, 0x00, 0x00, 0x00, 0x10, 0xed,
  0x00, 0x00, 0x00, 0x00, 0x00, 0x00, 0x00, 0x00, 0x00, 0x00, 0xf0, 0x00,
  0x00, 0x00, 0x00, 0x00, 0x00, 0x00, 0x00, 0x00, 0x00, 0x00, 0x00, 0x00,
  0x1f, 0x00, 0xff, 0x00, 0xed, 0x00, 0x00, 0x00, 0xfd, 0x00, 0x00, 0x2c,
  0x00, 0x00, 0x00, 0x00, 0x00, 0x00, 0x00, 0x00, 0x00, 0x28, 0xf3, 0x2d,
  0x00, 0xe2, 0x00, 0x23, 0x00, 0x00, 0x00, 0x00, 0x00, 0x29, 0x00, 0x00,
  0x00, 0x00, 0xf1, 0x00, 0x00, 0x00, 0x00, 0x00, 0xf3, 0x00, 0x00, 0x00,
  0x00, 0x00, 0x00, 0x57, 0x00, 0x00, 0x00, 0x00, 0x00, 0x00, 0x00, 0x00,
  0x00, 0x00, 0x00, 0x00, 0x00, 0x00, 0x00, 0x00, 0x00, 0x00, 0x00, 0x00,
  0x00, 0x00, 0x00, 0x00, 0x00, 0x00, 0x00, 0x00, 0x00, 0x00, 0x00, 0x00,
  0x00, 0x00, 0x00, 0x00, 0x00, 0x00, 0x1b, 0x00, 0x00, 0x00, 0x00, 0x00,
  0x00, 0xe8, 0x00, 0x21, 0x00, 0x00, 0x00, 0x00, 0x1f, 0x16, 0x00, 0x00,
  0x00, 0x00, 0x00, 0x23, 0x00, 0x00, 0x00, 0x00, 0x00, 0x00, 0x00, 0x0a,
  0x00, 0x00, 0x00, 0x4e, 0x00, 0x00, 0x00, 0x00, 0x23, 0x00, 0x00, 0x00,
  0x00, 0x00, 0x00, 0x00, 0x00, 0x00, 0x00, 0x00, 0x00, 0x00, 0x00, 0x00,
  0x00, 0x00, 0x00, 0x00, 0x00, 0x2d, 0x00, 0x00, 0x00, 0x00, 0x00, 0x00,
  0x00, 0x00, 0x00, 0x00, 0x00, 0x00, 0x00, 0x00, 0x00, 0x00, 0x00, 0x00,
  0x00, 0x00, 0x00, 0x00, 0x00, 0x00, 0x00, 0x00, 0x00, 0x00, 0x00, 0x00,
  0x00, 0x00, 0x00, 0x00, 0x00, 0x10, 0x00, 0x00, 0x00, 0x00, 0x00, 0x00,
  0x00, 0x00, 0x00, 0x00, 0x00, 0x0f, 0x00, 0x00, 0x00, 0x00, 0x00, 0x00,
  0x00, 0x00, 0x00, 0x00, 0xe5, 0x00, 0x12, 0x00, 0x00, 0x00, 0xe4, 0x00,
  0x00, 0x00, 0x00, 0x48, 0x00, 0x00, 0x00, 0x00, 0x00, 0x00, 0x00, 0x00,
  0x00, 0x00, 0x00, 0x00, 0x00, 0x34, 0x00, 0x00, 0x00, 0x00, 0x00, 0x32,
  0x00, 0x00, 0x00, 0x19, 0x00, 0x00, 0x00, 0x00, 0x00, 0x00, 0x00, 0x00,
  0x00, 0x00, 0x00, 0x00, 0x00, 0x00, 0x00, 0x00, 0x00, 0x00, 0x00, 0x0a,
  0x00, 0xd8, 0x00, 0x00, 0x00, 0x0a, 0x00, 0x00, 0x11, 0x00, 0x00, 0x00,
  0x00, 0x00, 0x00, 0x00, 0x00, 0x00, 0x00, 0x00, 0x00, 0x00, 0x00, 0x00,
  0x00, 0x00, 0x00, 0x13, 0x00, 0x00, 0x00, 0x00, 0x00, 0x00, 0x00, 0x32,
  0x20, 0x00, 0x00, 0x09, 0x00, 0x34, 0x00, 0x00, 0x00, 0xfe, 0x00, 0x34,
  0x00, 0xde, 0x00, 0x02, 0x00, 0x00, 0x00, 0x00, 0x30, 0x0a, 0x00, 0x00,
  0x00, 0xda, 0x00, 0x00, 0x00, 0x31, 0x00, 0xd0, 0x23, 0x00, 0x00, 0x00,
  0x0e, 0xe2, 0x00, 0x00, 0x00, 0x00, 0x00, 0xe5, 0x00, 0x00, 0x00, 0x00,
  0x00, 0x00, 0x00, 0x00, 0x00, 0x00, 0x00, 0x00, 0x00, 0x00, 0x00, 0x00,
  0x00, 0x00, 0x00, 0x00, 0x00, 0x00, 0x00, 0x00, 0x00, 0x00, 0x00, 0x00,
  0x00, 0x00, 0x00, 0x00, 0x00, 0x00, 0x00, 0x00, 0x00, 0x00, 0x00, 0x00,
  0x00, 0x00, 0x00, 0x00, 0xeb, 0x00, 0x00, 0x00, 0x00, 0x00, 0x00, 0x00,
  0x00, 0x00, 0x00, 0x00, 0xe4, 0x00, 0x00, 0x00, 0xf5, 0x00, 0x00, 0x00,
  0x00, 0x00, 0x00, 0x00, 0x00, 0x00, 0x00, 0x00, 0x00, 0x00, 0x00, 0x00,
  0x1f, 0x00, 0x00, 0x00, 0xe5, 0x00, 0x14, 0x00, 0x00, 0x00, 0x00, 0x00,
  0x00, 0x00, 0x0b, 0x06, 0x00, 0x34, 0x00, 0x00, 0x11, 0x04, 0x00, 0x36,
  0x00, 0x00, 0x13, 0x08, 0x00, 0x00, 0x00, 0x00, 0x00, 0x10, 0x00, 0x00,
  0x00, 0x00, 0x00, 0x00, 0x00, 0x00, 0x00, 0x00, 0x00, 0x00, 0x00, 0x00,
  0x00, 0x00, 0x00, 0x00, 0x00, 0x00, 0x00, 0x00, 0x11, 0x3b, 0x00, 0xfd,
  0x00, 0xd5, 0x17, 0x00, 0x00, 0x00, 0x00, 0xd2, 0x1f, 0x00, 0x00, 0x00,
  0x00, 0x00, 0x1e, 0x00, 0x00, 0x00, 0x00, 0x00, 0x00, 0x00, 0x00, 0x00,
  0x00, 0x00, 0x00, 0x15, 0x00, 0x00, 0x00, 0x00, 0x00, 0x08, 0xe7, 0x00,
  0x00, 0x00, 0x00, 0x00, 0x00, 0x00, 0x00, 0x00, 0x00, 0xf7, 0x00, 0x00,
  0x00, 0x00, 0x1c, 0x0a, 0x00, 0x00, 0x00, 0x00, 0x1f, 0x00, 0x00, 0x00,
  0x00, 0xe6, 0x24, 0x0c, 0x0c, 0x00, 0x00, 0xe4, 0x1e, 0x00, 0x00, 0x00,
  0x00, 0xde, 0x26, 0x00, 0x00, 0x00, 0x00, 0xe0, 0x00, 0x00, 0x00, 0x00,
  0x00, 0x00, 0x00, 0x00, 0x00, 0x00, 0x00, 0x00, 0x00, 0x00, 0x00, 0x00,
  0x00, 0x00, 0x00, 0x00, 0x00, 0x09, 0x00, 0x00, 0x00, 0x00, 0x00, 0x00,
  0x00, 0x00, 0x00, 0x00, 0x00, 0x00, 0x00, 0x00, 0x00, 0x00, 0xdf, 0x0a,
  0x00, 0x00, 0x00, 0xe9, 0x00, 0x00, 0x00, 0x00, 0x00, 0x00, 0x00, 0x00,
  0x00, 0x00, 0x00, 0x00, 0x00, 0xe2, 0x00, 0x00, 0x00, 0xeb, 0x00, 0x00,
  0x00, 0x00, 0x00, 0xc1, 0x00, 0x00, 0x00, 0x00, 0x00, 0x00, 0x00, 0x00,
  0x00, 0x00, 0xf1, 0x00, 0x00, 0x00, 0x00, 0x00, 0x00, 0x00, 0x00, 0x00,
  0x00, 0x00, 0x00, 0x00, 0x00, 0x00, 0x00, 0x00, 0x00, 0x00, 0x00, 0x00,
  0x00, 0x00, 0x00, 0xc5, 0x00, 0x00, 0x00, 0xe7, 0x05, 0xbe, 0x00, 0x09,
  0x00, 0x00, 0x0d, 0x00, 0x00, 0x08, 0x00, 0x00, 0x00, 0x00, 0x00, 0x00,
  0x00, 0x00, 0x00, 0x00, 0x00, 0x00, 0x00, 0x00, 0x00, 0x00, 0x00, 0x00,
  0x00, 0x00, 0x00, 0x00, 0x00, 0x00, 0x00, 0x00, 0xf7, 0x00, 0x00, 0x00,
  0x00, 0x00, 0x00, 0x00, 0x00, 0x00, 0x00, 0x00, 0xf6, 0x00, 0x00, 0x00,
  0x00, 0x00, 0x00, 0x00, 0x00, 0x00, 0x00, 0x00, 0x00, 0x00, 0x00, 0x00,
  0x00, 0x00, 0x00, 0xb8, 0x01, 0x05, 0x00, 0x00, 0x13, 0xce, 0x00, 0x00,
  0x00, 0x00, 0x00, 0xc5, 0x00, 0x00, 0x00, 0x00, 0x00, 0xbb, 0x00, 0x00,
  0x00, 0x00, 0x00, 0xc7, 0x00, 0x00, 0x00, 0x00, 0x00, 0xbc, 0x05, 0x00,
  0x00, 0x00, 0x00, 0xc3, 0x00, 0x00, 0x00, 0x00, 0x00, 0xc0, 0x07, 0x00,
  0x00, 0x00, 0x17, 0xd4, 0x00, 0x00, 0x00, 0xde, 0x1d, 0x00, 0x00, 0xdc,
  0xe1, 0xdd, 0x24, 0x00, 0x00, 0x00, 0x00, 0xe8, 0x00, 0xd5, 0x00, 0x00,
  0x00, 0xec, 0x00, 0x00, 0x00, 0xd6, 0x00, 0x00, 0x00, 0x00, 0x00, 0xd8,
  0x00, 0x00, 0x00, 0x00, 0x00, 0x00, 0x00, 0x0b, 0x00, 0xfc, 0x00, 0x00,
  0x00, 0x00, 0x00, 0x00, 0x00, 0xe0, 0x00, 0x00, 0x0f, 0x00, 0x00, 0x00,
  0xec, 0x00, 0x0d, 0xdd, 0x00, 0x00, 0x00, 0x00, 0x00, 0x00, 0x00, 0x00,
  0x00, 0x00, 0x00, 0xd9, 0x00, 0x00, 0x00, 0x00, 0x00, 0x00, 0xdb, 0x00,
  0x00, 0x00, 0x00, 0x00, 0xdf, 0x00, 0x00, 0x00, 0xe0, 0x00, 0x00, 0x00,
  0x00, 0x00, 0x00, 0x00, 0x00, 0x03, 0x00, 0x00, 0x00, 0xdd, 0x00, 0x00,
  0x00, 0x00, 0x00, 0xde, 0x00, 0x09, 0x00, 0x00, 0x00, 0xe3, 0x00, 0x00,
  0x00, 0x00, 0x00, 0x00, 0x00, 0x00, 0x00, 0x00, 0x00, 0x00, 0x03, 0x00,
  0x00, 0x00, 0x00, 0x00, 0x00, 0x00, 0x00, 0x00, 0xf5, 0x00, 0x00, 0x00,
  0x00, 0x00, 0x00, 0x00, 0x00, 0xe0, 0x00, 0x00, 0x00, 0x00, 0xda, 0x00,
  0x00, 0xe6, 0x00, 0x00, 0x00, 0x00, 0x00, 0xe6, 0x00, 0xe2, 0x00, 0x00,
  0x00, 0xe6, 0x00, 0x00, 0x00, 0x05, 0x00, 0xe3, 0x00, 0x00, 0x00, 0x00,
  0x00, 0x00, 0x00, 0xe3, 0x00, 0x00, 0x00, 0x00, 0x00, 0xc6, 0x03, 0x00,
  0x00, 0x00, 0xed, 0xc6, 0x00, 0x0d, 0x00, 0x00, 0x00, 0xc6, 0x0a, 0x02,
  0x00, 0x0c, 0x00, 0xda, 0x00, 0x00, 0x00, 0x08, 0x00, 0xc6, 0x09, 0x00,
  0x00, 0x09, 0x00, 0xde, 0x00, 0x00, 0x00, 0x00, 0x00, 0xea, 0x0a, 0x00,
  0x00, 0x00, 0x00, 0x00, 0x00, 0x00, 0x00, 0x00, 0x00, 0x00, 0x00, 0x00,
  0x00, 0xe5, 0x00, 0x00, 0x00, 0x00, 0x00, 0x00, 0x0e, 0x17, 0x00, 0xdd,
  0x00, 0x00, 0x00, 0x00, 0x00, 0x00, 0x00, 0x00, 0x00, 0x00, 0x00, 0x00,
  0x00, 0x00, 0x00, 0x00, 0x00, 0x00, 0x00, 0x00, 0x00, 0x00, 0x00, 0xda,
  0x00, 0x00, 0x00, 0x00, 0x00, 0x00, 0x00, 0x00, 0x00, 0xeb, 0xdf, 0x00,
  0x00, 0x00, 0x00, 0xf4, 0xdd, 0x00, 0x00, 0x00, 0x00, 0xef, 0xdb, 0x05,
  0x00, 0x00, 0x00, 0x00, 0xdb, 0x00, 0x00, 0x00, 0x00, 0xee, 0x00, 0x00,
  0x00, 0x00, 0x00, 0xf4, 0x00, 0x00, 0x00, 0xe8, 0x00, 0x00, 0x01, 0x06,
  0x00, 0x00, 0x00, 0x00, 0x00, 0x02, 0x00, 0x00, 0x00, 0xf9, 0x00, 0x00,
  0x0d, 0xe8, 0x00, 0x00, 0x00, 0x00, 0x00, 0x00, 0x00, 0x00, 0x00, 0xd0,
  0x00, 0x00, 0x17, 0x00, 0x00, 0xd8, 0x00, 0x00, 0x15, 0x00, 0x00, 0x00,
  0x00, 0x00, 0x10, 0x00, 0x00, 0xdd, 0x00, 0x00, 0x14, 0x00, 0x00, 0xda,
  0x00, 0x00, 0x10, 0x00, 0x00, 0xd9, 0xf4, 0x00, 0x00, 0x00, 0x00, 0x00,
  0x00, 0x00, 0x17, 0x00, 0xda, 0x00, 0x00, 0x00, 0x00, 0xef, 0x00, 0x00,
  0xe9, 0x00, 0x00, 0xf7, 0x00, 0x00, 0x00, 0x00, 0x00, 0xf4, 0x00, 0x00,
  0x00, 0x00, 0x00, 0xdf, 0x00, 0x00, 0x00, 0x00, 0x00, 0xf5, 0x04, 0x00,
  0x00, 0x00, 0x00, 0x00, 0x00, 0x00, 0x00, 0x00, 0x00, 0x00, 0x00, 0x00,
  0x00, 0x00, 0x0c, 0x00, 0x00, 0x00, 0x00, 0x00, 0x00, 0x00, 0x00, 0x00,
  0x00, 0x00, 0x00, 0x00, 0x00, 0x00, 0x00, 0x00, 0x00, 0x00, 0x00, 0x00,
  0x00, 0x00, 0x00, 0x00, 0x00, 0x00, 0x00, 0x00, 0x00, 0x00, 0x06, 0x00,
  0x00, 0x00, 0x00, 0x00, 0x00, 0x00, 0x00, 0x00, 0x00, 0x00, 0x00, 0x00,
  0x00, 0x00, 0x00, 0x00, 0x00, 0x00, 0x00, 0x00, 0x00, 0xec, 0x00, 0x00,
  0x00, 0x00, 0x00, 0x00, 0x00, 0x00, 0xe4, 0x00, 0x00, 0x00, 0x00, 0x00,
  0x00, 0xff, 0x00, 0x00, 0x00, 0x0e, 0x00, 0x00, 0x00, 0x00, 0x00, 0x00,
  0x00, 0x00, 0x00, 0x00, 0x00, 0x00, 0x00, 0x00, 0x00, 0x00, 0x00, 0x00,
  0x00, 0x00, 0x00, 0x00, 0x06, 0x00, 0x00, 0x00, 0x00, 0x00, 0x00, 0x00,
  0x00, 0x00, 0x00, 0x00, 0x00, 0x00, 0x00, 0x00, 0x00, 0x00, 0x00, 0x00,
  0x00, 0x00, 0x00, 0x00, 0x00, 0x00, 0x00, 0x00, 0x00, 0x00, 0x00, 0x00,
  0x00, 0x00, 0x00, 0x00, 0x00, 0x00, 0x00, 0x00, 0x00, 0x00, 0x00, 0x00,
  0xdf, 0x00, 0x00, 0x00, 0x00, 0x00, 0x00, 0x00, 0x00, 0x00, 0x00, 0x0e,
  0xe4, 0x00, 0x00, 0x00, 0x00, 0x00, 0x00, 0x00, 0x00, 0x00, 0x00, 0x00,
  0x00, 0x00, 0x0c, 0x00, 0x00, 0x00, 0x00, 0x00, 0x00, 0x00, 0x00, 0x00,
  0x00, 0x00, 0x00, 0x00, 0x00, 0x00, 0x00, 0x00, 0x00, 0x00, 0x00, 0x00,
  0x00, 0x00, 0x00, 0x00, 0x00, 0x00, 0x00, 0x00, 0x00, 0x00, 0x00, 0x00,
  0x00, 0xfd, 0x00, 0x00, 0x00, 0x00, 0x00, 0x00, 0x00, 0x00, 0x00, 0x00,
  0x00, 0x00, 0x00, 0x00, 0x00, 0x00, 0x00, 0x00, 0x00, 0x00, 0x00, 0x00,
  0x00, 0x00, 0x00, 0x00, 0x00, 0x00, 0x00, 0x00, 0x00, 0x00, 0x00, 0x00,
  0x00, 0x00, 0x00, 0x00, 0x00, 0x00, 0x00, 0x00, 0x0f, 0x00, 0x00, 0x00,
  0x00, 0x00, 0x0f, 0x00, 0x00, 0x00, 0x00, 0x00, 0x00, 0x00, 0x00, 0x0b,
  0x00, 0x00, 0x00, 0x00, 0x00, 0x00, 0x00, 0x00, 0xe2, 0x00, 0x00, 0x00,
  0x00, 0x0b, 0x0f, 0x00, 0x00, 0x00, 0x00, 0x00, 0x00, 0x00, 0x00, 0x00,
  0x00, 0x00, 0x00, 0x00, 0x00, 0x00, 0xe5, 0x00, 0x00, 0x00, 0x07, 0x00,
  0x00, 0x00, 0x00, 0x00, 0x00, 0x00, 0x00, 0x00, 0x00, 0x00, 0x05, 0x00,
  0x00, 0x00, 0x00, 0x00, 0x00, 0x00, 0x00, 0x00, 0x00, 0x00, 0x00, 0x00,
  0x00, 0x00, 0x00, 0x00, 0x00, 0x0e, 0x00, 0x00, 0x00, 0x00, 0x00, 0x00,
  0x00, 0x00, 0x00, 0x00, 0x00, 0x00, 0x00, 0x00, 0x00, 0x00, 0x00, 0x00,
  0x00, 0x08, 0x00, 0x00, 0x00, 0x00, 0x00, 0x00, 0x00, 0x00, 0x05, 0x00,
  0x00, 0x00, 0x00, 0x00, 0x00, 0x00, 0x00, 0x00, 0x00, 0x00, 0x00, 0x00,
  0x00, 0x00, 0x00, 0x00, 0x00, 0x00, 0x00, 0x00, 0x00, 0x00, 0x00, 0x00,
  0x00, 0x00, 0x00, 0x00, 0x00, 0x00, 0x00, 0x00, 0x00, 0x00, 0x00, 0x00,
  0x00, 0x00, 0x00, 0x00, 0x00, 0x00, 0x00, 0x00, 0x00, 0x00, 0x00, 0x00,
  0xe2, 0x00, 0x00, 0x00, 0x00, 0x00, 0x00, 0x00, 0x00, 0x00, 0x00, 0x00,
  0x00, 0x0c, 0x00, 0x00, 0x00, 0x00, 0x00, 0x00, 0x00, 0x00, 0x00, 0x00,
  0x00, 0x07, 0x00, 0x00, 0x00, 0x00, 0x00, 0x00, 0x00, 0x00, 0x00, 0x00,
  0x00, 0x00, 0x00, 0x00, 0x00, 0x00, 0x00, 0x00, 0x00, 0x00, 0x00, 0x00,
  0x00, 0x00, 0x00, 0x00, 0x07, 0x00, 0x00, 0x00, 0x00, 0x00, 0x00, 0x00,
  0x00, 0x00, 0x00, 0x00, 0x00, 0x00, 0x00, 0x00, 0x00, 0x00, 0x00, 0x00,
  0x00, 0x00, 0x00, 0x00, 0x00, 0x00, 0x16, 0x00, 0x00, 0x00, 0x00, 0x00,
  0x00, 0x03, 0x00, 0x00, 0x07, 0x00, 0x00, 0x00, 0x00, 0x00, 0x05, 0x00,
  0xe8, 0xfe, 0x00, 0x00, 0x00, 0x00, 0x00, 0x00, 0x00, 0x00, 0x00, 0x00,
  0x00, 0x00, 0x0c, 0x00, 0x00, 0x00, 0x00, 0x00, 0x00, 0x00, 0x00, 0x00,
  0x00, 0x02, 0x0e, 0x00, 0x00, 0x00, 0x00, 0x00, 0x00, 0x00, 0x00, 0x00,
  0x00, 0x00, 0x00, 0x00, 0x00, 0x00, 0x00, 0x00, 0x00, 0x00, 0x00, 0x00,
  0x00, 0x00, 0x00, 0x00, 0x00, 0x00, 0x00, 0x00, 0x00, 0x00, 0x00, 0x00,
  0x00, 0x00, 0x00, 0x00, 0x00, 0x00, 0x00, 0x00, 0x00, 0x00, 0x00, 0x00,
  0x00, 0x00, 0x00, 0x00, 0x00, 0x00, 0x00, 0x00, 0x00, 0x00, 0x00, 0x00,
  0x00, 0x00, 0x00, 0x00, 0x00, 0x00, 0x00, 0x00, 0x00, 0xa6, 0xe0, 0x00,
  0x00, 0x00, 0x00, 0xa8, 0x00, 0x00, 0x00, 0x00, 0x00, 0xa8, 0x00, 0xc2,
  0x00, 0x00, 0x00, 0x00, 0xdf, 0xc5, 0x00, 0x00, 0x09, 0x00, 0x00, 0x00,
  0x00, 0x00, 0x0e, 0x00, 0xe3, 0x00, 0x00, 0x00, 0x00, 0xab, 0xdf, 0x00,
  0x00, 0x00, 0x00, 0x00, 0x00, 0x00, 0x00, 0x00, 0xe5, 0xa6, 0x00, 0x00,
  0x00, 0x00, 0x00, 0xaa, 0x00, 0x00, 0x00, 0x00, 0x00, 0x00, 0xdf, 0x00,
  0x1c, 0x00, 0x00, 0xb4, 0x00, 0x00, 0x00, 0x00, 0x00, 0xb3, 0x00, 0x00,
  0x00, 0x00, 0x00, 0x00, 0x00, 0x00, 0x00, 0x00, 0x00, 0xb8, 0x00, 0x00,
  0x00, 0x00, 0x00, 0x00, 0x00, 0x00, 0x00, 0xe9, 0x00, 0xaf, 0x00, 0x00,
  0x00, 0x00, 0x00, 0xb1, 0xde, 0x00, 0x00, 0x00, 0x00, 0xb7, 0x00, 0xcc,
  0x00, 0xee, 0x00, 0x00, 0xdc, 0x00, 0x00, 0x00, 0x00, 0xae, 0x00, 0xc6,
  0x00, 0x00, 0x00, 0x00, 0xe0, 0x00, 0x28, 0x00, 0x00, 0x00, 0x00, 0x00,
  0x00, 0x00, 0x00, 0x00, 0x00, 0x00, 0x00, 0x00, 0x00, 0xb4, 0xe4, 0xc6,
  0x00, 0x00, 0x07, 0x00, 0x00, 0xc2, 0x00, 0x00, 0x00, 0x00, 0xe8, 0x00,
  0x00, 0xee, 0x0d, 0xbc, 0xe4, 0x00, 0x00, 0x00, 0x00, 0xbb, 0x00, 0x00,
  0x10, 0x00, 0x00, 0x00, 0x00, 0x00, 0x00, 0x00, 0x00, 0x00, 0xed, 0x00,
  0x00, 0x00, 0x00, 0xbb, 0xe6, 0x00, 0x0f, 0x00, 0x00, 0x00, 0xe8, 0x00,
  0x00, 0x00, 0x00, 0x00, 0x00, 0xc4, 0x00, 0x00, 0x00, 0x00, 0x00, 0x00,
  0x00, 0x00, 0x11, 0x00, 0x00, 0x00, 0x00, 0x00, 0x00, 0x00, 0xe5, 0x00,
  0x00, 0x00, 0x00, 0x00, 0x00, 0x00, 0x00, 0x00, 0x00, 0x00, 0x00, 0x00,
  0x24, 0x00, 0x00, 0x00, 0x00, 0x00, 0x00, 0x00, 0x00, 0xc0, 0x00, 0x00,
  0x00, 0x00, 0x00, 0x00, 0x00, 0x00, 0x00, 0xf7, 0x00, 0x00, 0x00, 0x00,
  0x00, 0xf4, 0x00, 0x00, 0x00, 0x00, 0x00, 0x00, 0x00, 0x00, 0x00, 0x00,
  0x00, 0x00, 0x00, 0x00, 0xe8, 0x00, 0x00, 0x00, 0x00, 0x00, 0x00, 0x00,
  0x00, 0x00, 0x11, 0x00, 0x00, 0xbf, 0x00, 0x00, 0x00, 0xca, 0x00, 0x00,
  0x00, 0x00, 0x00, 0x00, 0x00, 0x00, 0x00, 0x00, 0x0f, 0xd1, 0x00, 0x00,
  0x00, 0x00, 0x04, 0xd5, 0x00, 0xc2, 0x00, 0x00, 0x00, 0xd3, 0x00, 0x00,
  0x00, 0xec, 0x00, 0x00, 0x00, 0x00, 0x00, 0x00, 0x00, 0xcb, 0x00, 0x00,
  0x00, 0x00, 0x00, 0xcb, 0x00, 0x00, 0x00, 0x00, 0x00, 0xd0, 0x00, 0x00,
  0x00, 0x00, 0x00, 0xca, 0x00, 0x00, 0x00, 0x00, 0x00, 0x00, 0xee, 0x00,
  0x00, 0x00, 0x00, 0x00, 0x00, 0x00, 0x00, 0x00, 0x00, 0xd2, 0x00, 0x00,
  0x00, 0x00, 0x00, 0x00, 0x00, 0x00, 0x00, 0x00, 0x00, 0xcd, 0x00, 0x00,
  0x00, 0xee, 0x00, 0x00, 0x00, 0x00, 0x00, 0x00, 0x06, 0x00, 0x00, 0xc3,
  0x00, 0x00, 0x00, 0xd9, 0x00, 0x00, 0x00, 0x00, 0x00, 0x00, 0x00, 0x00,
  0x00, 0xf1, 0x00, 0xd1, 0x00, 0x00, 0x00, 0x00, 0x12, 0xdc, 0x00, 0xc1,
  0x00, 0x00, 0x00, 0xd4, 0xf2, 0x00, 0x00, 0x00, 0x00, 0xda, 0x00, 0x00,
  0x00, 0x00, 0x00, 0xdd, 0xef, 0xc3, 0x00, 0x00, 0xed, 0x00, 0xed, 0x00,
  0x00, 0x00, 0x00, 0x00, 0x00, 0xc3, 0x00, 0xfb, 0x00, 0xe2, 0x00, 0xc2,
  0x00, 0x00, 0x00, 0x00, 0xea, 0x00, 0x00, 0x00, 0x00, 0x00, 0x00, 0x00,
  0xf5, 0x00, 0x00, 0x00, 0x00, 0x00, 0x00, 0x00, 0x00, 0x00, 0xf0, 0x00,
  0x00, 0xfc, 0x00, 0x00, 0x00, 0x00, 0x15, 0x00, 0x19, 0x00, 0x00, 0x00,
  0x0e, 0xf9, 0x10, 0x00, 0x00, 0xbf, 0x14, 0x00, 0x00, 0x00, 0xef, 0x00,
  0x00, 0xf9, 0x00, 0x00, 0x00, 0xc0, 0x00, 0xf7, 0x00, 0x00, 0x00, 0x00,
  0x00, 0x00, 0x00, 0xef, 0x00, 0x00, 0x00, 0x00, 0x00, 0x00, 0x00, 0x00,
  0x00, 0xf3, 0x00, 0x00, 0x00, 0x00, 0x00, 0xf5, 0x00, 0xf4, 0x00, 0x00,
  0x07, 0x00, 0x00, 0xf2, 0x00, 0x00, 0x00, 0xf9, 0x00, 0x00, 0x00, 0x00,
  0x00, 0x00, 0x00, 0x00, 0xf1, 0x00, 0x00, 0x00, 0x00, 0x00, 0xf0, 0x00,
  0x00, 0x00, 0x00, 0xee, 0x00, 0x00, 0x00, 0x00, 0x00, 0x00, 0x00, 0x00,
  0x00, 0x00, 0x00, 0xf0, 0x00, 0x00, 0x00, 0x00, 0x00, 0xee, 0x00, 0x00,
  0x00, 0xe8, 0x00, 0x00, 0x00, 0x00, 0x00, 0x00, 0x00, 0x00, 0x00, 0x00,
  0x00, 0x00, 0xf2, 0x00, 0x00, 0x00, 0xf0, 0x00, 0xf3, 0x00, 0x00, 0x00,
  0x00, 0x00, 0x00, 0x00, 0x00, 0x00, 0x00, 0x00, 0x00, 0x00, 0x00, 0x00,
  0x00, 0x00, 0x00, 0x00, 0x00, 0x00, 0x00, 0x00, 0x00, 0xeb, 0x00, 0xf1,
  0x00, 0x00, 0x00, 0x00, 0x13, 0xef, 0x00, 0x00, 0x15, 0x00, 0x00, 0x00,
  0x00, 0x00, 0x00, 0x00, 0x00, 0x00, 0x00, 0x12, 0x00, 0x00, 0x00, 0x00,
  0xf3, 0x00, 0x0f, 0x00, 0x00, 0x00, 0x00, 0x10, 0x00, 0x00, 0x00, 0x00,
  0x00, 0x00, 0x00, 0x00, 0x00, 0x00, 0x00, 0x00, 0x11, 0x00, 0x00, 0x00,
  0x00, 0x00, 0x00, 0x00, 0x15, 0x00, 0x00, 0x00, 0x00, 0x00, 0x00, 0x00,
  0x00, 0x00, 0x00, 0xec, 0x00, 0x00, 0xee, 0x00, 0x00, 0x00, 0x00, 0x00,
  0x00, 0x16, 0x00, 0xee, 0x00, 0x00, 0x00, 0x00, 0x00, 0x00, 0x00, 0x00,
  0x00, 0x00, 0x00, 0x00, 0x17, 0x00, 0x00, 0x00, 0x00, 0x00, 0x00, 0x00,
  0x00, 0x00, 0x00, 0x00, 0x10, 0x00, 0x00, 0x00, 0x00, 0xeb, 0x00, 0x00,
  0x00, 0x00, 0x00, 0xeb, 0x13, 0x00, 0x00, 0x00, 0x00, 0xf0, 0x00, 0x00,
  0x00, 0x00, 0x00, 0x00, 0x10, 0x00, 0x00, 0x00, 0x00, 0x00, 0x00, 0x00,
  0x00, 0x00, 0x00, 0x00, 0x00, 0x00, 0x00, 0x00, 0x00, 0x00, 0x13, 0x00,
  0x00, 0x00, 0x00, 0x00, 0x00, 0x00, 0x00, 0x16, 0x00, 0x00, 0x00, 0x00,
  0x00, 0x14, 0x00, 0xeb, 0x00, 0x00, 0x00, 0x00, 0xf0, 0xec, 0x00, 0x00,
  0x00, 0x14, 0x00, 0x00, 0x00, 0x00, 0x00, 0x00, 0x00, 0x00, 0x00, 0x00,
  0xee, 0x00, 0x00, 0x00, 0x00, 0xed, 0x00, 0x00, 0x00, 0x00, 0x00, 0x00,
  0x00, 0x00, 0x00, 0x00, 0x00, 0x00, 0x00, 0x00, 0x0f, 0x00, 0x00, 0x00,
  0x00, 0x00, 0x00, 0x00, 0x00, 0xec, 0x00, 0x00, 0x00, 0x00, 0x00, 0x00,
  0x00, 0x00, 0x00, 0x00, 0x00, 0x00, 0x00, 0x00, 0x00, 0x00, 0x00, 0xe9,
  0x00, 0x00, 0x00, 0x00, 0x00, 0x00, 0x00, 0x00, 0x00, 0x00, 0x00, 0xed,
  0x00, 0x00, 0x00, 0x00, 0x00, 0x00, 0x00, 0x00, 0x00, 0xed, 0x00, 0x00,
  0x00, 0x11, 0x00, 0xee, 0x00, 0xea, 0x00, 0x00, 0x00, 0x00, 0x00, 0x00,
  0x00, 0x00, 0xf2, 0x00, 0x00, 0x00, 0x00, 0x11, 0x00, 0x00, 0x00, 0x00,
  0x00, 0x00, 0x00, 0x00, 0x00, 0x00, 0x00, 0x00, 0x00, 0x00, 0x00, 0x00,
  0x00, 0x00, 0x00, 0xed, 0x13, 0x00, 0x00, 0x00, 0x00, 0x00, 0x00, 0x00,
  0x00, 0x00, 0x00, 0x00, 0x16, 0x00, 0x00, 0x00, 0x00, 0x00, 0x00, 0x00,
  0x00, 0x00, 0x00, 0xef, 0x00, 0x00, 0x00, 0x00, 0x00, 0x00, 0x00, 0xee,
  0x00, 0x00, 0xf0, 0xec, 0x00, 0x00, 0x00, 0x00, 0x00, 0xee, 0x00, 0x00,
  0x00, 0x00, 0x00, 0x00, 0x00, 0x00, 0xee, 0x00, 0x00, 0x00, 0x00, 0x00,
  0x00, 0x00, 0x00, 0x00, 0x00, 0x00, 0x00, 0x10, 0x00, 0xed, 0x14, 0x00,
  0xed, 0x11, 0x00, 0x00, 0x00, 0xf0, 0x00, 0x00, 0x00, 0xed, 0x12, 0x0e,
  0x00, 0x00, 0x00, 0x00, 0x12, 0x00, 0x00, 0x00, 0x00, 0x00, 0x00, 0x00,
  0x00, 0x00, 0x00, 0xeb, 0x00, 0x00, 0x00, 0x00, 0xf2, 0x00, 0x00, 0x00,
  0x00, 0x00, 0x00, 0xec, 0x12, 0x00, 0x00, 0x00, 0x00, 0x00, 0x00, 0xf0,
  0x00, 0x0c, 0xf2, 0x00, 0x00, 0x00, 0x00, 0x00, 0x00, 0x00, 0x00, 0x00,
  0x00, 0x00, 0x00, 0x00, 0x00, 0x00, 0x00, 0x00, 0x00, 0x00, 0x11, 0x00,
  0x00, 0x00, 0x00, 0x00, 0x00, 0x00, 0x00, 0x00, 0x00, 0xee, 0x15, 0x00,
  0x00, 0x00, 0x0d, 0x00, 0x10, 0xf1, 0x00, 0x00, 0x00, 0x00, 0x00, 0xf0,
  0x00, 0x00, 0x00, 0x00, 0x00, 0x00, 0x00, 0x00, 0x00, 0x00, 0x00, 0x00,
  0x00, 0x0c, 0x00, 0x00, 0x00, 0x00, 0x00, 0x00, 0xef, 0x00, 0x00, 0xed,
  0x00, 0x00, 0xf1, 0x00, 0x00, 0x00, 0x00, 0x00, 0x00, 0xed, 0x00, 0x00,
  0x00, 0x00, 0x00, 0x00, 0x00, 0x00, 0x00, 0x13, 0x00, 0x00, 0x00, 0x00,
  0x00, 0x00, 0x00, 0x00, 0x00, 0xeb, 0x00, 0x00, 0x00, 0x00, 0x00, 0x00,
  0x00, 0x00, 0x00, 0x00, 0x00, 0x00, 0x00, 0x00, 0x00, 0x00, 0x00, 0x00,
  0x00, 0x10, 0x00, 0x00, 0x00, 0x00, 0x00, 0x11, 0x00, 0x00, 0x00, 0x00,
  0x00, 0x00, 0x00, 0x00, 0x00, 0x00, 0x00, 0x00, 0x00, 0x00, 0x00, 0x00,
  0x00, 0x00, 0x00, 0xf0, 0x00, 0x00, 0x00, 0x00, 0x00, 0x00, 0x00, 0xed,
  0x00, 0x00, 0x00, 0x1c, 0xcf, 0x00, 0x00, 0x00, 0xed, 0x00, 0x00, 0x00,
  0x00, 0x00, 0x00, 0x15, 0x00, 0x00, 0x00, 0x00, 0xed, 0x00, 0x00, 0xfa,
  0x00, 0x00, 0x00, 0x00, 0x00, 0xfd, 0x00, 0x00, 0x00, 0x00, 0x00, 0x00,
  0x00, 0xe1, 0x00, 0x00, 0x00, 0x00, 0x00, 0x00, 0x00, 0x00, 0x00, 0xfa,
  0x00, 0xe6, 0x00, 0x00, 0x00, 0xfc, 0x00, 0x00, 0x00, 0x00, 0xff, 0x00,
  0x00, 0x00, 0x00, 0x14, 0x00, 0x00, 0x00, 0x00, 0xee, 0x00, 0x00, 0xf8,
  0x00, 0x00, 0xee, 0x00, 0x00, 0xf2, 0x00, 0x00, 0x00, 0x00, 0x00, 0x00,
  0x00, 0x00, 0x00, 0x00, 0x00, 0xf1, 0x00, 0xe4, 0x00, 0x00, 0x00, 0xf0,
  0x00, 0x00, 0x00, 0x33, 0xd4, 0xf1, 0x00, 0xe3, 0x00, 0x00, 0x00, 0xf4,
  0x00, 0x00, 0x00, 0x00, 0x00, 0x00, 0x00, 0x00, 0xf0, 0x39, 0xd0, 0x00,
  0x00, 0x00, 0xf2, 0x3e, 0xd2, 0x00, 0x00, 0x00, 0xf8, 0x3c, 0x00, 0x00,
  0x00, 0x00, 0x00, 0x00, 0x00, 0x00, 0x00, 0x00, 0x00, 0x44, 0xcd, 0x00,
  0x00, 0x00, 0x00, 0x41, 0x00, 0x00, 0x00, 0x00, 0x00, 0x00, 0x00, 0x00,
  0x00, 0x00, 0x00, 0x42, 0x00, 0x00, 0x00, 0x00, 0x00, 0x50, 0x00, 0x00,
  0x00, 0x00, 0xf4, 0x00, 0xc8, 0x00, 0x00, 0x00, 0xfc, 0x53, 0xc3, 0x00,
  0x00, 0xe3, 0x01, 0x44, 0xc8, 0x00, 0x00, 0x00, 0xfa, 0x4a, 0x00, 0x00,
  0x00, 0x00, 0x00, 0x46, 0x00, 0x00, 0x00, 0x00, 0x00, 0x00, 0x00, 0x00,
  0x00, 0xe9, 0x00, 0x00, 0x00, 0x00, 0x00, 0xe0, 0x00, 0x00, 0xd6, 0x00,
  0x00, 0x00, 0x00, 0x00, 0x00, 0x00, 0x00, 0xee, 0x00, 0x00, 0x00, 0x00,
  0x00, 0x00, 0x00, 0x0e, 0x00, 0xf7, 0x00, 0x00, 0x00, 0x0b, 0x00, 0x00,
  0x00, 0x00, 0x00, 0x00, 0x00, 0x00, 0x00, 0x00, 0x00, 0x00, 0x00, 0x00,
  0x00, 0x00, 0x00, 0x00, 0x00, 0x00, 0x00, 0x00, 0x02, 0x00, 0x00, 0x00,
  0x00, 0x00, 0x00, 0x00, 0x00, 0x00, 0x00, 0x00, 0x00, 0x00, 0x00, 0x00,
  0x00, 0xee, 0x00, 0x2e, 0x00, 0x00, 0x00, 0xe7, 0x00, 0x00, 0x00, 0x00,
  0x00, 0xe6, 0xf5, 0x00, 0xdc, 0x00, 0x00, 0x00, 0xfc, 0x00, 0x00, 0xfd,
  0x00, 0x00, 0x00, 0x00, 0x00, 0x00, 0x00, 0x00, 0xf7, 0x00, 0x00, 0x00,
  0x00, 0x00, 0x00, 0x00, 0x00, 0x00, 0x00, 0x00, 0x00, 0x3e, 0x00, 0x00,
  0x00, 0x00, 0x00, 0x4b, 0x00, 0xf1, 0x00, 0x00, 0xf3, 0x4a, 0x00, 0x00,
  0x00, 0x00, 0xf4, 0x00, 0x00, 0x00, 0x00, 0x00, 0xee, 0x00, 0x00, 0x00,
  0x00, 0xe7, 0xe8, 0x55, 0x00, 0x00, 0x00, 0xea, 0xec, 0x00, 0x00, 0x00,
  0x00, 0x00, 0xee, 0x00, 0xd0, 0xeb, 0x00, 0x00, 0xee, 0x00, 0x00, 0x00,
  0x00, 0x00, 0xf2, 0x00, 0x00, 0x00, 0x00, 0x00, 0xf1, 0x5c, 0x00, 0x00,
  0x00, 0x00, 0xf9, 0x5a, 0xc7, 0x00, 0x00, 0x00, 0xf7, 0x58, 0xc7, 0x00,
  0x00, 0x00, 0xf6, 0x59, 0xc8, 0x00, 0x00, 0x00, 0xfb, 0x4e, 0xc7, 0x00,
  0x00, 0x00, 0x01, 0x4f, 0x00, 0x00, 0x00, 0x00, 0x00, 0x45, 0x00, 0x00,
  0x00, 0x00, 0x00, 0x00, 0xce, 0x00, 0x00, 0x00, 0x00, 0x00, 0x00, 0x07,
  0x00, 0x00, 0x00, 0x00, 0x00, 0x09, 0x00, 0x00, 0x00, 0x00, 0x00, 0x00,
  0x00, 0x00, 0x00, 0x00, 0x00, 0x00, 0x00, 0xed, 0x00, 0x00, 0x00, 0x0d,
  0x00, 0xf0, 0x00, 0x00, 0x00, 0x00, 0x00, 0x00, 0x00, 0x3d, 0x00, 0x00,
  0x00, 0x00, 0x00, 0x00, 0x00, 0x00, 0x00, 0x00, 0x00, 0x00, 0x00, 0x00,
  0x00, 0x00, 0x00, 0x36, 0x00, 0x00, 0x00, 0x00, 0x00, 0x35, 0x00, 0x00,
  0x00, 0x00, 0x00, 0x00, 0x00, 0xf1, 0x00, 0x00, 0x00, 0x00, 0xe5, 0xf6,
  0x00, 0x00, 0x00, 0x00, 0x00, 0xee, 0x00, 0xe8, 0x00, 0x00, 0x00, 0x00,
  0x00, 0xeb, 0x00, 0x3b, 0x00, 0x00, 0x00, 0x00, 0x00, 0x00, 0x00, 0xf2,
  0x00, 0x00, 0x00, 0x00, 0x00, 0x00, 0x00, 0x00, 0x00, 0x00, 0x00, 0xeb,
  0x08, 0x00, 0x00, 0x00, 0x00, 0x00, 0x00, 0x00, 0xe4, 0x00, 0x00, 0xee,
  0x00, 0x00, 0x00, 0x00, 0x00, 0xec, 0x00, 0x00, 0xf6, 0x52, 0x00, 0xed,
  0x00, 0xe1, 0x00, 0x56, 0x00, 0x00, 0x00, 0x00, 0x00, 0x00, 0x00, 0x00,
  0x00, 0xe6, 0xf1, 0x00, 0xcc, 0x00, 0x00, 0x00, 0xf0, 0x00, 0x00, 0x00,
  0x00, 0x00, 0xec, 0x00, 0xc9, 0x00, 0x00, 0x00, 0xf4, 0x5d, 0x00, 0x00,
  0x00, 0x00, 0x00, 0xf2, 0x00, 0x00, 0x00, 0x00, 0x0c, 0xf8, 0x00, 0x11,
  0x00, 0x00, 0x17, 0xfa, 0x00, 0x00, 0x00, 0x00, 0x00, 0x00, 0x24, 0x00,
  0x00, 0x00, 0x00, 0xfa, 0x24, 0x00, 0x00, 0x00, 0x00, 0x00, 0x00, 0x00,
  0x00, 0x00, 0x00, 0x00, 0x00, 0x00, 0x00, 0x00, 0x00, 0x00, 0x00, 0x00,
  0x00, 0xf8, 0x00, 0x23, 0xf8, 0x00, 0x00, 0x00, 0x00, 0x00, 0x00, 0x00,
  0x00, 0x00, 0x00, 0x00, 0x00, 0x00, 0x00, 0xf5, 0x00, 0x00, 0x00, 0x00,
  0x00, 0xf6, 0x00, 0x00, 0xfb, 0x14, 0x00, 0xf1, 0x00, 0x00, 0xfc, 0x12,
  0x00, 0x00, 0x00, 0xef, 0x00, 0x1f, 0x13, 0x00, 0x00, 0x00, 0x00, 0x1d,
  0x00, 0x00, 0x00, 0xf1, 0x00, 0x1e, 0x00, 0x18, 0x00, 0xdb, 0x00, 0x26,
  0x00, 0x1d, 0x00, 0xe7, 0x00, 0x17, 0x00, 0x00, 0x00, 0xec, 0x1c, 0x00,
  0x00, 0x00, 0x00, 0x00, 0x2d, 0x00, 0x00, 0x00, 0x04, 0x00, 0x1d, 0x00,
  0x00, 0x00, 0x00, 0x00, 0x1f, 0x00, 0x00, 0x00, 0xdc, 0x25, 0x00, 0x00,
  0x00, 0x00, 0x00, 0x00, 0x20, 0x00, 0x00, 0x00, 0x00, 0x00, 0x00, 0x00,
  0x00, 0x00, 0xd2, 0x25, 0x00, 0x00, 0x00, 0x00, 0x00, 0x00, 0xee, 0x00,
  0x00, 0xf8, 0x00, 0x00, 0xef, 0x00, 0x00, 0x00, 0x02, 0x00, 0x00, 0x00,
  0x00, 0x00, 0x00, 0xf0, 0xf5, 0x00, 0x00, 0x00, 0x00, 0xfe, 0x00, 0x1b,
  0x00, 0x00, 0x00, 0x00, 0x00, 0x1a, 0x00, 0x00, 0x0a, 0x00, 0x00, 0x00,
  0x00, 0x00, 0x00, 0x00, 0x00, 0x00, 0x00, 0x00, 0x00, 0x00, 0x00, 0x16,
  0x00, 0x00, 0x00, 0x00, 0x00, 0x14, 0x00, 0x00, 0x00, 0x00, 0x00, 0x1c,
  0x00, 0x00, 0x00, 0xff, 0x1f, 0x13, 0x00, 0x00, 0x00, 0x00, 0x00, 0x00,
  0x00, 0x00, 0x00, 0xfa, 0x1b, 0x00, 0x00, 0x00, 0x00, 0xf7, 0x00, 0x00,
  0x00, 0x00, 0x08, 0x00, 0x00, 0x00, 0x20, 0xf3, 0x00, 0x00, 0x1d, 0xee,
  0x17, 0xe2, 0x00, 0x00, 0x00, 0x00, 0x00, 0x00, 0x00, 0xf7, 0x00, 0xee,
  0x00, 0x00, 0x00, 0xfa, 0x00, 0x00, 0x00, 0x00, 0x00, 0xf5, 0x00, 0x00,
  0x19, 0x00, 0x00, 0x00, 0x00, 0x00, 0x00, 0x00, 0x00, 0xf2, 0x00, 0x00,
  0x00, 0x00, 0x15, 0xf3, 0x00, 0x00, 0x00, 0x00, 0x00, 0xed, 0x00, 0x00,
  0x00, 0x00, 0x00, 0xdf, 0x24, 0x16, 0x00, 0x00, 0x00, 0xed, 0x00, 0x11,
  0x00, 0x00, 0x00, 0x00, 0x00, 0x12, 0x00, 0x00, 0x00, 0xf9, 0x28, 0x00,
  0x00, 0x00, 0x00, 0x00, 0x35, 0xeb, 0x00, 0x00, 0x00, 0x00, 0x2c, 0x00,
  0x00, 0x1c, 0x00, 0x00, 0x00, 0xf1, 0x00, 0x00, 0x00, 0x00, 0x00, 0x00,
  0x00, 0x00, 0x00, 0x00, 0x00, 0x00, 0x00, 0x00, 0xe1, 0x00, 0x00, 0x00,
  0x00, 0x00, 0xde, 0x00, 0x00, 0x00, 0x22, 0x00, 0x00, 0xf7, 0x00, 0x00,
  0x00, 0xf4, 0x00, 0x00, 0x00, 0x00, 0x00, 0x00, 0x00, 0x00, 0x00, 0x00,
  0x00, 0x00, 0x00, 0x00, 0xfc, 0x00, 0x00, 0x00, 0xd2, 0x00, 0xf9, 0x00,
  0x12, 0x00, 0x00, 0x00, 0xf2, 0x00, 0x00, 0xee, 0x00, 0x00, 0x00, 0x13,
  0x00, 0x00, 0x00, 0x00, 0x00, 0x00, 0x00, 0x00, 0x00, 0x00, 0x00, 0x1e,
  0x00, 0x00, 0x00, 0x00, 0x00, 0x14, 0x00, 0x13, 0x00, 0x00, 0x00, 0x19,
  0x00, 0x00, 0x00, 0x00, 0x20, 0x00, 0x00, 0x00, 0xdf, 0x00, 0x00, 0x00,
  0x00, 0x00, 0x00, 0x00, 0x00, 0x00, 0x00, 0x00, 0x00, 0x00, 0x00, 0x00,
  0x00, 0x00, 0x00, 0x00, 0x00, 0x00, 0x22, 0xeb, 0x00, 0x00, 0x00, 0x00,
  0x00, 0xe9, 0x00, 0xf1, 0x00, 0x00, 0x00, 0x00, 0x00, 0x00, 0x00, 0xf5,
  0x00, 0x00, 0x00, 0x00, 0x00, 0xf5, 0x1f, 0xf3, 0x00, 0xe5, 0x00, 0x16,
  0x00, 0xf2, 0x00, 0xfb, 0x00, 0x00, 0x00, 0x00, 0x00, 0xed, 0x00, 0x00,
  0x00, 0x22, 0x00, 0xe2, 0x00, 0x00, 0x00, 0x00, 0x00, 0xed, 0x00, 0x00,
  0x00, 0x00, 0x00, 0xed, 0x23, 0x00, 0x00, 0x00, 0x00, 0x00, 0x00, 0x00,
  0x00, 0x00, 0x00, 0x00, 0x28, 0x16, 0x00, 0x00, 0x00, 0x00, 0x00, 0x00,
  0x00, 0xf4, 0x00, 0x24, 0x25, 0x00, 0xe9, 0x00, 0x00, 0x00, 0x22, 0xeb,
  0x00, 0x00, 0x00, 0x00, 0x21, 0x00, 0x00, 0x00, 0xe7, 0x23, 0x00, 0x10,
  0x00, 0x00, 0x00, 0x00, 0x00, 0x00, 0x13, 0x00, 0x00, 0x00, 0xf3, 0x0e,
  0x00, 0x00, 0x00, 0xfb, 0x00, 0x1c, 0x00, 0x00, 0x00, 0x00, 0xf5, 0x10,
  0x00, 0x00, 0x00, 0x00, 0x00, 0xe9, 0x00, 0x00, 0x12, 0x00, 0x00, 0xe4,
  0xfa, 0x00, 0x00, 0x00, 0x0f, 0x00, 0x00, 0x13, 0x12, 0x00, 0x12, 0x00,
  0x1b, 0x00, 0x00, 0xf8, 0x00, 0x00, 0xfa, 0x00, 0x18, 0x00, 0x00, 0x00,
  0x00, 0x00, 0x00, 0x00, 0x0d, 0x00, 0x00, 0x00, 0x00, 0xd9, 0x00, 0x00,
  0x00, 0x00, 0x00, 0x00, 0x00, 0x00, 0x00, 0xf2, 0x00, 0x00, 0x0a, 0x00,
  0x00, 0x00, 0x00, 0x00, 0x09, 0x16, 0x00, 0x00, 0x00, 0x00, 0x00, 0x18,
  0x00, 0x00, 0x00, 0x00, 0x07, 0x1f, 0x1f, 0x00, 0x00, 0x00, 0x00, 0x18,
  0x00, 0x00, 0x00, 0xda, 0x00, 0x00, 0x22, 0x00, 0x00, 0x00, 0x00, 0x13,
  0x00, 0xe3, 0x00, 0x00, 0x00, 0x00, 0x00, 0x00, 0x22, 0x09, 0x00, 0xf5,
  0x00, 0x00, 0x00, 0x17, 0x00, 0x00, 0x00, 0x00, 0x00, 0x22, 0x00, 0x00,
  0x00, 0x00, 0x00, 0x25, 0x00, 0x00, 0x00, 0x00, 0x00, 0x24, 0x00, 0x00,
  0x00, 0x00, 0x00, 0x00, 0x00, 0x00, 0x00, 0x00, 0x00, 0x00, 0x00, 0x00,
  0x00, 0x00, 0x00, 0x0b, 0x00, 0x00, 0x00, 0x00, 0x00, 0x00, 0x00, 0x00,
  0xf6, 0x0b, 0x00, 0x00, 0xe7, 0x1d, 0x00, 0x00, 0x03, 0x00, 0x00, 0x00,
  0x14, 0x00, 0x00, 0x00, 0x00, 0x00, 0x13, 0x00, 0x00, 0xe3, 0x00, 0x00,
  0x00, 0x00, 0x00, 0x00, 0x0d, 0x00, 0x1a, 0x00, 0x00, 0x00, 0x0d, 0x00,
  0x00, 0x00, 0x00, 0x00, 0x0a, 0x00, 0x00, 0x00, 0x00, 0x00, 0x00, 0x00,
  0x15, 0x10, 0x00, 0x00, 0x00, 0x00, 0x00, 0x00, 0x00, 0x00, 0x00, 0x00,
  0x00, 0x19, 0x00, 0xe4, 0x00, 0x00, 0x00, 0x00, 0x00, 0x00, 0x16, 0x00,
  0x00, 0x00, 0x00, 0x00, 0x0c, 0xee, 0x00, 0x00, 0x00, 0x00, 0x0e, 0xef,
  0x00, 0x00, 0x00, 0x00, 0x00, 0x00, 0x00, 0x00, 0x00, 0x00, 0x00, 0xea,
  0x00, 0x00, 0xfb, 0x0e, 0x0c, 0xee, 0x00, 0x0e, 0x00, 0x00, 0x00, 0x00,
  0x00, 0x00, 0x00, 0x00, 0x00, 0x00, 0x00, 0x00, 0x00, 0x00, 0x09, 0x00,
  0x15, 0x00, 0x00, 0x00, 0x09, 0x00, 0x00, 0x00, 0x00, 0xe6, 0x00, 0x00,
  0x00, 0x00, 0x00, 0x00, 0x00, 0x22, 0x00, 0x00, 0x00, 0xdf, 0x00, 0x00,
  0x00, 0x00, 0x04, 0x00, 0x00, 0x25, 0x29, 0x00, 0x00, 0x00, 0x00, 0x26,
  0x00, 0x00, 0x00, 0xe8, 0x08, 0x19, 0x00, 0x17, 0x00, 0x00, 0x00, 0x13,
  0x21, 0x00, 0x00, 0x00, 0x12, 0x00, 0x00, 0x00, 0x00, 0x19, 0x00, 0x00,
  0x25, 0x00, 0x00, 0x1a, 0x0f, 0x00, 0x00, 0x00, 0x36, 0x18, 0x00, 0x00,
  0x00, 0x0e, 0x2c, 0x00, 0x00, 0xee, 0x00, 0x00, 0x20, 0x00, 0x10, 0x00,
  0x00, 0x00, 0x00, 0x00, 0x0e, 0xe0, 0x11, 0x0d, 0x00, 0x0f, 0x00, 0xdd,
  0x00, 0x00, 0x00, 0x00, 0x00, 0x00, 0x1c, 0x00, 0x03, 0x13, 0x00, 0x00,
  0x00, 0x00, 0x00, 0x00, 0x00, 0xe6, 0x00, 0x00, 0x00, 0x19, 0x00, 0x00,
  0x00, 0x00, 0x00, 0x00, 0x00, 0xeb, 0x00, 0x00, 0x00, 0x00, 0x00, 0x00,
  0x00, 0xea, 0x00, 0x00, 0x00, 0x00, 0x19, 0x00, 0x00, 0x00, 0x00, 0x00,
  0x00, 0x00, 0x00, 0xef, 0x1c, 0x00, 0x00, 0x00, 0x00, 0x00, 0x12, 0x00,
  0x19, 0x0e, 0x00, 0xf1, 0x1d, 0x00, 0x00, 0x0f, 0x00, 0xf0, 0x00, 0x00,
  0x00, 0x1a, 0x17, 0xdd, 0x00, 0x00, 0x17, 0x00, 0x00, 0x00, 0x00, 0x00,
  0x00, 0x00, 0x14, 0xf5, 0x00, 0x00, 0x00, 0x00, 0x04, 0x00, 0x00, 0x00,
  0x00, 0xf9, 0x00, 0x17, 0x11, 0x00, 0x00, 0x00, 0x00, 0x00, 0x00, 0x00,
  0x00, 0xf1, 0x00, 0x00, 0x00, 0x00, 0x00, 0x00, 0x00, 0x00, 0x00, 0x00,
  0x00, 0x00, 0x00, 0x00, 0x00, 0x00, 0x00, 0x00, 0x00, 0xf7, 0x00, 0x09,
  0x1a, 0x00, 0x00, 0x01, 0x00, 0x00, 0x00, 0x00, 0x15, 0x00, 0x00, 0x00,
  0x00, 0x00, 0x14, 0x01, 0x00, 0x16, 0x00, 0xf2, 0x0f, 0x00, 0x00, 0x00,
  0x00, 0x00, 0x0e, 0x00, 0x00, 0x0a, 0x00, 0x15, 0x00, 0x00, 0x11, 0x13,
  0x18, 0x00, 0xf2, 0xfd, 0x00, 0x00, 0x00, 0x00, 0x00, 0x22, 0x00, 0x00,
  0x00, 0x00, 0x19, 0x00, 0x00, 0x00, 0x00, 0x00, 0x2e, 0x23, 0x12, 0x00,
  0x00, 0x00, 0x31, 0x00, 0x00, 0x00, 0x00, 0x00, 0x21, 0x00, 0x00, 0xe1,
  0x00, 0x00, 0x26, 0x27, 0xea, 0x00, 0x00, 0x00, 0x00, 0x00, 0x00, 0x00,
  0x00, 0x00, 0x00, 0x20, 0xe4, 0x00, 0x00, 0x00, 0x00, 0x00, 0xe5, 0x00,
  0x00, 0x00, 0x00, 0x00, 0x00, 0x00, 0x00, 0x00, 0x00, 0x20, 0x00, 0x00,
  0x00, 0xe6, 0x00, 0x00, 0xdc, 0x00, 0x00, 0x00, 0xd9, 0x22, 0x00, 0x00,
  0x00, 0x00, 0xc8, 0x00, 0x00, 0x00, 0x17, 0x00, 0xd6, 0x2b, 0x00, 0x00,
  0x1c, 0xe1, 0x00, 0x00, 0x00, 0x00, 0x00, 0x00, 0x00, 0x22, 0x00, 0x0a,
  0x00, 0x00, 0x00, 0x2c, 0x00, 0x00, 0x15, 0x00, 0x00, 0x33, 0x00, 0x00,
  0x00, 0x00, 0x00, 0x25, 0x00, 0x00, 0x00, 0x00, 0x00, 0x3a, 0x00, 0x00,
  0x13, 0x00, 0x00, 0x00, 0xd5, 0x00, 0x00, 0x00, 0x00, 0x00, 0x00, 0x00,
  0x19, 0x00, 0x00, 0x32, 0x00, 0x00, 0x00, 0x00, 0x17, 0x2a, 0x00, 0x00,
  0x00, 0x00, 0x00, 0x00, 0x00, 0x00, 0x00, 0x03, 0xf5, 0x34, 0x00, 0x00,
  0x00, 0x00, 0x00, 0x00, 0xd7, 0x00, 0x00, 0x00, 0x00, 0x33, 0x00, 0x00,
  0x00, 0xe4, 0x00, 0x2d, 0x00, 0x00, 0x00, 0xe6, 0x00, 0x00, 0x00, 0x00,
  0x00, 0xe3, 0x00, 0x00, 0x00, 0x00, 0x00, 0x00, 0x00, 0x2e, 0x00, 0x00,
  0x00, 0x00, 0xfa, 0x27, 0x00, 0x00, 0x00, 0x00, 0xe0, 0x00, 0x00, 0x00,
  0x13, 0x00, 0xd9, 0x28, 0x00, 0x00, 0x00, 0x00, 0x00, 0x00, 0x00, 0x00,
  0x00, 0x00, 0x00, 0xff, 0x00, 0x00, 0x00, 0x00, 0x00, 0x00, 0x00, 0x00,
  0x00, 0x00, 0x00, 0x00, 0x03, 0x00, 0x00, 0x00, 0x00, 0x00, 0x00, 0xe3,
  0x00, 0x00, 0xf0, 0x00, 0x00, 0x00, 0x00, 0x00, 0xfa, 0x06, 0x00, 0x00,
  0x00, 0x00, 0x00, 0x00, 0x00, 0x00, 0x00, 0x00, 0x00, 0x06, 0x00, 0x00,
  0x00, 0x00, 0x00, 0x00, 0x00, 0x00, 0x00, 0x00, 0x00, 0x00, 0x00, 0x00,
  0x00, 0x00, 0x00, 0x00, 0x00, 0x00, 0x00, 0x00, 0xf3, 0x00, 0x00, 0x00,
  0x00, 0x00, 0xd4, 0x00, 0x00, 0x00, 0x1c, 0x00, 0xf2, 0x00, 0x00, 0x00,
  0x00, 0x00, 0x00, 0x00, 0x00, 0x00, 0x00, 0x00, 0x00, 0x00, 0x00, 0x00,
  0x00, 0x00, 0x00, 0x00, 0x00, 0x00, 0x00, 0x00, 0x00, 0x38, 0x00, 0x00,
  0x00, 0xe0, 0x00, 0x2f, 0x00, 0x00, 0x00, 0x00, 0xe8, 0x34, 0x00, 0x00,
  0x00, 0x00, 0xe7, 0x32, 0x00, 0x00, 0x00, 0x00, 0xfb, 0x00, 0x00, 0x00,
  0x0f, 0x00, 0x00, 0x2d, 0x00, 0x00, 0x00, 0x00, 0x00, 0x2f, 0x00, 0x00,
  0x00, 0x00, 0x00, 0x36, 0xe0, 0x00, 0x00, 0xe1, 0xf0, 0x3f, 0x00, 0x00,
  0x00, 0xde, 0x00, 0x43, 0x00, 0xd9, 0x00, 0x00, 0x00, 0x38, 0xdf, 0x00,
  0x00, 0x00, 0x00, 0x2f, 0xdf, 0x00, 0x00, 0x00, 0x00, 0x4a, 0x00, 0x00,
  0x00, 0x00, 0x00, 0x2c, 0x00, 0x00, 0x00, 0x00, 0x00, 0x2f, 0x00, 0x00,
  0x00, 0x00, 0x00, 0x30, 0x00, 0x00, 0x00, 0xe6, 0x00, 0x32, 0x00, 0x00,
  0x00, 0x00, 0xe1, 0x00, 0x00, 0x00, 0x00, 0x00, 0x00, 0x2e, 0x00, 0x00,
  0x00, 0x00, 0x00, 0x00, 0x00, 0x00, 0x0e, 0x00, 0x00, 0x00, 0x00, 0x00,
  0x00, 0x00, 0xe9, 0x00, 0x00, 0x00, 0x00, 0x00, 0x00, 0x00, 0x00, 0x00,
  0x0b, 0x00, 0xf2, 0x00, 0x00, 0x00, 0x00, 0x00, 0x00, 0x00, 0x00, 0x00,
  0x00, 0x00, 0x00, 0x00, 0x00, 0x00, 0x00, 0x00, 0x00, 0x00, 0x00, 0x00,
  0x00, 0x00, 0x00, 0x00, 0x00, 0x00, 0x00, 0x00, 0x00, 0x00, 0x00, 0x00,
  0x06, 0x00, 0xf3, 0x00, 0x00, 0x00, 0x00, 0x00, 0xde, 0x00, 0x00, 0x00,
  0x00, 0x00, 0xe0, 0x3e, 0x00, 0x00, 0x13, 0xe5, 0x00, 0x00, 0x00, 0x00,
  0x00, 0xe4, 0x0d, 0x40, 0x00, 0x00, 0x00, 0x00, 0x00, 0x00, 0x00, 0x00,
  0x00, 0x00, 0x00, 0x35, 0x00, 0x00, 0x00, 0x00, 0xe7, 0x44, 0x00, 0x00,
  0x00, 0x00, 0xf2, 0x3d, 0x00, 0x00, 0x22, 0x00, 0xe9, 0x39, 0x00, 0x00,
  0x00, 0x00, 0xee, 0x44, 0x00, 0x00, 0x00, 0x00, 0x00, 0x00, 0xd9, 0x00,
  0x00, 0x00, 0x00, 0x00, 0x00, 0xff, 0x00, 0x00, 0x00, 0x34, 0x00, 0x00,
  0x00, 0x00, 0xf3, 0x00, 0x00, 0x00, 0x00, 0x00, 0x00, 0x00, 0x00, 0x00,
  0x00, 0xde, 0x00, 0x00, 0xdc, 0x00, 0x00, 0x00, 0x00, 0x3c, 0x00, 0x00,
  0x00, 0x00, 0x00, 0x3c, 0x00, 0x00, 0x00, 0x00, 0x00, 0x48, 0x00, 0x00,
  0x00, 0x00, 0x00, 0x48, 0x00, 0x00, 0x00, 0x04, 0x00, 0x00, 0x00, 0x00,
  0x00, 0x00, 0xe2, 0x00, 0x00, 0x00, 0x00, 0x00, 0x00, 0x00, 0x00, 0x00,
  0x00, 0x00, 0x00, 0x39, 0x00, 0xcc, 0x00, 0x00, 0x00, 0x00, 0x00, 0x00,
  0x00, 0xf1, 0x00, 0x00, 0x00, 0x24, 0x00, 0xec, 0x00, 0xd4, 0x00, 0x19,
  0x00, 0xf1, 0x16, 0x00, 0x00, 0x14, 0x00, 0x00, 0x00, 0xd5, 0x00, 0x00,
  0x00, 0x16, 0x00, 0x00, 0x00, 0x00, 0x00, 0x00, 0x00, 0xfa, 0x00, 0x00,
  0x00, 0x00, 0x00, 0x00, 0x00, 0x00, 0x00, 0x00, 0x0e, 0x04, 0x00, 0x00,
  0x00, 0x00, 0x16, 0x00, 0x00, 0x00, 0x00, 0xea, 0x1f, 0x00, 0x00, 0x00,
  0x00, 0xe6, 0x2f, 0x00, 0x00, 0x00, 0xec, 0xed, 0x1e, 0xff, 0x00, 0xf2,
  0x00, 0x00, 0x13, 0xfd, 0xf5, 0x00, 0x00, 0x00, 0x00, 0x00, 0x00, 0x00,
  0x1a, 0x00, 0x00, 0x06, 0x00, 0x00, 0x00, 0xf5, 0x00, 0x00, 0x00, 0x11,
  0x00, 0x00, 0x1d, 0xda, 0x00, 0x00, 0x00, 0x00, 0x00, 0xd2, 0x00, 0x00,
  0xe9, 0x00, 0x24, 0xd1, 0x00, 0xee, 0x00, 0x00, 0x00, 0xdb, 0x00, 0x00,
  0x00, 0x00, 0x1f, 0x00, 0x00, 0x00, 0x00, 0x00, 0x00, 0x00, 0x00, 0xdc,
  0x00, 0x00, 0x00, 0x00, 0x00, 0x00, 0x00, 0x00, 0x1d, 0x00, 0x00, 0xdc,
  0x00, 0x00, 0x22, 0x00, 0x00, 0xe7, 0x00, 0x00, 0x2d, 0x00, 0x00, 0x00,
  0x00, 0x00, 0x2c, 0x00, 0x00, 0x00, 0x00, 0x00, 0x2f, 0x01, 0x00, 0x00,
  0x00, 0x00, 0x00, 0x00, 0x00, 0x00, 0x00, 0x00, 0x1f, 0x00, 0x00, 0x00,
  0x00, 0x00, 0x00, 0x00, 0x00, 0x00, 0x00, 0xf2, 0x00, 0x00, 0x00, 0x00,
  0x00, 0x00, 0x00, 0x00, 0x00, 0x00, 0x00, 0x00, 0x00, 0x00, 0x00, 0x00,
  0x00, 0x00, 0x00, 0xfb, 0x00, 0x00, 0x00, 0x00, 0x00, 0x00, 0x1b, 0x14,
  0x00, 0x00, 0x00, 0x00, 0x00, 0x0f, 0x00, 0xef, 0x00, 0x00, 0x18, 0x17,
  0x00, 0xee, 0x0c, 0xcb, 0x18, 0x11, 0x00, 0x00, 0x12, 0xcb, 0x00, 0x18,
  0x00, 0x00, 0x00, 0xd6, 0x00, 0x00, 0x00, 0x00, 0x00, 0x00, 0x00, 0x1d,
  0x00, 0x00, 0x00, 0x00, 0x00, 0x00, 0x00, 0x00, 0x00, 0x00, 0x00, 0x00,
  0x00, 0x00, 0x00, 0x00, 0x1a, 0x00, 0x00, 0x00, 0x00, 0x00, 0x00, 0x00,
  0xe5, 0x00, 0x1b, 0xd8, 0x16, 0x00, 0x00, 0x00, 0x00, 0x00, 0x00, 0xf2,
  0x00, 0x00, 0x00, 0x00, 0xf4, 0x00, 0x00, 0x00, 0x00, 0x09, 0xee, 0x00,
  0x00, 0x00, 0x00, 0x00, 0x00, 0x00, 0x00, 0x00, 0xf1, 0xfc, 0x00, 0x00,
  0x00, 0x14, 0x00, 0xcd, 0x00, 0x00, 0x00, 0x00, 0xed, 0xce, 0x00, 0x00,
  0x00, 0x00, 0x00, 0x00, 0x00, 0x00, 0x00, 0x00, 0x00, 0x00, 0x00, 0x00,
  0x00, 0x00, 0x00, 0x00, 0x00, 0x00, 0x00, 0x00, 0xee, 0x00, 0x00, 0x00,
  0x00, 0x00, 0x00, 0x00, 0x13, 0x00, 0x00, 0x00, 0x00, 0x00, 0x00, 0xef,
  0x00, 0x00, 0x01, 0xf6, 0x00, 0x00, 0x00, 0x00, 0x09, 0x00, 0x00, 0x00,
  0x00, 0x00, 0xff, 0x00, 0x00, 0x00, 0x00, 0x00, 0x00, 0x00, 0x00, 0x00,
  0x00, 0x00, 0x00, 0xd4, 0x00, 0x00, 0x00, 0x00, 0x1a, 0x00, 0x00, 0xf2,
  0x00, 0x00, 0x00, 0x00, 0x00, 0x00, 0x00, 0x00, 0x00, 0x00, 0xf2, 0xf1,
  0x00, 0x00, 0x00, 0xcd, 0x00, 0xec, 0x00, 0x00, 0x21, 0x00, 0x00, 0x00,
  0x00, 0x00, 0x00, 0xd3, 0x00, 0x00, 0x00, 0x00, 0x00, 0x00, 0x00, 0x00,
  0x00, 0x00, 0x00, 0x00, 0x00, 0x00, 0x00, 0x00, 0x1d, 0x00, 0x17, 0x1d,
  0x00, 0x00, 0x13, 0xcb, 0x00, 0x20, 0xf2, 0x12, 0x1a, 0xd1, 0x00, 0x14,
  0x00, 0x00, 0x00, 0xcd, 0x00, 0x14, 0x00, 0x00, 0x00, 0x00, 0xf9, 0x00,
  0x00, 0x00, 0x00, 0x00, 0x00, 0x00, 0x00, 0x00, 0x00, 0x00, 0x1f, 0x00,
  0x00, 0x00, 0x00, 0x00, 0x00, 0x14, 0x00, 0x00, 0x20, 0x00, 0x18, 0x00,
  0x00, 0x00, 0x21, 0xf8, 0x00, 0x00, 0x00, 0x00, 0x00, 0x01, 0x00, 0x00,
  0x00, 0x00, 0x00, 0xfd, 0x00, 0x00, 0x00, 0x00, 0x00, 0x0e, 0x00, 0x00,
  0x00, 0x00, 0x00, 0xfe, 0x00, 0x00, 0x00, 0x00, 0x00, 0xf6, 0x00, 0x1a,
  0x00, 0x00, 0x00, 0x00, 0x00, 0x12, 0xe9, 0x00, 0x00, 0x00, 0xf5, 0x00,
  0x00, 0x00, 0x07, 0xd2, 0x00, 0x00, 0x00, 0x00, 0xff, 0x00, 0x00, 0x00,
  0x00, 0xf6, 0xfa, 0x00, 0x00, 0xf2, 0x00, 0x00, 0x00, 0x00, 0x00, 0xf0,
  0x00, 0x00, 0x00, 0xce, 0x00, 0xed, 0x00, 0x00, 0x00, 0x00, 0x00, 0x00,
  0x00, 0x00, 0x00, 0x00, 0x00, 0x00, 0x00, 0x00, 0x2d, 0x00, 0x1c, 0x00,
  0x00, 0x00, 0x30, 0x00, 0x00, 0x00, 0x00, 0x00, 0x00, 0x00, 0x00, 0xee,
  0x00, 0x00, 0x00, 0x00, 0x00, 0x00, 0x00, 0x00, 0x00, 0x00, 0x00, 0x00,
  0x00, 0x00, 0x00, 0x00, 0x00, 0x00, 0x00, 0x00, 0x00, 0x00, 0x28, 0x00,
  0x2a, 0x00, 0x00, 0x00, 0x00, 0xd8, 0x00, 0x00, 0x00, 0x00, 0x2c, 0xcd,
  0x00, 0x00, 0x19, 0x00, 0x00, 0xd9, 0x00, 0x00, 0x23, 0x00, 0x2d, 0xe1,
  0xf3, 0x00, 0x1e, 0xfe, 0x00, 0xd1, 0x00, 0x00, 0x1f, 0x00, 0x00, 0xdc,
  0x00, 0x00, 0x25, 0xfc, 0x33, 0x00, 0x00, 0x00, 0x00, 0x00, 0x00, 0x00,
  0x00, 0x00, 0x00, 0xf8, 0x31, 0x00, 0x00, 0x00, 0x00, 0x01, 0x3a, 0xd9,
  0x00, 0x1e, 0x00, 0x02, 0x00, 0x00, 0x00, 0x11, 0x00, 0x00, 0x1f, 0xd7,
  0x00, 0x00, 0x00, 0x00, 0x00, 0x00, 0x23, 0x00, 0x00, 0x00, 0x21, 0xd6,
  0x00, 0x00, 0xdb, 0x00, 0x1a, 0xda, 0x00, 0x00, 0xd8, 0x00, 0x00, 0xe3,
  0x00, 0x00, 0xe2, 0x00, 0x1c, 0x00, 0x00, 0x00, 0xdf, 0xfa, 0x00, 0xd8,
  0x00, 0x00, 0x00, 0x00, 0x00, 0x00, 0x16, 0x00, 0xd5, 0x00, 0x00, 0x00,
  0x00, 0x00, 0x00, 0x00, 0x00, 0x00, 0x00, 0x0c, 0xe0, 0x00, 0x00, 0x00,
  0x00, 0x0d, 0x00, 0x04, 0x00, 0x00, 0x00, 0x00, 0xea, 0xef, 0x00, 0x00,
  0x00, 0x00, 0x00, 0x02, 0x00, 0xee, 0x00, 0x00, 0x00, 0x00, 0x00, 0x00,
  0x00, 0x00, 0x00, 0xf9, 0x00, 0x00, 0x00, 0x00, 0xf1, 0x00, 0x00, 0xe8,
  0x00, 0x00, 0x00, 0x00, 0x00, 0x00, 0xf2, 0x00, 0xef, 0x00, 0x12, 0xeb,
  0xe8, 0x00, 0x00, 0x00, 0x11, 0xe6, 0xf7, 0x00, 0x00, 0x00, 0x0b, 0xe6,
  0x00, 0x00, 0x22, 0x00, 0x00, 0xe7, 0x00, 0x00, 0x00, 0x00, 0x00, 0x00,
  0x20, 0x00, 0xed, 0x00, 0x00, 0x00, 0x22, 0x00, 0xd9, 0x00, 0x00, 0x00,
  0x00, 0x00, 0x00, 0xd4, 0x11, 0xec, 0x00, 0x00, 0x00, 0x00, 0x00, 0x00,
  0x00, 0x00, 0x00, 0xef, 0x00, 0xeb, 0x00, 0x00, 0x1f, 0xed, 0x00, 0x00,
  0x00, 0x00, 0x1e, 0xe8, 0x00, 0xe2, 0x00, 0x00, 0x22, 0xea, 0x15, 0x00,
  0x00, 0x00, 0x00, 0xe1, 0x00, 0xf0, 0x00, 0x00, 0x2f, 0xec, 0x1d, 0xe3,
  0xfc, 0x07, 0x00, 0xdb, 0x19, 0x00, 0xf4, 0x11, 0x21, 0x00, 0x21, 0x00,
  0x00, 0x00, 0x00, 0x00, 0x24, 0x00, 0x00, 0x00, 0xf1, 0xf1, 0x00, 0x00,
  0x00, 0x0b, 0x00, 0xe9, 0x21, 0x00, 0x1f, 0x00, 0xfa, 0xe1, 0x11, 0xe3,
  0x00, 0x00, 0x00, 0x00, 0x12, 0x00, 0x00, 0x00, 0x00, 0x00, 0x00, 0x00,
  0x00, 0x00, 0xe8, 0x00, 0x12, 0xda, 0x00, 0xd6, 0x00, 0x00, 0x00, 0xe8,
  0x1e, 0x00, 0xe6, 0x00, 0x00, 0x00, 0x00, 0x00, 0xee, 0xeb, 0x0e, 0x00,
  0x00, 0x00, 0xe7, 0xf2, 0x00, 0x00, 0x00, 0x00, 0x00, 0x00, 0x00, 0x00,
  0x18, 0x06, 0x00, 0x00, 0x00, 0x00, 0x1a, 0x00, 0x00, 0x00, 0x00, 0x00,
  0x00, 0x00, 0x00, 0x00, 0x00, 0x00, 0x00, 0x09, 0x00, 0xdc, 0x00, 0x00,
  0x00, 0x00, 0x00, 0x00, 0x00, 0xdf, 0x00, 0x00, 0x00, 0x00, 0x00, 0x00,
  0x00, 0x00, 0x00, 0x00, 0x00, 0xcf, 0x00, 0x00, 0x00, 0x0b, 0x00, 0xcb,
  0x00, 0x00, 0x00, 0x00, 0x1c, 0xd4, 0x00, 0x00, 0x00, 0x00, 0x1d, 0x00,
  0x00, 0x00, 0x1c, 0x00, 0x00, 0xcc, 0x00, 0x00, 0x00, 0x00, 0x17, 0x00,
  0x00, 0x00, 0x00, 0x00, 0x24, 0x00, 0x00, 0x00, 0x00, 0x00, 0x1f, 0x00,
  0x00, 0x00, 0x00, 0x00, 0x00, 0xcf, 0x00, 0x00, 0x00, 0x00, 0x00, 0xca,
  0x00, 0x00, 0x00, 0xcf, 0x24, 0x00, 0x00, 0x00, 0x0f, 0xd9, 0x20, 0xdb,
  0x00, 0x00, 0x19, 0xd1, 0x2a, 0x00, 0x00, 0x00, 0x03, 0xce, 0x00, 0xe2,
  0x00, 0x00, 0x00, 0xdd, 0x21, 0xdc, 0x00, 0x00, 0x00, 0xd0, 0x00, 0xe3,
  0xfd, 0x00, 0x00, 0xd2, 0x00, 0x00, 0x00, 0x0d, 0x02, 0xda, 0x00, 0xdd,
  0x00, 0x0a, 0x00, 0xdf, 0x00, 0x00, 0x00, 0x00, 0x00, 0xe1, 0x1a, 0xdf,
  0x00, 0x0d, 0x00, 0x00, 0x17, 0xd7, 0x00, 0x00, 0x00, 0x00, 0x00, 0x00,
  0x00, 0x00, 0x00, 0xea, 0x00, 0x00, 0x00, 0x0d, 0xe0, 0x00, 0x00, 0x00,
  0x00, 0x00, 0xe7, 0x00, 0x00, 0xe0, 0x00, 0x00, 0xdc, 0x00, 0x00, 0xe2,
  0x00, 0x00, 0xdb, 0x0f, 0x00, 0x00, 0x00, 0x00, 0xda, 0x00, 0xe0, 0x00,
  0x00, 0x00, 0xdb, 0x00, 0xe6, 0x00, 0xf0, 0x00, 0x00, 0x00, 0x00, 0x00,
  0x00, 0x00, 0x00, 0xe3, 0x00, 0x13, 0x00, 0x00, 0x00, 0x00, 0x00, 0x00,
  0x00, 0x00, 0x00, 0x00, 0x00, 0x00, 0x00, 0x00, 0x00, 0x00, 0x00, 0x00,
  0x00, 0x00, 0x00, 0x00, 0x00, 0x00, 0x00, 0x00, 0x00, 0x00, 0x00, 0x00,
  0x00, 0x0e, 0x00, 0x00, 0x00, 0x00, 0x00, 0x00, 0x00, 0x00, 0x00, 0x00,
  0x00, 0x00, 0x00, 0x00, 0x00, 0x00, 0x00, 0x00, 0x00, 0x00, 0x00, 0x00,
  0x00, 0x00, 0x00, 0x00, 0x00, 0x00, 0x00, 0x00, 0x00, 0x00, 0x00, 0x00,
  0x00, 0x00, 0x00, 0x00, 0x00, 0x00, 0x19, 0x00, 0x00, 0x00, 0x00, 0x00,
  0xe8, 0x00, 0x00, 0x00, 0x00, 0x00, 0x00, 0x00, 0x00, 0x00, 0x00, 0x00,
  0xe7, 0x00, 0x00, 0x00, 0x00, 0x00, 0x00, 0x00, 0x00, 0x00, 0x00, 0x00,
  0xf4, 0x00, 0x00, 0x00, 0x00, 0x00, 0x00, 0x00, 0x00, 0x00, 0x00, 0x00,
  0x00, 0x00, 0x00, 0x00, 0x00, 0x00, 0x00, 0x00, 0x00, 0x00, 0x04, 0x00,
  0x00, 0x00, 0x00, 0x00, 0x00, 0x00, 0x00, 0x00, 0x00, 0x00, 0x00, 0x00,
  0x00, 0x00, 0x00, 0x00, 0x00, 0x00, 0x00, 0x00, 0xe6, 0x00, 0x00, 0x00,
  0x00, 0x00, 0xe0, 0x00, 0x00, 0x00, 0x00, 0x00, 0x00, 0x00, 0x00, 0x00,
  0x00, 0x00, 0x00, 0x00, 0x00, 0x00, 0x00, 0x00, 0x00, 0x00, 0x00, 0x00,
  0x00, 0x00, 0x00, 0x00, 0x00, 0x00, 0xea, 0x00, 0x00, 0x00, 0x00, 0x00,
  0x00, 0x00, 0x00, 0x00, 0x00, 0x00, 0x00, 0x0c, 0x00, 0x00, 0x00, 0x00,
  0x00, 0x00, 0x00, 0x00, 0x00, 0x00, 0x00, 0x00, 0x00, 0x00, 0x06, 0x00,
  0x00, 0x00, 0x00, 0xf6, 0x08, 0x00, 0x00, 0x00, 0x00, 0x00, 0x08, 0x00,
  0x00, 0x00, 0x00, 0x00, 0x00, 0x00, 0x00, 0x00, 0x17, 0x00, 0x00, 0x00,
  0x00, 0x00, 0x00, 0x00, 0x00, 0x00, 0x00, 0x00, 0x00, 0x00, 0x00, 0x00,
  0x00, 0x00, 0x00, 0x00, 0x00, 0x00, 0x00, 0x00, 0x00, 0x00, 0x00, 0x00,
  0x00, 0x00, 0x00, 0x00, 0x00, 0x00, 0x00, 0x00, 0x00, 0x00, 0x00, 0x00,
  0x00, 0x00, 0x00, 0x00, 0x00, 0x00, 0xf5, 0x00, 0x00, 0x00, 0x00, 0x00,
  0x1b, 0x00, 0x00, 0x00, 0x00, 0x00, 0x00, 0x00, 0x00, 0x00, 0x00, 0x00,
  0x00, 0x00, 0x00, 0x00, 0x00, 0x00, 0x00, 0x00, 0x00, 0x00, 0x00, 0x00,
  0x00, 0x00, 0x00, 0x00, 0x00, 0x00, 0x00, 0x00, 0x00, 0x00, 0x00, 0x00,
  0x00, 0x00, 0x00, 0x00, 0x00, 0x00, 0xf2, 0x09, 0x00, 0x00, 0x00, 0x00,
  0x00, 0x00, 0x00, 0x00, 0x00, 0x00, 0x00, 0x0c, 0x1e, 0x00, 0x00, 0x00,
  0x00, 0x00, 0x00, 0x00, 0x00, 0xf1, 0x00, 0x00, 0x00, 0x1c, 0x00, 0x00,
  0x00, 0x00, 0x00, 0x00, 0x00, 0x00, 0x00, 0x00, 0x00, 0xfd, 0x00, 0x00,
  0x00, 0x00, 0x00, 0x00, 0x01, 0x00, 0xea, 0x00, 0xe5, 0x00, 0x00, 0x00,
  0x00, 0x00, 0x00, 0xf9, 0x00, 0x00, 0x00, 0x00, 0x00, 0x00, 0x00, 0x00,
  0x00, 0x00, 0x00, 0x00, 0x00, 0x00, 0x00, 0x00, 0x16, 0x00, 0x00, 0x00,
  0x00, 0x00, 0x00, 0x00, 0x00, 0x00, 0x00, 0x00, 0x00, 0x00, 0x00, 0x00,
  0x00, 0x00, 0x00, 0x00, 0x00, 0x00, 0x00, 0x00, 0x00, 0x00, 0x00, 0x00,
  0x00, 0x00, 0x00, 0x00, 0x00, 0x00, 0x00, 0x00, 0x00, 0x00, 0x00, 0x00,
  0x00, 0x00, 0x00, 0x00, 0x00, 0x00, 0x00, 0x00, 0x00, 0x00, 0x00, 0x00,
  0x00, 0x00, 0x00, 0x00, 0x00, 0x00, 0x00, 0x00, 0x00, 0x00, 0x00, 0x00,
  0xee, 0x00, 0x00, 0xfd, 0x00, 0x00, 0x00, 0x00, 0x00, 0x00, 0x00, 0x00,
  0x00, 0x00, 0x00, 0x00, 0x00, 0x00, 0x00, 0x00, 0xf1, 0x00, 0x00, 0x00,
  0x00, 0x00, 0x00, 0x00, 0x00, 0x00, 0x00, 0x00, 0x00, 0x00, 0x00, 0x00,
  0x00, 0x00, 0x00, 0xfe, 0x00, 0x00, 0x00, 0x00, 0x00, 0xfd, 0x00, 0x00,
  0x00, 0x00, 0x23, 0x00, 0x00, 0x00, 0x12, 0x00, 0x00, 0x00, 0x00, 0x00,
  0x00, 0x00, 0x00, 0x00, 0x00, 0x00, 0x00, 0x00, 0x00, 0xff, 0x00, 0x00,
  0xea, 0x00, 0x00, 0x00, 0x00, 0x00, 0x00, 0x0b, 0x00, 0x00, 0x00, 0x00,
  0x00, 0x00, 0x00, 0x00, 0x00, 0x00, 0x00, 0x00, 0x00, 0x00, 0x00, 0x00,
  0x00, 0x00, 0xe4, 0x00, 0x00, 0x00, 0x00, 0x00, 0x00, 0x00, 0x00, 0x00,
  0x00, 0x00, 0x00, 0x00, 0x00, 0x00, 0x00, 0x00, 0x00, 0x00, 0x00, 0x00,
  0x00, 0x00, 0x15, 0x00, 0x00, 0x00, 0x00, 0x00, 0x1a, 0x00, 0x00, 0x00,
  0x00, 0x00, 0x00, 0x00, 0x00, 0x00, 0x00, 0x00, 0x00, 0x00, 0x00, 0x00,
  0x0e, 0x00, 0x00, 0xb9, 0x00, 0x00, 0x00, 0x00, 0x00, 0xcc, 0x00, 0x00,
  0x00, 0x04, 0x00, 0x00, 0x00, 0x00, 0x14, 0x00, 0x00, 0x00, 0x00, 0x00,
  0x00, 0x00, 0x00, 0x00, 0x00, 0x0d, 0x00, 0x00, 0x00, 0x09, 0xc9, 0x00,
  0x00, 0x00, 0x00, 0x00, 0x00, 0x1a, 0x00, 0x00, 0x00, 0x18, 0x00, 0x12,
  0x00, 0xf0, 0x00, 0x00, 0x00, 0x00, 0x00, 0xf5, 0x00, 0x22, 0x00, 0x11,
  0x00, 0x00, 0x00, 0x21, 0x00, 0x00, 0x00, 0xf1, 0x00, 0x1f, 0x00, 0x00,
  0x00, 0x00, 0x00, 0x3d, 0xcb, 0x00, 0x0d, 0x00, 0x00, 0x39, 0x00, 0x00,
  0x00, 0x00, 0x00, 0x33, 0x00, 0x00, 0x00, 0x09, 0x00, 0x2c, 0x00, 0x00,
  0x00, 0x00, 0x00, 0x3b, 0x00, 0x00, 0xfd, 0x06, 0x00, 0x2d, 0x00, 0x00,
  0x00, 0x13, 0x00, 0x00, 0x00, 0x0c, 0x00, 0x00, 0x00, 0x00, 0x00, 0x00,
  0x00, 0x00, 0x00, 0x0f, 0x00, 0x00, 0x00, 0x00, 0x00, 0x09, 0x00, 0x00,
  0x00, 0x00, 0x0c, 0x00, 0x00, 0xe6, 0x00, 0x00, 0x0e, 0x00, 0x00, 0x00,
  0x00, 0xe7, 0x00, 0x00, 0x00, 0x00, 0x00, 0x00, 0x00, 0x00, 0x00, 0x00,
  0x00, 0x00, 0x19, 0x00, 0x00, 0x00, 0x00, 0x00, 0x00, 0x00, 0x00, 0x00,
  0x00, 0x00, 0xf8, 0x00, 0xf9, 0x00, 0x00, 0x00, 0x00, 0x00, 0xf2, 0x00,
  0x00, 0x00, 0x00, 0x00, 0xf9, 0x00, 0x00, 0x00, 0x00, 0x16, 0x00, 0x10,
  0x00, 0xef, 0x00, 0x00, 0xf5, 0x00, 0x00, 0xeb, 0x00, 0x00, 0xf2, 0x00,
  0x00, 0xed, 0x00, 0x16, 0x00, 0x00, 0x00, 0xef, 0x00, 0x00, 0x00, 0x00,
  0x00, 0xe3, 0xfc, 0x00, 0x00, 0x00, 0x00, 0xe9, 0xf8, 0x00, 0x00, 0x00,
  0x0f, 0x00, 0x00, 0x00, 0x00, 0x00, 0x0f, 0xe0, 0x00, 0x4b, 0x00, 0x00,
  0x00, 0x00, 0x00, 0x4b, 0x00, 0x00, 0x00, 0x00, 0x00, 0x54, 0x00, 0x00,
  0x00, 0x00, 0x00, 0x00, 0x00, 0x00, 0x00, 0x00, 0x00, 0x5c, 0x00, 0x00,
  0x00, 0x00, 0x00, 0x55, 0x00, 0x00, 0xf0, 0x00, 0x00, 0x5f, 0x00, 0x00,
  0x00, 0x00, 0x00, 0x55, 0xd1, 0xde, 0x00, 0x00, 0x00, 0x64, 0xd5, 0xda,
  0x08, 0x00, 0x15, 0x6a, 0xd3, 0x00, 0x00, 0x00, 0x00, 0x74, 0xd6, 0x00,
  0x00, 0x05, 0x00, 0x57, 0x00, 0x00, 0x00, 0x00, 0x00, 0x54, 0x00, 0x00,
  0x00, 0x00, 0x00, 0x00, 0xd1, 0x00, 0x00, 0x00, 0x00, 0x00, 0x00, 0x00,
  0x0a, 0x00, 0x00, 0x00, 0x00, 0x05, 0x00, 0x00, 0xfb, 0x00, 0x00, 0x00,
  0x00, 0x00, 0x00, 0x00, 0x00, 0x00, 0x00, 0x00, 0xee, 0x00, 0x00, 0x00,
  0x00, 0x00, 0x00, 0x00, 0x00, 0x00, 0x0d, 0x00, 0x00, 0x4c, 0x00, 0x00,
  0x00, 0xe8, 0x00, 0x00, 0x00, 0x00, 0x00, 0x00, 0x00, 0x00, 0xf8, 0x00,
  0x00, 0x00, 0x00, 0x49, 0x00, 0x02, 0x00, 0xe1, 0x00, 0x00, 0x00, 0x00,
  0x01, 0xe0, 0x00, 0x00, 0x00, 0x01, 0x00, 0x00, 0x00, 0x00, 0x00, 0x0a,
  0x00, 0x00, 0x00, 0x1f, 0x00, 0x00, 0x00, 0x00, 0x00, 0x1a, 0x00, 0x00,
  0x00, 0x00, 0x00, 0x00, 0x00, 0x00, 0x00, 0x00, 0x00, 0x23, 0x00, 0x00,
  0x00, 0xed, 0x00, 0x00, 0x00, 0x02, 0x00, 0xed, 0x00, 0x00, 0x00, 0x00,
  0x00, 0xeb, 0x00, 0x00, 0x00, 0xfb, 0x00, 0x00, 0x00, 0x00, 0x00, 0x00,
  0x06, 0x00, 0x08, 0x00, 0x00, 0x00, 0x00, 0x00, 0x07, 0x00, 0x00, 0x00,
  0x00, 0x00, 0x00, 0x00, 0x00, 0x02, 0x00, 0x00, 0x00, 0x00, 0x00, 0x00,
  0x00, 0x00, 0x02, 0x5a, 0xfc, 0x00, 0x00, 0x00, 0x00, 0x56, 0x00, 0x00,
  0x00, 0x00, 0x08, 0x00, 0x00, 0x00, 0x00, 0x00, 0x17, 0x63, 0x00, 0x00,
  0x00, 0x00, 0x00, 0x50, 0xd7, 0x00, 0x00, 0x00, 0x00, 0x70, 0x00, 0x00,
  0x05, 0x00, 0x00, 0x7f, 0x00, 0x00, 0x00, 0x00, 0x00, 0x69, 0x00, 0x00,
  0x00, 0x00, 0x00, 0x68, 0xd7, 0x00, 0x00, 0x00, 0x08, 0x52, 0x00, 0xf9,
  0x00, 0xf1, 0x00, 0x00, 0xd2, 0x00, 0x00, 0x00, 0x00, 0x00, 0xd8, 0xf5,
  0x00, 0x00, 0x00, 0x00, 0x00, 0xfc, 0x00, 0x00, 0x00, 0x00, 0x00, 0xf2,
  0x00, 0x00, 0x00, 0x00, 0x00, 0xf6, 0x00, 0x00, 0x00, 0x55, 0x00, 0xfa,
  0x00, 0x00, 0x0d, 0x00, 0x00, 0xef, 0x00, 0x00, 0x00, 0x00, 0x00, 0x00,
  0x00, 0x00, 0x00, 0x00, 0x05, 0x00, 0x00, 0x00, 0x0a, 0x00, 0xfd, 0x00,
  0x00, 0x00, 0x00, 0x00, 0x00, 0x00, 0x00, 0x00, 0x00, 0x00, 0x00, 0x00,
  0x27, 0x00, 0xe3, 0x00, 0x00, 0xca, 0x00, 0x00, 0xdc, 0x00, 0x00, 0x00,
  0x22, 0x00, 0xd5, 0x00, 0x00, 0x00, 0x00, 0x00, 0xd4, 0x00, 0x00, 0x00,
  0x00, 0x00, 0xd6, 0x00, 0xf0, 0xfe, 0x00, 0x00, 0xdd, 0x00, 0x00, 0x00,
  0x00, 0x00, 0xd5, 0x00, 0x00, 0x0e, 0x00, 0x00, 0xda, 0x00, 0x00, 0x05,
  0x22, 0x00, 0xe0, 0x00, 0x00, 0x06, 0x00, 0x00, 0xe0, 0x14, 0x00, 0x0f,
  0x00, 0x00, 0xe1, 0x1d, 0x00, 0x08, 0x00, 0x00, 0x00, 0x24, 0x00, 0x18,
  0x00, 0x00, 0x00, 0x20, 0x00, 0x00, 0x00, 0x00, 0x00, 0x26, 0x00, 0x07,
  0x00, 0x00, 0xe0, 0x00, 0x00, 0x08, 0x00, 0x00, 0xdb, 0x00, 0x00, 0x00,
  0x00, 0x00, 0x00, 0x21, 0x00, 0x00, 0x00, 0xe7, 0x00, 0x00, 0x00, 0x00,
  0x00, 0x00, 0x00, 0x00, 0x00, 0x00, 0x00, 0x00, 0x00, 0x00, 0x00, 0x00,
  0x00, 0x00, 0x1d, 0x00, 0x00, 0x00, 0x00, 0x00, 0x15, 0x00, 0x00, 0xe2,
  0x00, 0x00, 0x00, 0x26, 0x16, 0x00, 0x00, 0x00, 0x00, 0x00, 0x00, 0x00,
  0x00, 0x00, 0x00, 0x00, 0x00, 0x00, 0x00, 0x00, 0x15, 0x00, 0x1d, 0xe4,
  0x00, 0x00, 0x00, 0x00, 0x00, 0x00, 0x00, 0x00, 0x0b, 0x00, 0x00, 0xd4,
  0x00, 0x00, 0x14, 0x00, 0x00, 0xd8, 0x00, 0x00, 0x00, 0x00, 0x1c, 0x00,
  0x00, 0x00, 0x00, 0x20, 0x00, 0xe4, 0x00, 0x00, 0x00, 0x21, 0x10, 0xdd,
  0x00, 0x00, 0x00, 0x00, 0x00, 0xce, 0x00, 0x00, 0x00, 0x1e, 0x00, 0xe2,
  0x00, 0x00, 0x00, 0x00, 0x00, 0xd2, 0x00, 0x00, 0x00, 0x00, 0x00, 0x00,
  0x00, 0x00, 0x00, 0x1a, 0x00, 0x00, 0x00, 0x00, 0xe4, 0x00, 0x00, 0xe4,
  0x1d, 0x00, 0xea, 0x00, 0x00, 0x00, 0x00, 0xed, 0xf5, 0x00, 0x00, 0x00,
  0x00, 0xed, 0x00, 0x00, 0x00, 0x00, 0x00, 0xf0, 0xec, 0x00, 0x00, 0x00,
  0x00, 0xee, 0xdd, 0x1c, 0x00, 0x00, 0x23, 0xf0, 0xdb, 0x1f, 0x00, 0x00,
  0x00, 0x00, 0xdb, 0x2b, 0x00, 0x00, 0x00, 0x00, 0xd0, 0x27, 0x00, 0x00,
  0x00, 0xea, 0xdd, 0x2d, 0x16, 0x00, 0x00, 0x00, 0x00, 0x00, 0x00, 0x00,
  0x00, 0x00, 0x00, 0x00, 0x00, 0xe0, 0x06, 0x00, 0xd4, 0x00, 0x19, 0xe8,
  0x00, 0x07, 0xdd, 0x00, 0x00, 0x00, 0x00, 0x00, 0xdc, 0x00, 0x00, 0xe7,
  0x00, 0x00, 0x00, 0x1d, 0x00, 0x00, 0x00, 0x00, 0x00, 0x00, 0x00, 0x00,
  0x00, 0x00, 0x00, 0x00, 0x00, 0x00, 0x00, 0x00, 0x00, 0x00, 0x00, 0x00,
  0x00, 0x00, 0x00, 0xf0, 0x00, 0x00, 0x07, 0x00, 0x00, 0x00, 0x19, 0x0b,
  0x00, 0x00, 0x00, 0x00, 0x00, 0x00, 0x00, 0x00, 0x00, 0x00, 0x00, 0x00,
  0x00, 0x00, 0x00, 0x27, 0x00, 0x00, 0x00, 0x08, 0x00, 0x21, 0x00, 0x00,
  0x00, 0x00, 0x00, 0x00, 0x00, 0x00, 0x00, 0x00, 0x00, 0x00, 0x00, 0x00,
  0x00, 0x00, 0x00, 0x2f, 0x00, 0xe2, 0x00, 0xea, 0x00, 0x39, 0x00, 0x00,
  0x00, 0x00, 0x00, 0x36, 0x00, 0xdf, 0x00, 0xe6, 0x00, 0x00, 0x00, 0xdd,
  0x00, 0x00, 0xf2, 0x2a, 0x00, 0x00, 0x00, 0x00, 0xea, 0x35, 0x00, 0xe0,
  0x00, 0x00, 0x00, 0x3e, 0xec, 0xd4, 0x00, 0x00, 0x00, 0x00, 0xf2, 0xde,
  0x00, 0x00, 0x00, 0x31, 0xf5, 0x00, 0x00, 0x00, 0x00, 0x28, 0x00, 0x00,
  0x2b, 0x00, 0x00, 0x00, 0x00, 0x00, 0x00, 0x00, 0x00, 0x00, 0x00, 0xda,
  0x00, 0x00, 0x00, 0x00, 0x00, 0xe1, 0x00, 0x00, 0x00, 0x00, 0x1d, 0xe3,
  0x00, 0x00, 0x00, 0x00, 0x19, 0x00, 0x1b, 0x00, 0x00, 0x37, 0x24, 0xe4,
  0x00, 0x00, 0x00, 0x00, 0x00, 0x00, 0x00, 0x0d, 0x00, 0x3c, 0x26, 0xdd,
  0x00, 0x00, 0x00, 0x3e, 0x00, 0xe3, 0x00, 0x00, 0xf9, 0x00, 0x00, 0x00,
  0x00, 0x00, 0x00, 0x3c, 0x00, 0x00, 0x00, 0x00, 0x00, 0x00, 0x00, 0x00,
  0x1e, 0x00, 0xd0, 0x28, 0x00, 0x00, 0x00, 0x00, 0xcd, 0x00, 0x00, 0x00,
  0x00, 0x00, 0x00, 0x00, 0x00, 0x0c, 0x00, 0x00, 0xdc, 0x00, 0x00, 0x07,
  0x00, 0x00, 0x00, 0x00, 0x00, 0x09, 0x00, 0x00, 0x00, 0x04, 0x00, 0x00,
  0x00, 0x00, 0x00, 0x00, 0x00, 0x11, 0x00, 0x00, 0xdb, 0x01, 0x23, 0x01,
  0x00, 0xe9, 0x00, 0x00, 0x25, 0x04, 0x00, 0xec, 0xe7, 0x00, 0x21, 0x00,
  0x00, 0x00, 0x00, 0x00, 0x00, 0x00, 0x00, 0x00, 0x00, 0x00, 0x00, 0x00,
  0x00, 0x00, 0x00, 0x00, 0x28, 0x00, 0x00, 0x00, 0x00, 0x2f, 0x00, 0xcd,
  0x00, 0x00, 0x00, 0x00, 0x00, 0x00, 0x00, 0x00, 0x00, 0x00, 0x00, 0x27,
  0x00, 0x00, 0x00, 0x00, 0x00, 0x00, 0x00, 0x00, 0x00, 0x00, 0x00, 0x00,
  0x00, 0x00, 0x00, 0x00, 0x00, 0x00, 0x00, 0x00, 0x00, 0x00, 0x00, 0x00,
  0x00, 0x00, 0x02, 0x00, 0x00, 0x00, 0x00, 0x00, 0x00, 0x00, 0x00, 0x00,
  0x00, 0x00, 0x00, 0x00, 0x00, 0x00, 0x00, 0x00, 0x00, 0x00, 0x00, 0x00,
  0xe0, 0x00, 0x00, 0x00, 0x00, 0x00, 0x00, 0x00, 0x00, 0x00, 0x00, 0x00,
  0x00, 0x00, 0x00, 0x00, 0x00, 0x00, 0x13, 0x00, 0x00, 0x00, 0x00, 0x00,
  0x00, 0x00, 0x00, 0x00, 0x00, 0x00, 0x00, 0x00, 0xed, 0x00, 0x00, 0x00,
  0x00, 0x00, 0x00, 0x00, 0x00, 0x00, 0x00, 0x00, 0xd8, 0x00, 0x00, 0x00,
  0x00, 0x00, 0x00, 0x00, 0x00, 0x00, 0x00, 0x00, 0x00, 0x00, 0x00, 0x00,
  0x00, 0x00, 0x00, 0x00, 0x00, 0x00, 0x00, 0x00, 0x00, 0x00, 0x00, 0x00,
  0x00, 0x00, 0x00, 0x00, 0x00, 0x00, 0x00, 0x00, 0x16, 0x00, 0x00, 0x00,
  0xee, 0x12, 0x00, 0x00, 0x00, 0x00, 0x00, 0x00, 0x00, 0x00, 0x00, 0x00,
  0x00, 0x00, 0x00, 0x00, 0x00, 0x00, 0x00, 0x00, 0x00, 0x00, 0x00, 0x00,
  0x00, 0x00, 0x00, 0x00, 0x00, 0x00, 0xdb, 0x00, 0x00, 0x00, 0x00, 0x00,
  0x00, 0x00, 0xe4, 0x00, 0x00, 0x00, 0x00, 0x05, 0x00, 0x00, 0x00, 0x00,
  0x00, 0x00, 0x00, 0x00, 0x00, 0x00, 0x00, 0x00, 0x00, 0x00, 0x00, 0x00,
  0x00, 0x00, 0x00, 0x00, 0x00, 0x00, 0x00, 0x00, 0x00, 0x00, 0x00, 0x00,
  0x00, 0x00, 0x00, 0x00, 0x00, 0x00, 0xf1, 0x00, 0x00, 0x00, 0x00, 0x25,
  0x00, 0x00, 0x00, 0x00, 0x00, 0x00, 0x00, 0x00, 0x0f, 0x00, 0x00, 0x00,
  0x00, 0x00, 0x00, 0x00, 0x00, 0x00, 0x00, 0x00, 0x00, 0x00, 0x00, 0x00,
  0x00, 0x00, 0x00, 0x00, 0x00, 0x24, 0x00, 0x00, 0x00, 0x00, 0x00, 0x00,
  0xeb, 0x00, 0x00, 0x00, 0x00, 0x00, 0xdb, 0x00, 0x00, 0x00, 0x00, 0x27,
  0x00, 0x00, 0x00, 0x00, 0x00, 0x00, 0x00, 0x0f, 0x00, 0x00, 0x00, 0x00,
  0x00, 0x00, 0x00, 0x00, 0x00, 0x00, 0xde, 0x00, 0x00, 0x00, 0x00, 0x00,
  0x00, 0x00, 0xdd, 0x00, 0x00, 0x00, 0x00, 0x00, 0x00, 0x00, 0x00, 0x00,
  0x00, 0x00, 0x00, 0x00, 0x00, 0x28, 0x00, 0x00, 0x00, 0x00, 0x00, 0x00,
  0x00, 0x00, 0x00, 0x00, 0x00, 0x00, 0x00, 0x00, 0x00, 0x00, 0x00, 0x00,
  0x00, 0x00, 0x0b, 0x00, 0x00, 0x00, 0xe7, 0x00, 0x00, 0x00, 0x00, 0x00,
  0x00, 0x00, 0x00, 0x00, 0x00, 0x00, 0x00, 0x00, 0xdd, 0x00, 0x00, 0x00,
  0xed, 0x00, 0xe8, 0x00, 0x00, 0x00, 0x00, 0x00, 0x13, 0x00, 0x00, 0x00,
  0x00, 0x00, 0x17, 0x00, 0x00, 0x00, 0x00, 0x00, 0x00, 0x00, 0x00, 0x00,
  0x00, 0x00, 0x00, 0x00, 0x00, 0x00, 0x00, 0x00, 0x00, 0x00, 0x00, 0x00,
  0x00, 0x0b, 0x00, 0x00, 0x00, 0x00, 0x00, 0x10, 0x00, 0x00, 0x00, 0x00,
  0x00, 0x0b, 0x00, 0x00, 0x00, 0x00, 0x00, 0x00, 0x00, 0x00, 0x00, 0x00,
  0xf1, 0x00, 0x00, 0x00, 0x00, 0x00, 0x00, 0x00, 0x11, 0x00, 0x00, 0x00,
  0x00, 0x00, 0x00, 0x00, 0x00, 0x00, 0x00, 0x00, 0xeb, 0x00, 0x00, 0x00,
  0x00, 0x00, 0x00, 0x00, 0x00, 0x00, 0x00, 0x00, 0x00, 0x00, 0x00, 0x00,
  0x00, 0x00, 0x0e, 0x00, 0x00, 0x00, 0x00, 0x00, 0x2c, 0x00, 0x00, 0x00,
  0x00, 0x00, 0x00, 0x00, 0x00, 0x00, 0xec, 0x00, 0x1c, 0x00, 0x00, 0x00,
  0xe5, 0x00, 0x00, 0x00, 0x00, 0x00, 0xf2, 0x00, 0x00, 0x00, 0x00, 0x00,
  0x00, 0x00, 0x00, 0x00, 0x00, 0x00, 0x00, 0x00, 0xe6, 0x00, 0x00, 0xfd,
  0x00, 0x00, 0x00, 0x00, 0x00, 0x00, 0x00, 0x00, 0x1b, 0x00, 0x00, 0x00,
  0x00, 0x00, 0x00, 0x00, 0x00, 0x00, 0xeb, 0x00, 0x00, 0x00, 0x00, 0x00,
  0x00, 0x00, 0x00, 0x00, 0x00, 0x00, 0x00, 0x00, 0xea, 0x00, 0x00, 0x00,
  0x00, 0x00, 0x00, 0x00, 0x00, 0x00, 0x00, 0x00, 0x00, 0x00, 0x00, 0x00,
  0x00, 0x00, 0x00, 0x00, 0x00, 0x22, 0xe5, 0x00, 0x00, 0x00, 0x00, 0x00,
  0x00, 0x00, 0x00, 0x00, 0x00, 0x00, 0x00, 0x00, 0x00, 0x00, 0x00, 0x00,
  0x00, 0x00, 0x19, 0x00, 0x00, 0x00, 0x00, 0x00, 0x00, 0x00, 0x00, 0x00,
  0x00, 0x00, 0x00, 0x00, 0x00, 0x00, 0x00, 0x00, 0x00, 0x00, 0x00, 0x00,
  0x00, 0xed, 0x00, 0x00, 0x00, 0x00, 0x00, 0xef, 0x00, 0x00, 0x00, 0x0d,
  0xe3, 0x00, 0xda, 0x00, 0x00, 0x00, 0x00, 0x00, 0xd3, 0x00, 0x00, 0x00,
  0x00, 0x00, 0x00, 0x00, 0x06, 0x00, 0x00, 0x00, 0xd9, 0x00, 0x00, 0x00,
  0x00, 0x00, 0x00, 0x00, 0x00, 0x00, 0xe9, 0x00, 0x00, 0x00, 0x00, 0x00,
  0x00, 0x00, 0x00, 0x00, 0x00, 0x00, 0x00, 0xeb, 0x00, 0x00, 0x00, 0x00,
  0xe3, 0x00, 0x00, 0x00, 0x00, 0x00, 0x00, 0x00, 0xdf, 0xe1, 0x00, 0x00,
  0x00, 0x00, 0xdf, 0x00, 0x00, 0x00, 0x00, 0x00, 0x00, 0x00, 0x00, 0x00,
  0x00, 0x00, 0xd1, 0x09, 0x00, 0x00, 0x00, 0x00, 0xdd, 0x00, 0x00, 0x00,
  0x00, 0x00, 0xef, 0x12, 0x00, 0x00, 0xe9, 0x00, 0x00, 0x18, 0xff, 0x00,
  0x00, 0x00, 0x00, 0x0d, 0x00, 0x00, 0x00, 0x00, 0xea, 0x12, 0x00, 0x00,
  0x00, 0xed, 0x00, 0x20, 0x00, 0x00, 0x00, 0x00, 0x00, 0x13, 0x00, 0x00,
  0x00, 0x00, 0x00, 0x00, 0x00, 0xeb, 0x00, 0x00, 0xdf, 0x00, 0x00, 0x00,
  0x00, 0x00, 0xf4, 0x00, 0x00, 0xe7, 0x00, 0x00, 0xef, 0x00, 0x00, 0x00,
  0x00, 0x00, 0x00, 0x00, 0x00, 0x00, 0x00, 0x00, 0x00, 0x00, 0x00, 0x00,
  0x00, 0x00, 0x00, 0x00, 0x00, 0x00, 0xdf, 0x00, 0x00, 0x00, 0x00, 0x00,
  0x00, 0x00, 0x00, 0x1c, 0x00, 0x00, 0x00, 0x00, 0x00, 0x00, 0x00, 0x00,
  0x00, 0x00, 0x00, 0x00, 0x00, 0x00, 0x00, 0x00, 0x00, 0x00, 0x00, 0x00,
  0x00, 0x00, 0xe5, 0x16, 0x00, 0x00, 0x00, 0x00, 0x00, 0x00, 0x00, 0x00,
  0x00, 0x00, 0x00, 0x19, 0x00, 0x00, 0x00, 0x00, 0x00, 0x00, 0x00, 0x08,
  0x00, 0x00, 0x00, 0xe3, 0x00, 0x00, 0x00, 0x00, 0x00, 0x00, 0x00, 0x0d,
  0x00, 0x00, 0x00, 0x00, 0x00, 0x00, 0x00, 0x00, 0x00, 0x00, 0x00, 0x10,
  0x00, 0x00, 0xe8, 0x00, 0x00, 0x00, 0xec, 0x00, 0xeb, 0x00, 0x00, 0x00,
  0x00, 0x00, 0x00, 0xe4, 0x00, 0x00, 0x00, 0x00, 0x00, 0x00, 0x00, 0x00,
  0xd2, 0x00, 0xea, 0xde, 0x00, 0x0a, 0x00, 0x00, 0xe5, 0x00, 0x00, 0x00,
  0x00, 0xfb, 0x00, 0x18, 0x00, 0x00, 0x00, 0x00, 0x00, 0x18, 0x00, 0x00,
  0x00, 0x00, 0xdd, 0x00, 0x00, 0x00, 0x00, 0x00, 0xd6, 0x00, 0x00, 0x00,
  0x00, 0x00, 0xdc, 0x1d, 0x00, 0x00, 0xeb, 0x00, 0x00, 0x20, 0x00, 0x00,
  0x00, 0x00, 0x00, 0x00, 0x00, 0x00, 0x00, 0x00, 0xcf, 0x2a, 0x00, 0x00,
  0x00, 0x00, 0x00, 0x35, 0x00, 0x00, 0x00, 0x00, 0x00, 0x2b, 0x00, 0x00,
  0xe3, 0x00, 0x00, 0x00, 0x00, 0x00, 0x00, 0x00, 0x00, 0x00, 0x00, 0x00,
  0x00, 0x00, 0x00, 0x00, 0x00, 0x00, 0xd9, 0x00, 0xfc, 0x1c, 0x00, 0x00,
  0x00, 0x0f, 0x00, 0x00, 0x00, 0x00, 0xdd, 0x00, 0x00, 0x00, 0x00, 0x00,
  0x00, 0x00, 0xeb, 0x00, 0x00, 0x08, 0x00, 0x00, 0x00, 0x00, 0x00, 0x00,
  0x00, 0x00, 0x00, 0x1f, 0x00, 0x00, 0x00, 0x00, 0x00, 0x00, 0x00, 0x00,
  0x00, 0x00, 0x00, 0x00, 0x00, 0x00, 0x00, 0x00, 0x00, 0x00, 0x00, 0x00,
  0x00, 0x00, 0xef, 0x00, 0x00, 0x00, 0x00, 0x00, 0x00, 0x00, 0x00, 0x00,
  0x00, 0x00, 0xe8, 0x25, 0x00, 0x00, 0x00, 0x00, 0xee, 0x1c, 0x00, 0x00,
  0x00, 0x00, 0xf4, 0x1b, 0x00, 0x00, 0x00, 0xf1, 0x00, 0x00, 0x00, 0x00,
  0x00, 0xea, 0x00, 0x00, 0xd9, 0x00, 0x00, 0x00, 0x00, 0x00, 0x00, 0x00,
  0x00, 0x00, 0x00, 0xee, 0x00, 0x09, 0xdf, 0x00, 0x00, 0xeb, 0x00, 0x08,
  0x00, 0x00, 0x00, 0xe1, 0x00, 0xfd, 0xe1, 0x00, 0x00, 0x00, 0x00, 0xff,
  0x00, 0x00, 0x00, 0xe5, 0x00, 0x01, 0x00, 0x00, 0xde, 0xe6, 0x00, 0x00,
  0xe4, 0x00, 0x00, 0x00, 0x02, 0x00, 0x00, 0x00, 0x00, 0x00, 0x00, 0x00,
  0x00, 0x00, 0xd5, 0x00, 0x00, 0x00, 0x00, 0x00, 0x00, 0x18, 0x00, 0xdf,
  0x00, 0x00, 0x00, 0x00, 0x00, 0x00, 0xee, 0x00, 0x00, 0x18, 0x00, 0x00,
  0x00, 0x00, 0x00, 0x25, 0x00, 0xdf, 0x00, 0xe3, 0xd5, 0x21, 0x00, 0xde,
  0x00, 0x00, 0x00, 0x34, 0x00, 0x00, 0x00, 0x00, 0x00, 0x2a, 0x00, 0x00,
  0x00, 0x00, 0xd9, 0x1f, 0x00, 0x00, 0x00, 0x00, 0x00, 0x1c, 0x00, 0x00,
  0x00, 0xef, 0x00, 0x00, 0x00, 0x00, 0xe4, 0x00, 0x06, 0x00, 0x00, 0x00,
  0x00, 0x00, 0x00, 0x00, 0x00, 0x00, 0x00, 0xeb, 0x00, 0x00, 0x00, 0x00,
  0x00, 0x00, 0x00, 0x00, 0x00, 0x00, 0x00, 0x00, 0x00, 0x00, 0x00, 0x00,
  0x00, 0xe8, 0x00, 0x47, 0x00, 0x00, 0x00, 0xe7, 0x00, 0x40, 0x00, 0xf6,
  0x00, 0xe6, 0x00, 0x4a, 0x00, 0x00, 0x00, 0xe3, 0x00, 0x00, 0x00, 0x00,
  0x00, 0xe9, 0x00, 0x00, 0x00, 0x00, 0x00, 0x00, 0x00, 0x00, 0x00, 0x1b,
  0x00, 0x00, 0x00, 0x0d, 0x00, 0x00, 0x00, 0x00, 0x00, 0x00, 0x14, 0x00,
  0x00, 0x00, 0x00, 0x00, 0x00, 0x00, 0x00, 0x00, 0x00, 0x00, 0x00, 0x20,
  0xfa, 0x00, 0x1d, 0x00, 0x00, 0x00, 0x00, 0x00, 0x00, 0x08, 0x00, 0x00,
  0x00, 0x00, 0x00, 0x00, 0x00, 0x00, 0x00, 0x00, 0x00, 0x2d, 0x00, 0x00,
  0x00, 0x00, 0x00, 0x32, 0x00, 0x00, 0x00, 0x00, 0x00, 0x4d, 0x00, 0x00,
  0x00, 0x00, 0x00, 0x41, 0xee, 0xfa, 0x00, 0x00, 0x00, 0x3a, 0x00, 0x00,
  0x00, 0x00, 0x00, 0x31, 0x00, 0x00, 0x00, 0x00, 0x00, 0x00, 0xec, 0x00,
  0x00, 0x00, 0x00, 0x00, 0x00, 0x00, 0x00, 0x00, 0x00, 0x00, 0xec, 0x00,
  0x00, 0x00, 0xe5, 0x00, 0x00, 0x00, 0x00, 0x00, 0xe7, 0x00, 0x00, 0x20,
  0x00, 0x00, 0xe3, 0x2d, 0x00, 0x00, 0x00, 0x00, 0xd9, 0x00, 0x00, 0x00,
  0xfd, 0x00, 0x00, 0x00, 0x00, 0x00, 0x00, 0x00, 0x00, 0x00, 0x00, 0x23,
  0x00, 0x00, 0x00, 0x00, 0x00, 0x00, 0x00, 0x00, 0x00, 0x00, 0x00, 0x00,
  0x00, 0x00, 0x00, 0x00, 0x00, 0x21, 0x00, 0x00, 0xe5, 0x00, 0x00, 0x1e,
  0x00, 0x00, 0xec, 0x00, 0x00, 0x00, 0x00, 0x00, 0xf3, 0xf5, 0x00, 0x00,
  0x00, 0x00, 0xf7, 0x03, 0x00, 0xf6, 0x00, 0x00, 0x00, 0x00, 0x00, 0x00,
  0x00, 0x00, 0x00, 0x2d, 0x00, 0x00, 0x00, 0x00, 0x00, 0x24, 0x00, 0xf2,
  0x00, 0xe2, 0x00, 0x36, 0x00, 0xeb, 0x00, 0xea, 0x11, 0x00, 0x00, 0x00,
  0x00, 0xea, 0x00, 0x00, 0x00, 0x00, 0x00, 0x00, 0x00, 0xf7, 0x00, 0x00,
  0x00, 0x0c, 0x00, 0xf5, 0x00, 0x1a, 0x00, 0x0d, 0x00, 0x00, 0x00, 0x22,
  0x00, 0x00, 0x00, 0x00, 0x00, 0x22, 0x00, 0x0b, 0x00, 0x00, 0x14, 0x23,
  0x00, 0x00, 0x00, 0x00, 0x00, 0x00, 0x00, 0x00, 0x00, 0x00, 0x00, 0x00,
  0xeb, 0x00, 0x00, 0x00, 0x17, 0x00, 0x00, 0x00, 0x00, 0x00, 0x00, 0x00,
  0x00, 0x00, 0xef, 0x36, 0x00, 0x00, 0x00, 0x00, 0xeb, 0x3a, 0x00, 0x00,
  0x00, 0x00, 0xe7, 0x1e, 0x00, 0x00, 0x00, 0x00, 0xdc, 0x1f, 0xef, 0x1b,
  0x00, 0x00, 0xdd, 0x00, 0xf0, 0x25, 0x10, 0x00, 0x00, 0x00, 0x00, 0x00,
  0x00, 0x00, 0x00, 0x00, 0x00, 0x00, 0x00, 0x00, 0x00, 0x00, 0x00, 0x00,
  0x00, 0x00, 0x00, 0x00, 0x00, 0x00, 0x00, 0x00, 0x00, 0x2a, 0x00, 0x00,
  0x00, 0xf0, 0x00, 0x00, 0x00, 0x00, 0xf9, 0xea, 0x00, 0x00, 0x10, 0x00,
  0x00, 0x00, 0x00, 0x00, 0x00, 0x00, 0x00, 0x00, 0x00, 0x25, 0x00, 0x00,
  0x00, 0x00, 0x00, 0x38, 0x00, 0x21, 0x00, 0x00, 0x00, 0x00, 0x00, 0x1d,
  0x00, 0x00, 0xdf, 0x00, 0x00, 0x00, 0x00, 0x00, 0x00, 0xf9, 0x00, 0x00,
  0x00, 0x00, 0x00, 0x00, 0x13, 0x00, 0x00, 0x00, 0x00, 0xf6, 0x12, 0x1e,
  0x00, 0x13, 0x00, 0x00, 0x15, 0x00, 0x00, 0x0d, 0x00, 0xf8, 0x00, 0x00,
  0x00, 0x00, 0x00, 0x00, 0x00, 0x00, 0x00, 0x00, 0x00, 0x00, 0x00, 0x00,
  0x00, 0x00, 0x00, 0x00, 0x00, 0x00, 0x00, 0x00, 0x00, 0x00, 0x1a, 0x00,
  0x00, 0x00, 0x00, 0x00, 0x00, 0x00, 0x00, 0x00, 0x00, 0x00, 0x00, 0x00,
  0x00, 0x00, 0x00, 0x18, 0x00, 0x00, 0x00, 0x00, 0x00, 0x1c, 0x00, 0x00,
  0x00, 0x00, 0x00, 0x00, 0x00, 0x00, 0x00, 0x00, 0x00, 0x00, 0x00, 0x00,
  0x00, 0x00, 0x00, 0x00, 0x00, 0x00, 0x00, 0x00, 0x00, 0x00, 0x00, 0x00,
  0x00, 0x00, 0xec, 0x17, 0x00, 0xf7, 0x00, 0x00, 0xf2, 0x1e, 0x00, 0x00,
  0x00, 0x00, 0xe9, 0x28, 0x00, 0x00, 0x00, 0xe3, 0xe3, 0x19, 0x00, 0x00,
  0x00, 0xea, 0xdc, 0x17, 0xee, 0x00, 0x00, 0x00, 0xdd, 0xed, 0x00, 0x00,
  0x00, 0x00, 0xe0, 0x00, 0x00, 0x00, 0x00, 0x00, 0xe2, 0xec, 0x00, 0x00,
  0x00, 0x00, 0x00, 0x00, 0x00, 0x00, 0x00, 0x00, 0x00, 0x00, 0x00, 0x00,
  0x00, 0x00, 0x00, 0x00, 0x00, 0x00, 0x00, 0x00, 0x00, 0x00, 0x00, 0x00,
  0x00, 0x00, 0x00, 0x00, 0x00, 0x00, 0x00, 0x00, 0xf7, 0x00, 0x00, 0xfc,
  0x00, 0x00, 0x00, 0x00, 0x00, 0x00, 0x00, 0x00, 0x00, 0x00, 0x00, 0x00,
  0x00, 0x00, 0x00, 0x00, 0x00, 0x00, 0x00, 0x00, 0x00, 0x00, 0x43, 0x00,
  0x00, 0x00, 0x00, 0x1a, 0x00, 0x00, 0x00, 0x00, 0x00, 0x00, 0x41, 0x00,
  0x00, 0x00, 0x00, 0x00, 0x00, 0x00, 0x00, 0x45, 0x00, 0x00, 0x00, 0x00,
  0x00, 0x00, 0x00, 0x00, 0x00, 0x00, 0x00, 0x00, 0x00, 0x00, 0x00, 0x00,
  0x00, 0x00, 0x00, 0x00, 0x00, 0x00, 0x00, 0x00, 0x00, 0x00, 0x00, 0x00,
  0x00, 0x00, 0x00, 0x00, 0x00, 0x00, 0x00, 0x00, 0x00, 0x00, 0x00, 0x00,
  0x00, 0x00, 0x00, 0x00, 0x45, 0x00, 0x00, 0x00, 0x00, 0x00, 0x43, 0x00,
  0x00, 0x00, 0x43, 0x00, 0x41, 0x00, 0x00, 0x00, 0x00, 0x00, 0x00, 0x00,
  0x00, 0x00, 0x00, 0x00, 0x47, 0x00, 0x00, 0x00, 0x00, 0x00, 0x00, 0x00,
  0x00, 0x00, 0x00, 0x00, 0x00, 0x00, 0x00, 0x00, 0x00, 0x00, 0x00, 0x00,
  0x00, 0x00, 0x00, 0x00, 0x00, 0x00, 0x00, 0x00, 0x00, 0x00, 0x00, 0x00,
  0x00, 0x00, 0x00, 0x00, 0x00, 0x00, 0x00, 0x00, 0x00, 0x00, 0x00, 0x00,
  0x00, 0x41, 0x00, 0x00, 0x42, 0x00, 0x00, 0x00, 0x43, 0x19, 0x46, 0x00,
  0x00, 0x00, 0x00, 0x00, 0x00, 0x00, 0x00, 0x42, 0x00, 0x00, 0x00, 0x00,
  0x00, 0x46, 0x00, 0x00, 0x00, 0x00, 0x00, 0x00, 0x00, 0x00, 0x00, 0x00,
  0x00, 0x00, 0x00, 0x00, 0x43, 0x00, 0x00, 0x00, 0x00, 0x00, 0x00, 0x00,
  0x00, 0x44, 0x00, 0x00, 0x44, 0x00, 0x00, 0x00, 0x00, 0x00, 0x00, 0x00,
  0x00, 0x00, 0x00, 0x00, 0x47, 0x00, 0x00, 0x00, 0x00, 0x00, 0x47, 0x00,
  0x42, 0x00, 0x00, 0x00, 0x48, 0x00, 0x00, 0x00, 0x00, 0x00, 0x41, 0x00,
  0x00, 0x44, 0x00, 0x00, 0x00, 0x00, 0x00, 0x00, 0x00, 0x00, 0x41, 0x3f,
  0x00, 0x00, 0x00, 0x19, 0x00, 0x00, 0x00, 0x00, 0x00, 0x00, 0x00, 0x00,
  0x00, 0x45, 0x00, 0x00, 0x41, 0x00, 0x00, 0x00, 0x00, 0x00, 0x44, 0x00,
  0x00, 0x00, 0x42, 0x00, 0x43, 0x00, 0x00, 0x00, 0x45, 0x00, 0x49, 0x00,
  0x00, 0x00, 0x00, 0x00, 0x00, 0x00, 0x00, 0x00, 0x00, 0x00, 0x00, 0x00,
  0x00, 0x43, 0x00, 0x00, 0x00, 0x00, 0x00, 0x00, 0x00, 0x00, 0x00, 0x00,
  0x00, 0x00, 0x00, 0x00, 0x00, 0x00, 0x00, 0x00, 0x00, 0x00, 0x00, 0x00,
  0x00, 0x43, 0x00, 0x00, 0x45, 0x00, 0x00, 0x46, 0x00, 0x00, 0x00, 0x00,
  0x00, 0x46, 0x00, 0x00, 0x00, 0x00, 0x00, 0x00, 0x00, 0x00, 0x40, 0x00,
  0x00, 0x41, 0x00, 0x1a, 0x00, 0x00, 0x00, 0x00, 0x00, 0x00, 0x00, 0x00,
  0x00, 0x00, 0x00, 0x1a, 0x42, 0x00, 0x00, 0x00, 0x00, 0x00, 0x00, 0x00,
  0x00, 0x00, 0x00, 0x00, 0x00, 0x00, 0x00, 0x45, 0x00, 0x00, 0x00, 0x3f,
  0x00, 0x00, 0x00, 0x00, 0x00, 0x00, 0x00, 0x00, 0x00, 0x00, 0x43, 0x00,
  0x00, 0x00, 0x00, 0x00, 0x00, 0x00, 0x00, 0x00, 0x00, 0x00, 0x00, 0x00,
  0x00, 0x00, 0x00, 0x00, 0x00, 0x00, 0x00, 0x46, 0x00, 0x00, 0x00, 0x00,
  0x00, 0x41, 0x00, 0x00, 0x00, 0x00, 0x00, 0x00, 0x00, 0x00, 0x00, 0x00,
  0x00, 0x42, 0x00, 0x00, 0x00, 0x00, 0x00, 0x00, 0x00, 0x00, 0x45, 0x00,
  0x00, 0x00, 0x00, 0x00, 0x00, 0x00, 0x00, 0x00, 0x00, 0x00, 0x44, 0x00,
  0x00, 0x00, 0x00, 0x00, 0x00, 0x00, 0x00, 0x00, 0x00, 0x00, 0x00, 0x00,
  0x00, 0x00, 0x00, 0x00, 0x42, 0x00, 0x00, 0x00, 0x00, 0x00, 0x00, 0x00,
  0x00, 0x00, 0x00, 0x00, 0x00, 0x00, 0x00, 0x00, 0x00, 0x00, 0x41, 0x00,
  0x00, 0x42, 0x00, 0x00, 0x43, 0x00, 0x00, 0x43, 0x00, 0x00, 0x46, 0x00,
  0x00, 0x00, 0x00, 0x00, 0x46, 0x00, 0x00, 0x00, 0x00, 0x00, 0x00, 0x00,
  0x00, 0x00, 0x00, 0x00, 0x41, 0x00, 0x00, 0x00, 0x00, 0x00, 0x45, 0x00,
  0x00, 0x00, 0x00, 0x00, 0x44, 0x00, 0x00, 0x00, 0x00, 0x00, 0x00, 0x00,
  0x00, 0x42, 0x00, 0x00, 0x46, 0x00, 0x00, 0x00, 0x00, 0x00, 0x49, 0x00,
  0x00, 0x00, 0x00, 0x00, 0x41, 0x00, 0x42, 0x47, 0x00, 0x00, 0x44, 0x00,
  0x00, 0x00, 0x00, 0x00, 0x46, 0x00, 0x00, 0x00, 0x00, 0x00, 0x00, 0x00,
  0x00, 0x00, 0x00, 0x00, 0x00, 0x00, 0x00, 0x00, 0x43, 0x00, 0x00, 0x00,
  0x00, 0x41, 0x00, 0x00, 0x00, 0x00, 0x00, 0x00, 0x00, 0x00, 0x41, 0x00,
  0x00, 0x00, 0x00, 0x00, 0x06, 0x28, 0xe3, 0xe6, 0xdf, 0x00, 0x00, 0x00,
  0x00, 0x00, 0x06, 0x00, 0x00, 0x00, 0xda, 0x00, 0x00, 0x00, 0x00, 0x00,
  0xe8, 0x00, 0x00, 0x2d, 0x00, 0x29, 0x00, 0x0f, 0x00, 0x00, 0x00, 0x00,
  0xf8, 0x00, 0x00, 0x00, 0x00, 0x00, 0xe7, 0x0f, 0x00, 0x00, 0x00, 0x24,
  0x00, 0x00, 0x00, 0x00, 0x00, 0x1d, 0x00, 0x00, 0x1f, 0x2d, 0x00, 0x00,
  0x00, 0x00, 0x00, 0x34, 0x00, 0x00, 0xe4, 0x00, 0x00, 0x00, 0x00, 0x11,
  0xec, 0x01, 0xef, 0x00, 0xdc, 0x00, 0x00, 0x00, 0x00, 0x32, 0x00, 0x0d,
  0x00, 0x00, 0x00, 0x00, 0xdc, 0x0c, 0x00, 0x00, 0x00, 0x00, 0x00, 0x00,
  0x00, 0x00, 0x00, 0x00, 0x00, 0x00, 0x00, 0x02, 0x24, 0x00, 0xdb, 0x00,
  0x00, 0x00, 0x00, 0x00, 0x00, 0x00, 0x00, 0x00, 0xf6, 0x33, 0x00, 0x00,
  0x00, 0x00, 0x00, 0x00, 0x00, 0x00, 0xf0, 0x00, 0x00, 0x00, 0x00, 0x00,
  0x16, 0x00, 0xf8, 0x00, 0x00, 0xe8, 0x00, 0xe6, 0x00, 0x00, 0x00, 0x00,
  0x07, 0xef, 0x38, 0x2d, 0x00, 0x00, 0x00, 0x00, 0x00, 0x2a, 0x00, 0x00,
  0x00, 0x00, 0x00, 0x00, 0x00, 0x00, 0x00, 0x00, 0xe4, 0x2a, 0x00, 0x1b,
  0x00, 0x0d, 0xe3, 0x00, 0x00, 0x00, 0x00, 0x00, 0xdf, 0x00, 0x00, 0x00,
  0x00, 0x00, 0x00, 0x00, 0x00, 0x00, 0x00, 0x00, 0x00, 0x00, 0x00, 0x00,
  0x00, 0x00, 0x00, 0x24, 0x00, 0x2a, 0xda, 0x00, 0x00, 0x26, 0x00, 0x00,
  0xe9, 0xfb, 0x00, 0x00, 0x00, 0x00, 0x00, 0x00, 0x00, 0x00, 0xe2, 0x00,
  0x00, 0xfb, 0x00, 0x00, 0x00, 0x00, 0x00, 0x00, 0xd6, 0x00, 0x00, 0x2c,
  0x00, 0x00, 0x00, 0x00, 0x00, 0x00, 0x00, 0x00, 0x00, 0x22, 0x00, 0x00,
  0x00, 0xfe, 0x00, 0x00, 0x00, 0x2c, 0x00, 0x00, 0x00, 0x25, 0x00, 0x00,
  0xe2, 0x00, 0x00, 0x20, 0xdd, 0x00, 0x00, 0x00, 0x00, 0x25, 0x00, 0x2c,
  0x00, 0x00, 0x1c, 0x22, 0xdf, 0x00, 0xe9, 0x00, 0xe3, 0x00, 0x00, 0x00,
  0x00, 0x0d, 0xc5, 0x00, 0x00, 0x30, 0x00, 0x00, 0xdc, 0x00, 0x00, 0x00,
  0x00, 0x00, 0xd8, 0x00, 0x00, 0x00, 0x00, 0x00, 0xeb, 0x00, 0x00, 0x24,
  0x03, 0x00, 0x00, 0x1f, 0x00, 0x26, 0xf1, 0x00, 0x14, 0x00, 0x00, 0x28,
  0x02, 0x00, 0x00, 0x00, 0xd3, 0x00, 0xe8, 0xe9, 0x0b, 0x00, 0x00, 0x00,
  0xeb, 0x00, 0x00, 0x00, 0x00, 0x24, 0x00, 0x10, 0x00, 0x00, 0x00, 0x00,
  0x00, 0x00, 0x00, 0x00, 0x00, 0x00, 0xe5, 0x00, 0x00, 0x00, 0x00, 0x00,
  0xe8, 0x00, 0x00, 0x00, 0x00, 0x17, 0xe5, 0x00, 0x00, 0x00, 0x00, 0x00,
  0xeb, 0x00, 0x00, 0x1d, 0x00, 0x00, 0x00, 0x00, 0x00, 0x25, 0x00, 0x00,
  0x00, 0x09, 0xe1, 0x1f, 0x00, 0x19, 0x00, 0x02, 0x00, 0x00, 0x00, 0x11,
  0x00, 0x00, 0x00, 0x00, 0x00, 0x00, 0xee, 0x01, 0x00, 0x1c, 0x00, 0x00,
  0x00, 0x00, 0x00, 0x00, 0xf4, 0x00, 0xf0, 0x00, 0x00, 0x1b, 0x00, 0x00,
  0x00, 0x00, 0x00, 0x00, 0x00, 0x00, 0xeb, 0x00, 0x00, 0x00, 0xd6, 0x00,
  0xe2, 0x0b, 0xef, 0x00, 0x00, 0x00, 0xfc, 0x00, 0x00, 0x00, 0x00, 0x00,
  0xe9, 0x00, 0x23, 0x00, 0x00, 0x00, 0x00, 0x00, 0x00, 0x00, 0x00, 0x00,
  0xe5, 0xec, 0x00, 0x00, 0x00, 0x00, 0xe9, 0x00, 0x00, 0x1b, 0x00, 0x00,
  0x00, 0x00, 0x00, 0x00, 0x00, 0x00, 0x00, 0x09, 0x00, 0x00, 0x00, 0x00,
  0x00, 0x00, 0x00, 0x00, 0x00, 0x00, 0x00, 0x00, 0x00, 0x1d, 0x00, 0x00,
  0x00, 0x05, 0x00, 0x00, 0x00, 0x00, 0xdd, 0x06, 0x00, 0x00, 0x00, 0x00,
  0x00, 0x06, 0x0c, 0x00, 0x00, 0x00, 0xe9, 0x00, 0x00, 0x21, 0x00, 0xf9,
  0x00, 0x00, 0xd8, 0x1d, 0x00, 0x00, 0x23, 0x00, 0xdd, 0x00, 0xd8, 0x00,
  0x00, 0x00, 0x00, 0x00, 0x00, 0x00, 0x00, 0x0a, 0x00, 0x00, 0x00, 0x00,
  0xe3, 0x00, 0x00, 0x00, 0x00, 0x00, 0x00, 0x00, 0x10, 0x00, 0xd7, 0x00,
  0x00, 0x00, 0x00, 0x00, 0x00, 0x00, 0x00, 0x00, 0x00, 0x00, 0x00, 0x00,
  0x00, 0x00, 0x00, 0x1d, 0x00, 0x02, 0xed, 0x00, 0x00, 0x00, 0x00, 0x24,
  0x00, 0x00, 0x00, 0x00, 0xd9, 0x00, 0x00, 0xe2, 0x00, 0x00, 0x00, 0x27,
  0x00, 0x00, 0x00, 0x00, 0x00, 0x00, 0x00, 0x00, 0x00, 0x00, 0xd7, 0x26,
  0x00, 0x00, 0x00, 0x00, 0x00, 0x00, 0x00, 0x00, 0x00, 0x00, 0x00, 0x2b,
  0x00, 0x00, 0xf4, 0xf9, 0x00, 0x00, 0x00, 0x00, 0x00, 0x00, 0x00, 0x00,
  0x00, 0x00, 0x00, 0x00, 0x00, 0x21, 0x00, 0x00, 0x00, 0x00, 0x00, 0x00,
  0x00, 0x08, 0xf0, 0x00, 0x00, 0x00, 0xe8, 0x00, 0x00, 0x00, 0xe0, 0x00,
  0xe7, 0x00, 0x17, 0x00, 0x00, 0x00, 0x00, 0x00, 0x00, 0x00, 0xe3, 0x22,
  0x00, 0x00, 0x00, 0x00, 0xde, 0x00, 0x00, 0x00, 0x00, 0x00, 0xe4, 0x00,
  0xdd, 0x04, 0x00, 0xf4, 0x00, 0x00, 0x00, 0x00, 0x00, 0x00, 0xe0, 0x00,
  0x00, 0x00, 0x00, 0x00, 0x00, 0x2b, 0x00, 0x00, 0x00, 0x00, 0x00, 0x00,
  0x00, 0x00, 0x00, 0x00, 0x06, 0x2b, 0x00, 0x0b, 0x00, 0x00, 0x06, 0x00,
  0x00, 0x00, 0x00, 0x00, 0x00, 0x21, 0x00, 0x00, 0x00, 0x00, 0x00, 0x00,
  0x00, 0x00, 0x00, 0xef, 0x00, 0x00, 0x00, 0x00, 0x00, 0x00, 0x00, 0x00,
  0x00, 0x00, 0x00, 0x00, 0x00, 0x00, 0x00, 0x00, 0x00, 0xf2, 0x00, 0x00,
  0x00, 0xe7, 0x00, 0x00, 0x00, 0x21, 0x00, 0xe5, 0x00, 0xec, 0x0c, 0x1d,
  0x00, 0xdb, 0x00, 0xeb, 0x00, 0x00, 0x00, 0x00, 0x00, 0xdd, 0x06, 0x00,
  0x00, 0x00, 0xf2, 0xd7, 0x00, 0x00, 0x00, 0x00, 0x00, 0xd6, 0x00, 0x00,
  0x0f, 0xd9, 0x00, 0xe4, 0x00, 0x00, 0x00, 0xdf, 0x00, 0xe0, 0x0f, 0x00,
  0x00, 0x00, 0x00, 0xeb, 0x09, 0x00, 0xe1, 0x00, 0xf6, 0x00, 0x04, 0x00,
  0x00, 0x00, 0x00, 0xeb, 0x00, 0x00, 0x00, 0xdb, 0x00, 0x00, 0x00, 0x00,
  0xdb, 0x00, 0x00, 0x00, 0x00, 0x00, 0x00, 0x0e, 0xec, 0x12, 0x09, 0x00,
  0xe6, 0x05, 0xeb, 0x00, 0x00, 0x00, 0x00, 0x18, 0x00, 0x00, 0x00, 0x00,
  0x00, 0x00, 0x00, 0x00, 0x00, 0x00, 0x00, 0x00, 0x00, 0x00, 0x00, 0x00,
  0x00, 0x00, 0x00, 0x00, 0x00, 0x00, 0x00, 0x00, 0x19, 0x0b, 0x00, 0x25,
  0xe5, 0x04, 0x00, 0x00, 0x00, 0x00, 0x00, 0x00, 0x00, 0x00, 0xe0, 0x00,
  0x00, 0x00, 0xea, 0x00, 0xda, 0x00, 0x00, 0x00, 0xf6, 0x0d, 0xe0, 0x28,
  0x00, 0x00, 0x00, 0x00, 0x00, 0x29, 0x00, 0xe4, 0x13, 0x00, 0x00, 0x00,
  0xeb, 0x00, 0x12, 0x00, 0x00, 0x00, 0x00, 0x00, 0xf4, 0x12, 0x00, 0x00,
  0x00, 0x00, 0x00, 0x0f, 0x00, 0x00, 0x00, 0x00, 0x00, 0x00, 0x00, 0x00,
  0x00, 0xdf, 0xf5, 0x00, 0x00, 0x00, 0x00, 0x00, 0x00, 0x0c, 0x00, 0x00,
  0x00, 0x00, 0x00, 0x00, 0x03, 0x00, 0x00, 0x00, 0x00, 0x00, 0x00, 0x00,
  0x00, 0x00, 0x10, 0x00, 0x00, 0x00, 0x00, 0x00, 0x00, 0xe3, 0x00, 0x27,
  0x00, 0x00, 0x00, 0xdb, 0x00, 0x23, 0x00, 0x00, 0x00, 0xdb, 0x00, 0x2c,
  0x00, 0x00, 0x00, 0xdd, 0x00, 0x2b, 0x00, 0x00, 0x00, 0xc6, 0x04, 0x23,
  0x00, 0x00, 0x00, 0xcf, 0x00, 0x1e, 0x00, 0x00, 0x00, 0xcf, 0x02, 0x00,
  0x00, 0xd8, 0x00, 0xc9, 0x0c, 0x1e, 0xe9, 0x00, 0x00, 0xda, 0x07, 0x25,
  0x00, 0x00, 0x00, 0xd8, 0xff, 0x00, 0x00, 0xe5, 0x00, 0xd5, 0x00, 0x26,
  0x00, 0xe5, 0x00, 0x00, 0x00, 0x00, 0x00, 0xe4, 0x00, 0x00, 0x00, 0x00,
  0xdf, 0x00, 0x00, 0x00, 0x00, 0x00, 0x00, 0x00, 0x00, 0x00, 0x00, 0x00,
  0xe4, 0xe3, 0x00, 0x00, 0x00, 0x00, 0x00, 0x00, 0x1f, 0x00, 0x00, 0x00,
  0x00, 0x00, 0xf9, 0x00, 0x00, 0x00, 0x00, 0x00, 0xf4, 0x02, 0x00, 0x00,
  0x00, 0x00, 0x00, 0x00, 0x00, 0x00, 0xea, 0x00, 0x1c, 0x00, 0x00, 0x24,
  0x00, 0x00, 0x00, 0x00, 0x00, 0x00, 0x00, 0x00, 0x00, 0x00, 0x00, 0x00,
  0x00, 0x00, 0x00, 0x00, 0x00, 0x00, 0xe0, 0x11, 0x1f, 0x00, 0x03, 0x1e,
  0x00, 0x00, 0x1e, 0x00, 0x00, 0x00, 0xe4, 0x00, 0x00, 0x00, 0x00, 0x00,
  0x00, 0x09, 0x00, 0x00, 0x00, 0x00, 0x00, 0x00, 0x00, 0x00, 0x00, 0x00,
  0xe0, 0x00, 0x25, 0xfc, 0x00, 0x00, 0x00, 0x00, 0x00, 0x00, 0x00, 0x00,
  0x00, 0x00, 0x00, 0xfb, 0x00, 0x00, 0x00, 0x00, 0x00, 0xfa, 0x00, 0xf3,
  0x00, 0xd8, 0xfb, 0x07, 0x00, 0x00, 0xe7, 0x00, 0x00, 0x00, 0x00, 0x00,
  0x00, 0x00, 0x00, 0x00, 0x00, 0x00, 0xe6, 0x00, 0xf4, 0x00, 0x00, 0x00,
  0x00, 0x00, 0xf7, 0xd2, 0x00, 0x25, 0x00, 0xe6, 0x00, 0xd1, 0x00, 0x00,
  0x00, 0x00, 0x00, 0x00, 0x00, 0x2f, 0x00, 0x00, 0x00, 0xd5, 0xfc, 0x25,
  0x00, 0x00, 0x00, 0xcb, 0x00, 0x2e, 0x05, 0xe3, 0x00, 0xc5, 0x00, 0x00,
  0xe6, 0x00, 0x00, 0x33, 0x00, 0x00, 0x00, 0x00, 0x05, 0x00, 0x00, 0x00,
  0x00, 0x00, 0x0c, 0x24, 0x00, 0x00, 0x00, 0x00, 0x1a, 0x00, 0x00, 0xf4,
  0x00, 0x00, 0x14, 0x20, 0x00, 0x00, 0x00, 0x00, 0x00, 0x00, 0x00, 0xf2,
  0x00, 0x00, 0x00, 0x00, 0x00, 0xf5, 0x00, 0x00, 0x00, 0x00, 0xec, 0x00,
  0x00, 0x00, 0x00, 0x00, 0x00, 0x00, 0x00, 0xe6, 0x00, 0x00, 0x00, 0xed,
  0x00, 0xea, 0x00, 0x00, 0x00, 0xef, 0x00, 0xe8, 0x00, 0x00, 0x00, 0xee,
  0x00, 0xe9, 0x15, 0x00, 0x00, 0x00, 0x00, 0x00, 0x00, 0x00, 0x00, 0xf2,
  0x00, 0xe7, 0x00, 0x00, 0x00, 0x00, 0x00, 0xf0, 0x01, 0x00, 0x00, 0x00,
  0x00, 0x00, 0x00, 0x00, 0x00, 0x00, 0x00, 0x00, 0x00, 0x00, 0x00, 0x00,
  0x00, 0x00, 0x00, 0x00, 0x00, 0x00, 0x00, 0x00, 0x09, 0x00, 0x00, 0x00,
  0x00, 0x00, 0x00, 0x00, 0x00, 0x00, 0x00, 0x00, 0x00, 0x00, 0x00, 0x00,
  0x00, 0x00, 0x00, 0x00, 0x00, 0xf0, 0x00, 0x00, 0x00, 0x00, 0xe7, 0x00,
  0x00, 0x00, 0x00, 0x00, 0x00, 0xf1, 0x00, 0x00, 0x00, 0x29, 0xe1, 0x00,
  0x00, 0x00, 0x00, 0x00, 0x00, 0x00, 0x00, 0x09, 0x00, 0x27, 0x00, 0x00,
  0x00, 0x00, 0x00, 0x1e, 0x00, 0x00, 0x00, 0x00, 0x00, 0x3d, 0x00, 0x00,
  0x00, 0x00, 0x00, 0x2e, 0x00, 0xed, 0x00, 0x00, 0x00, 0x21, 0xe4, 0x00,
  0x00, 0x00, 0x00, 0x2b, 0xda, 0xef, 0x00, 0x00, 0x00, 0x2b, 0x00, 0x00,
  0x00, 0x00, 0x00, 0x23, 0x00, 0x00, 0x00, 0x00, 0x00, 0x1f, 0x00, 0x00,
  0x00, 0x00, 0xea, 0x1d, 0x00, 0x00, 0x00, 0x00, 0xe7, 0x00, 0xe6, 0x00,
  0x00, 0x00, 0x00, 0x00, 0x00, 0x00, 0x00, 0x00, 0x0f, 0x00, 0x00, 0x00,
  0x00, 0x00, 0x00, 0x1c, 0x00, 0x00, 0x00, 0x00, 0x00, 0x00, 0x00, 0x00,
  0x00, 0xea, 0x00, 0x00, 0x00, 0x00, 0x00, 0xe8, 0x00, 0x00, 0xee, 0xeb,
  0x00, 0x00, 0x00, 0xea, 0xeb, 0x00, 0x00, 0x00, 0x00, 0xed, 0x00, 0x00,
  0x00, 0x00, 0x00, 0xe6, 0x00, 0x00, 0x00, 0x00, 0x00, 0x00, 0x00, 0x00,
  0x00, 0x00, 0x00, 0x00, 0x00, 0x00, 0x00, 0x00, 0x00, 0xe9, 0x00, 0x00,
  0x00, 0x00, 0x00, 0x00, 0x00, 0x00, 0x00, 0xe5, 0x00, 0x00, 0x00, 0x00,
  0x00, 0x00, 0x00, 0x00, 0x00, 0x00, 0x00, 0x00, 0x00, 0x00, 0x00, 0x00,
  0x00, 0x00, 0x00, 0x00, 0x11, 0x14, 0x00, 0x00, 0x00, 0x00, 0x00, 0x00,
  0x00, 0x00, 0x00, 0x00, 0x00, 0x00, 0x00, 0x00, 0x00, 0x00, 0x00, 0x00,
  0x00, 0x00, 0x00, 0x00, 0x0d, 0x00, 0xe6, 0x00, 0x00, 0x00, 0x00, 0x00,
  0x00, 0x00, 0x00, 0x00, 0x00, 0x00, 0x00, 0xe5, 0x00, 0x19, 0x00, 0x00,
  0x00, 0xe5, 0x00, 0x1b, 0xe2, 0x00, 0x00, 0x00, 0x00, 0x00, 0x00, 0xf4,
  0x00, 0x00, 0x00, 0x1b, 0x00, 0x00, 0x00, 0x00, 0xc8, 0x00, 0x00, 0x00,
  0x00, 0x00, 0x00, 0x28, 0x00, 0x00, 0x00, 0x00, 0x00, 0x43, 0x00, 0x00,
  0x00, 0x00, 0x00, 0x36, 0xe3, 0x00, 0x00, 0x00, 0x00, 0x35, 0x00, 0x00,
  0x00, 0x00, 0x00, 0x3b, 0x00, 0x00, 0xde, 0x00, 0x00, 0x00, 0x00, 0x00,
  0x00, 0x00, 0x00, 0x00, 0x00, 0x00, 0x00, 0x00, 0x00, 0x1d, 0xdf, 0x00,
  0x00, 0x00, 0x00, 0x00, 0x00, 0x00, 0x00, 0x00, 0x00, 0x1b, 0x00, 0x00,
  0x00, 0x00, 0x00, 0x1e, 0x00, 0x00, 0x00, 0x00, 0x00, 0x19, 0x00, 0x00,
  0x00, 0xe5, 0x00, 0x00, 0x00, 0x16, 0x00, 0x00, 0x00, 0x00, 0x00, 0x00,
  0x00, 0x00, 0x00, 0xe3, 0x00, 0x00, 0x00, 0xe5, 0x00, 0x00, 0x00, 0x00,
  0x00, 0xeb, 0x00, 0x00, 0x00, 0x00, 0xea, 0x00, 0x00, 0xed, 0x00, 0x00,
  0x00, 0x00, 0xef, 0xe1, 0x13, 0x00, 0xfb, 0x00, 0x00, 0x00, 0x00, 0xe8,
  0x00, 0x00, 0x00, 0x00, 0x00, 0x00, 0x00, 0x00, 0x1a, 0x00, 0x00, 0xe3,
  0x00, 0x00, 0x00, 0x00, 0x00, 0xe1, 0x00, 0x00, 0x00, 0x00, 0x00, 0x00,
  0x00, 0xe8, 0x00, 0x12, 0x00, 0xe7, 0x00, 0x00, 0x00, 0x00, 0x00, 0xe6,
  0x00, 0x00, 0xe4, 0x26, 0x00, 0x00, 0x00, 0x00, 0xe4, 0x00, 0x00, 0x00,
  0x00, 0x00, 0xd5, 0x18, 0xe7, 0x00, 0x00, 0x00, 0xde, 0x00, 0xe2, 0x00,
  0x0a, 0x00, 0x00, 0x00, 0x00, 0x00, 0x00, 0x00, 0xd1, 0x1e, 0xdb, 0x1b,
  0x00, 0x00, 0x00, 0x1c, 0xd7, 0x00, 0x00, 0x00, 0xcf, 0x00, 0x00, 0x00,
  0x00, 0x00, 0x00, 0x00, 0x00, 0x00, 0x00, 0x10, 0x00, 0xf1, 0x00, 0x00,
  0x00, 0x00, 0x00, 0x00, 0x00, 0x0f, 0xef, 0x00, 0x00, 0x00, 0x00, 0x00,
  0x00, 0x00, 0x00, 0x00, 0x00, 0x00, 0xee, 0x00, 0x00, 0x00, 0x00, 0x00,
  0x00, 0x11, 0x00, 0xf0, 0x00, 0x00, 0xef, 0x0e, 0x00, 0x00, 0x00, 0x00,
  0x00, 0x0f, 0xf0, 0x00, 0x00, 0xf1, 0x00, 0x00, 0x00, 0x00, 0x00, 0x00,
  0x00, 0x12, 0x00, 0x00, 0x00, 0x00, 0xee, 0x00, 0x00, 0x00, 0x00, 0x00,
  0x00, 0x10, 0x00, 0x00, 0x00, 0x00, 0x00, 0x00, 0x00, 0x00, 0x00, 0xef,
  0x00, 0x00, 0x00, 0x00, 0x00, 0x00, 0xf1, 0x00, 0x00, 0x00, 0x00, 0x00,
  0x00, 0x00, 0x00, 0xed, 0x00, 0x00, 0x00, 0x14, 0xf0, 0x00, 0x00, 0xee,
  0x00, 0x11, 0x00, 0x00, 0x00, 0x00, 0x00, 0x00, 0x00, 0x00, 0x00, 0x00,
  0x00, 0x12, 0x00, 0x00, 0x00, 0xef, 0x00, 0x00, 0x00, 0x00, 0x00, 0x00,
  0x00, 0x00, 0x00, 0x00, 0x0f, 0xf1, 0x00, 0x00, 0x00, 0x00, 0x00, 0x00,
  0x00, 0x00, 0x00, 0x00, 0x00, 0x00, 0xec, 0x00, 0x00, 0x00, 0x00, 0x00,
  0x00, 0x00, 0x00, 0x00, 0x00, 0x00, 0x00, 0x00, 0x00, 0xed, 0x00, 0x00,
  0x00, 0x00, 0x00, 0xef, 0x00, 0x00, 0xf1, 0x00, 0x00, 0x00, 0x00, 0x00,
  0x00, 0x00, 0x00, 0x00, 0x00, 0x00, 0xef, 0x00, 0xf0, 0x00, 0x00, 0x00,
  0x00, 0x00, 0x00, 0x00, 0x00, 0x00, 0x00, 0x00, 0x00, 0x00, 0x00, 0x00,
  0x00, 0x00, 0x00, 0x00, 0xf0, 0x00, 0x00, 0x00, 0x00, 0x00, 0x00, 0x00,
  0x00, 0x00, 0x00, 0x00, 0x00, 0x00, 0x00, 0x00, 0x00, 0x00, 0x00, 0x10,
  0x00, 0x00, 0x00, 0xf2, 0x00, 0x00, 0x00, 0x12, 0x00, 0xf0, 0x00, 0x00,
  0x00, 0x00, 0x00, 0x00, 0x00, 0x00, 0xf1, 0x00, 0x00, 0xef, 0x11, 0x00,
  0x00, 0x11, 0x00, 0x00, 0x00, 0x00, 0x00, 0x00, 0x00, 0x00, 0x00, 0x00,
  0x00, 0x00, 0x00, 0x00, 0x00, 0x00, 0x00, 0x00, 0xef, 0xee, 0x00, 0x00,
  0x00, 0x00, 0x00, 0x00, 0x00, 0x00, 0x00, 0x00, 0x00, 0x00, 0x00, 0x00,
  0x00, 0x00, 0x00, 0x00, 0x00, 0x00, 0x00, 0x00, 0x00, 0x00, 0x0f, 0x00,
  0x00, 0x00, 0x00, 0x00, 0x00, 0x00, 0x00, 0x00, 0x00, 0x00, 0x00, 0x00,
  0xf1, 0x00, 0x00, 0xf0, 0x00, 0x00, 0x00, 0x00, 0x00, 0x00, 0x00, 0x00,
  0x00, 0x00, 0x00, 0x00, 0x0f, 0x00, 0x00, 0x00, 0x00, 0x00, 0x00, 0x00,
  0x00, 0x15, 0x00, 0xed, 0x00, 0x00, 0x00, 0x00, 0x00, 0x00, 0xf1, 0x00,
  0x00, 0x00, 0x00, 0x00, 0x00, 0x00, 0x00, 0x00, 0xee, 0x00, 0x00, 0x00,
  0x00, 0x00, 0x00, 0x00, 0x00, 0x00, 0xf1, 0x00, 0x00, 0x00, 0xf1, 0x00,
  0x00, 0x00, 0x00, 0x00, 0x00, 0x00, 0x00, 0x00, 0xee, 0x00, 0x00, 0xf0,
  0xf0, 0x00, 0x00, 0x00, 0x00, 0x00, 0xed, 0x00, 0x00, 0x00, 0x00, 0x00,
  0x00, 0x00, 0x00, 0x00, 0x00, 0x00, 0x00, 0x00, 0x00, 0x00, 0x00, 0x00,
  0x00, 0x00, 0x00, 0x00, 0x00, 0xf0, 0x00, 0x00, 0x00, 0x00, 0x00, 0x00,
  0x00, 0x00, 0x00, 0x00, 0x00, 0x0f, 0x00, 0x11, 0x00, 0x00, 0x00, 0x00,
  0x00, 0x00, 0x00, 0xef, 0x00, 0x00, 0x00, 0x00, 0x00, 0x00, 0x00, 0x00,
  0x00, 0x00, 0x00, 0x00, 0x00, 0x00, 0x00, 0x00, 0x00, 0x00, 0x00, 0x00,
  0x00, 0x00, 0x00, 0x00, 0x00, 0x00, 0x00, 0x00, 0x00, 0x00, 0x12, 0x00,
  0x00, 0x00, 0x00, 0x00, 0x00, 0x00, 0x00, 0x00, 0x00, 0x00, 0x00, 0x00,
  0x00, 0x11, 0x00, 0x00, 0x00, 0x00, 0x00, 0x00, 0x00, 0xee, 0x00, 0x00,
  0x00, 0x00, 0x00, 0xee, 0x00, 0x00, 0x00, 0x00, 0x00, 0xee, 0x10, 0x00,
  0x00, 0x0f, 0x00, 0xf1, 0x10, 0x0e, 0xec, 0x00, 0x00, 0x00, 0x00, 0x00,
  0xf2, 0x00, 0x00, 0x00, 0x00, 0x00, 0x00, 0x11, 0x00, 0x00, 0x00, 0xf0,
  0x00, 0x00, 0x00, 0x00, 0x00, 0x00, 0xf0, 0x10, 0x00, 0x00, 0x00, 0x00,
  0xef, 0x12, 0x00, 0xef, 0x00, 0x00, 0x00, 0x10, 0x00, 0x00, 0x00, 0xef,
  0x00, 0x00, 0x00, 0x00, 0x00, 0x00, 0x00, 0x00, 0x00, 0x00, 0x00, 0x00,
  0x00, 0x00, 0x00, 0x00, 0x00, 0xee, 0x00, 0x00, 0x00, 0x00, 0x00, 0x00,
  0x00, 0x00, 0x00, 0x00, 0x00, 0x00, 0xf1, 0x00, 0x00, 0x00, 0x00, 0x00,
  0x00, 0x13, 0xf1, 0x00, 0xf2, 0x00, 0x00, 0x00, 0xf0, 0xef, 0x0e, 0x00,
  0x00, 0x00, 0x00, 0x00, 0x00, 0x00, 0x00, 0x0f, 0x00, 0x00, 0x00, 0x00,
  0x00, 0x00, 0x00, 0x00, 0x00, 0x00, 0x00, 0x00, 0x00, 0x00, 0x00, 0x00,
  0x00, 0x13, 0x00, 0x00, 0x00, 0x00, 0x00, 0x00, 0x00, 0xee, 0x00, 0x00,
  0xee, 0x00, 0x00, 0x00, 0x00, 0x00, 0x00, 0x10, 0x00, 0x00, 0x00, 0x00,
  0x00, 0x00, 0x00, 0xf1, 0x00, 0x00, 0x00, 0x00, 0x00, 0x00, 0x00, 0x00,
  0x00, 0x00, 0x00, 0x00, 0x00, 0x00, 0x00, 0x12, 0x00, 0x00, 0x00, 0x00,
  0x00, 0x00, 0x00, 0x00, 0x00, 0x00, 0x00, 0x00, 0x00, 0x00, 0x00, 0x00,
  0x00, 0x00, 0x00, 0x00, 0x00, 0x00, 0x00, 0x00, 0xf1, 0xee, 0x00, 0x00,
  0x00, 0x14, 0x00, 0x00, 0x00, 0x00, 0x00, 0x00, 0x00, 0x00, 0x11, 0x00,
  0x00, 0x00, 0x00, 0x00, 0x00, 0x00, 0x00, 0x00, 0x00, 0x00, 0x00, 0x00,
  0x00, 0x00, 0x00, 0x00, 0x00, 0x00, 0x00, 0x00, 0xf1, 0x00, 0x00, 0x00,
  0xf1, 0x00, 0x00, 0x00, 0x00, 0x10, 0x00, 0x0f, 0x00, 0x00, 0x00, 0x00,
  0x00, 0x00, 0x00, 0x00, 0x11, 0x00, 0x00, 0x13, 0xef, 0x00, 0x00, 0x00,
  0x00, 0x00, 0x00, 0x00, 0x00, 0x00, 0x00, 0x12, 0x00, 0x00, 0x0f, 0x00,
  0x00, 0x00, 0x00, 0x00, 0x11, 0x00, 0xf0, 0x00, 0x00, 0x00, 0x00, 0x00,
  0x00, 0x14, 0xf1, 0x00, 0x00, 0x00, 0x00, 0x00, 0x00, 0x00, 0x00, 0x00,
  0xf0, 0x00, 0x00, 0xef, 0x00, 0x00, 0x00, 0x00, 0x00, 0x00, 0x00, 0x00,
  0x00, 0x00, 0x00, 0x00, 0x00, 0x00, 0x00, 0x00, 0x00, 0xf2, 0x00, 0x00,
  0x00, 0x00, 0x00, 0x00, 0x00, 0x00, 0x00, 0x12, 0x00, 0x00, 0x00, 0x00,
  0x00, 0x00, 0x00, 0x00, 0x00, 0x00, 0x00, 0x00, 0x00, 0x00, 0x00, 0x00,
  0x00, 0x00, 0x00, 0xee, 0x00, 0x00, 0x00, 0x00, 0x00, 0xec, 0x00, 0x00,
  0x00, 0x00, 0xf0, 0x00, 0x00, 0x00, 0x00, 0x00, 0x00, 0xef, 0x00, 0x00,
  0x00, 0x00, 0x00, 0x00, 0x00, 0x0f, 0x00, 0x11, 0xf2, 0x00, 0x00, 0x00,
  0x00, 0x00, 0x00, 0x00, 0x00, 0x00, 0x00, 0x00, 0x00, 0x00, 0x00, 0x0f,
  0x00, 0x00, 0x00, 0x00, 0x00, 0x00, 0x00, 0x00, 0x00, 0x00, 0x00, 0x10,
  0xf1, 0x00, 0x00, 0x00, 0x00, 0x00, 0x00, 0x12, 0x00, 0x00, 0x00, 0x00,
  0xf0, 0x00, 0x00, 0xf0, 0x00, 0x00, 0x00, 0x00, 0x00, 0x00, 0x00, 0x10,
  0x00, 0x00, 0x00, 0x00, 0x00, 0x00, 0x00, 0x00, 0x00, 0xed, 0x00, 0x00,
  0x00, 0x00, 0x00, 0x00, 0x00, 0x00, 0xf1, 0x00, 0x00, 0x00, 0x00, 0x00,
  0x00, 0x00, 0x00, 0x00, 0x00, 0x00, 0xef, 0x00, 0x00, 0x00, 0x00, 0x00,
  0x00, 0x00, 0x00, 0x00, 0x00, 0x00, 0x00, 0x11, 0x00, 0x00, 0x0f, 0x00,
  0xef, 0x00, 0x00, 0x00, 0x00, 0x00, 0x00, 0x00, 0x00, 0x00, 0x00, 0x00,
  0x00, 0x00, 0x00, 0xf0, 0x00, 0x00, 0xef, 0x00, 0x00, 0x00, 0x00, 0x00,
  0x00, 0x10, 0x00, 0xee, 0x00, 0x00, 0x00, 0x00, 0x00, 0x00, 0x0f, 0xf0,
  0x00, 0x00, 0x00, 0x00, 0x00, 0xf1, 0xf0, 0x00, 0x00, 0x00, 0x00, 0x00,
  0x00, 0x00, 0x10, 0x00, 0x00, 0x00, 0x00, 0x00, 0x00, 0x00, 0x00, 0x00,
  0x00, 0x00, 0x00, 0x00, 0x00, 0x00, 0x00, 0x00, 0x00, 0x00, 0x10, 0x00,
  0x00, 0x00, 0x00, 0x00, 0x12, 0x00, 0x00, 0x00, 0x0f, 0x00, 0x13, 0x00,
  0x00, 0x00, 0x00, 0x00, 0x11, 0x00, 0x00, 0x00, 0x00, 0x00, 0x00, 0xf1,
  0x00, 0x13, 0x00, 0x00, 0x00, 0x00, 0x00, 0x12, 0x00, 0x00, 0x00, 0x00,
  0x00, 0x14, 0x00, 0x00, 0x00, 0x00, 0x00, 0x00, 0x00, 0x00, 0x11, 0x00,
  0x00, 0x00, 0x0f, 0x00, 0x11, 0x00, 0x00, 0x00, 0x00, 0xef, 0x00, 0x00,
  0x00, 0x00, 0x00, 0x00, 0x00, 0x00, 0x00, 0x0f, 0x11, 0x00, 0x00, 0x00,
  0x00, 0x0f, 0x00, 0x00, 0x00, 0x00, 0x00, 0x00, 0x00, 0xf0, 0x00, 0x00,
  0x00, 0x00, 0x00, 0x00, 0x00, 0x00, 0x00, 0x00, 0x00, 0x00, 0x00, 0x00,
  0x00, 0x00, 0xf1, 0x00, 0x00, 0x00, 0x00, 0x00, 0x00, 0x00, 0x00, 0x00,
  0x00, 0x10, 0x00, 0x00, 0x00, 0x00, 0x00, 0x00, 0x00, 0xed, 0x00, 0x00,
  0x00, 0x00, 0x00, 0x00, 0x00, 0xf0, 0x00, 0x0f, 0x00, 0x00, 0x00, 0x00,
  0x00, 0x00, 0x00, 0x00, 0x00, 0x00, 0x00, 0x00, 0x00, 0x00, 0x00, 0x00,
  0x00, 0x00, 0x00, 0xef, 0x12, 0x00, 0x00, 0x00, 0x00, 0x00, 0x00, 0x00,
  0x00, 0x00, 0x00, 0x05, 0x00, 0x10, 0x00, 0x00, 0x00, 0x0f, 0x00, 0x11,
  0xe9, 0x00, 0x00, 0x00, 0x00, 0x00, 0x00, 0x00, 0x00, 0x37, 0x00, 0x00,
  0x00, 0x00, 0x00, 0x41, 0x15, 0xd9, 0x00, 0xea, 0x00, 0x00, 0x00, 0x00,
  0x00, 0x00, 0x0e, 0x00, 0x00, 0x00, 0x00, 0x00, 0x00, 0x36, 0x00, 0xe4,
  0x00, 0x00, 0x00, 0x35, 0x00, 0xe2, 0x00, 0x00, 0x00, 0x30, 0xe7, 0xe2,
  0xe7, 0x00, 0x00, 0x3a, 0x00, 0x00, 0x00, 0x00, 0x00, 0x00, 0x00, 0x00,
  0x00, 0x00, 0x00, 0x00, 0x00, 0x00, 0x00, 0x00, 0x00, 0x00, 0x00, 0x00,
  0x00, 0xe0, 0x0c, 0x00, 0xe8, 0x00, 0x00, 0xd9, 0x00, 0x34, 0x00, 0x00,
  0x00, 0xde, 0x00, 0x31, 0xe3, 0x00, 0x00, 0xe2, 0xe7, 0x00, 0x00, 0xdb,
  0xec, 0x00, 0xe5, 0x2d, 0xe7, 0x00, 0x00, 0x00, 0xde, 0x00, 0x00, 0x00,
  0x00, 0x00, 0x00, 0x33, 0x00, 0x00, 0x00, 0x00, 0x00, 0x00, 0x00, 0x00,
  0xee, 0x00, 0x00, 0x2a, 0x00, 0x00, 0x00, 0x00, 0x01, 0x33, 0x00, 0x00,
  0xea, 0x00, 0x02, 0x35, 0x00, 0x00, 0xf1, 0x00, 0x00, 0x3b, 0xe7, 0x00,
  0x00, 0x00, 0x00, 0x2d, 0x00, 0x00, 0x00, 0x00, 0x00, 0x00, 0x00, 0xe6,
  0x00, 0x00, 0xd8, 0x00, 0xe3, 0x00, 0xf5, 0x00, 0x00, 0x00, 0x00, 0x00,
  0x00, 0x00, 0x00, 0x00, 0x00, 0x00, 0x00, 0x00, 0x00, 0x00, 0x00, 0x00,
  0x00, 0x00, 0x00, 0x00, 0x00, 0x16, 0x00, 0x00, 0x00, 0x00, 0x00, 0x00,
  0xea, 0x00, 0x00, 0xea, 0x00, 0x18, 0x00, 0x00, 0xe2, 0xf8, 0x00, 0x0f,
  0x00, 0x00, 0xde, 0xf4, 0x00, 0x17, 0x00, 0x00, 0xe8, 0x00, 0x00, 0x00,
  0x00, 0x00, 0xe9, 0x00, 0x00, 0x00, 0x00, 0x00, 0xf1, 0x00, 0x16, 0x00,
  0x00, 0x00, 0x00, 0x2c, 0x18, 0x00, 0x00, 0x00, 0x00, 0x00, 0x00, 0x00,
  0x00, 0x00, 0x00, 0x00, 0x00, 0x00, 0x00, 0x00, 0xe1, 0x00, 0x00, 0x0e,
  0x00, 0x00, 0xe3, 0x00, 0x00, 0x13, 0x00, 0x00, 0xdd, 0x00, 0x00, 0x00,
  0x00, 0x00, 0xf6, 0x23, 0xe3, 0x00, 0x0b, 0x00, 0xe1, 0x00, 0x00, 0x12,
  0xe8, 0x00, 0x00, 0x00, 0x00, 0x00, 0xef, 0x0a, 0x00, 0x00, 0x00, 0x00,
  0x00, 0x00, 0x00, 0x00, 0x00, 0x00, 0x00, 0x00, 0x00, 0x39, 0xe9, 0x00,
  0x00, 0x00, 0x00, 0x37, 0x00, 0x00, 0x00, 0x00, 0xe4, 0x35, 0x00, 0x00,
  0x00, 0x00, 0x00, 0x31, 0x00, 0x00, 0x00, 0x00, 0x00, 0x00, 0x00, 0x00,
  0x00, 0x00, 0x00, 0x00, 0x00, 0x00, 0x00, 0x00, 0x00, 0x00, 0x00, 0x00,
  0x00, 0x10, 0x00, 0x00, 0x00, 0x00, 0x00, 0x15, 0x00, 0x00, 0x00, 0x00,
  0x00, 0x00, 0x00, 0x00, 0x00, 0x00, 0x00, 0x00, 0x00, 0x00, 0x00, 0xe7,
  0x00, 0x00, 0x00, 0x00, 0x00, 0xd7, 0x00, 0x00, 0x00, 0x3c, 0x00, 0xd8,
  0x00, 0x00, 0x00, 0x3a, 0x00, 0xe9, 0xf2, 0x00, 0x00, 0x2f, 0x00, 0x00,
  0x00, 0x00, 0x00, 0x20, 0x00, 0x00, 0x00, 0x00, 0x00, 0x00, 0x00, 0x11,
  0x00, 0x00, 0xe7, 0x00, 0x00, 0x00, 0x00, 0x0c, 0x00, 0xe6, 0x0e, 0x0f,
  0x00, 0x00, 0x00, 0xed, 0x00, 0x23, 0x00, 0x00, 0x00, 0x00, 0x00, 0x13,
  0x00, 0xe7, 0x00, 0x00, 0x00, 0x00, 0xee, 0xe8, 0x00, 0x00, 0x0d, 0x0c,
  0x00, 0x00, 0x00, 0x00, 0x00, 0x00, 0x00, 0xe7, 0x00, 0x00, 0x0c, 0x00,
  0x00, 0x00, 0x00, 0x20, 0x00, 0x00, 0x00, 0x00, 0xdf, 0x00, 0x00, 0x00,
  0x00, 0x00, 0xd2, 0x00, 0x00, 0x14, 0x00, 0x00, 0xed, 0x00, 0x0e, 0x1e,
  0x00, 0x00, 0x00, 0x00, 0x00, 0x1b, 0x00, 0x00, 0x00, 0x1f, 0x00, 0x1c,
  0x00, 0x00, 0x00, 0x00, 0x00, 0x00, 0x00, 0xdf, 0xe6, 0x00, 0x00, 0x00,
  0xe7, 0x00, 0x00, 0x00, 0x00, 0x00, 0x00, 0x00, 0x00, 0x00, 0x00, 0x00,
  0x00, 0xe1, 0x00, 0x00, 0xe2, 0xef, 0x00, 0x00, 0xef, 0x23, 0xe9, 0x00,
  0x00, 0x00, 0xf1, 0x24, 0x00, 0x00, 0xe9, 0x00, 0x00, 0x3d, 0x00, 0x00,
  0x00, 0x00, 0x00, 0x3b, 0x00, 0x00, 0x00, 0x00, 0x00, 0x2e, 0x00, 0x00,
  0x00, 0x00, 0x00, 0x00, 0x00, 0x00, 0x00, 0x00, 0x00, 0x00, 0x00, 0x00,
  0x00, 0x00, 0xe0, 0x00, 0x00, 0x00, 0x00, 0x00, 0xe4, 0x00, 0x00, 0x00,
  0x00, 0x00, 0xd3, 0x00, 0x00, 0xe5, 0x00, 0x00, 0xe2, 0x26, 0x00, 0xe4,
  0x00, 0x00, 0xe6, 0x00, 0x00, 0xec, 0x00, 0x00, 0x00, 0x00, 0x00, 0x00,
  0x00, 0x00, 0x00, 0xea, 0x00, 0x2e, 0x00, 0x00, 0xe5, 0xec, 0x00, 0x00,
  0x00, 0x00, 0xe5, 0x00, 0x00, 0x00, 0x00, 0x00, 0x00, 0x00, 0x00, 0x00,
  0x00, 0x00, 0x00, 0x1f, 0x00, 0x1e, 0x00, 0x00, 0x00, 0x00, 0x00, 0x00,
  0x00, 0x00, 0x00, 0x00, 0x00, 0x00, 0xe8, 0x00, 0x00, 0x00, 0x00, 0x20,
  0x00, 0x00, 0x00, 0x00, 0x1a, 0x00, 0x00, 0x00, 0xe0, 0x00, 0x00, 0x00,
  0x00, 0x00, 0x00, 0x00, 0x00, 0x00, 0x17, 0x00, 0x00, 0x00, 0x00, 0x00,
  0x00, 0xf4, 0x10, 0xf6, 0x00, 0x00, 0x00, 0x00, 0x2e, 0xf3, 0x00, 0x00,
  0x00, 0x00, 0x1d, 0x00, 0x00, 0x00, 0x00, 0x00, 0x1f, 0x00, 0x00, 0x00,
  0x00, 0x00, 0x0f, 0xe7, 0x00, 0x1e, 0x00, 0x00, 0x1f, 0xed, 0x1f, 0x00,
  0x00, 0x19, 0x11, 0x00, 0x1c, 0x00, 0x00, 0x00, 0x1f, 0xf0, 0x21, 0x00,
  0x00, 0x00, 0x1e, 0x00, 0x00, 0x00, 0x00, 0x00, 0x25, 0x00, 0x21, 0x00,
  0x00, 0x00, 0x1c, 0x00, 0x1f, 0xf7, 0x00, 0x00, 0x00, 0x1b, 0x1e, 0xf1,
  0x00, 0x00, 0x00, 0x23, 0x00, 0xe9, 0x00, 0xf1, 0x00, 0x22, 0x00, 0xe6,
  0x00, 0xef, 0x00, 0x00, 0x00, 0xf0, 0x00, 0x00, 0x00, 0x26, 0x00, 0x00,
  0x00, 0x00, 0x00, 0x00, 0x00, 0x00, 0x00, 0x00, 0x00, 0x00, 0x00, 0x00,
  0x00, 0x00, 0x00, 0x1e, 0xf0, 0x00, 0x00, 0x00, 0x00, 0x00, 0xf0, 0x1b,
  0x00, 0x00, 0x00, 0x00, 0xf4, 0x00, 0x00, 0x00, 0x00, 0xf9, 0x00, 0x25,
  0x00, 0x00, 0x00, 0x00, 0x00, 0x00, 0x00, 0x00, 0x00, 0x00, 0x00, 0x00,
  0x00, 0x00, 0x00, 0xf5, 0x00, 0x00, 0x00, 0x00, 0x00, 0x00, 0x00, 0x00,
  0x00, 0x00, 0x00, 0x00, 0x1a, 0x00, 0x00, 0x00, 0x00, 0x00, 0x00, 0x00,
  0x00, 0x00, 0x00, 0x00, 0x00, 0x00, 0x00, 0x00, 0x15, 0x1b, 0x00, 0x00,
  0x00, 0x00, 0x00, 0x00, 0x00, 0x00, 0xe3, 0xf3, 0x00, 0x00, 0x00, 0x00,
  0x00, 0x00, 0x00, 0x00, 0x00, 0x00, 0x00, 0x00, 0x00, 0xf1, 0x1a, 0x00,
  0x00, 0x00, 0x00, 0x00, 0x00, 0x00, 0x0c, 0x00, 0x00, 0x00, 0x00, 0x00,
  0x00, 0x00, 0x00, 0x00, 0x00, 0x00, 0x00, 0x00, 0x0b, 0xec, 0x00, 0x00,
  0x00, 0x00, 0x00, 0xf2, 0x00, 0x00, 0x00, 0x00, 0x00, 0xf1, 0x00, 0x1d,
  0x00, 0x00, 0x05, 0xef, 0x00, 0x22, 0x00, 0x00, 0x00, 0xf8, 0x00, 0x00,
  0x00, 0x00, 0x00, 0x00, 0x00, 0x00, 0x00, 0x00, 0x00, 0xe3, 0x00, 0x23,
  0x00, 0x1b, 0x09, 0xf7, 0x26, 0x26, 0x00, 0x00, 0x10, 0x00, 0x22, 0x00,
  0x00, 0x00, 0x00, 0x00, 0x00, 0x00, 0x00, 0x00, 0x00, 0x00, 0x00, 0x00,
  0x00, 0x00, 0x00, 0x00, 0x00, 0x00, 0xe4, 0x00, 0x00, 0x00, 0x00, 0xee,
  0x00, 0x00, 0x00, 0x29, 0x00, 0x00, 0x00, 0x00, 0xea, 0x1a, 0xf5, 0x00,
  0x00, 0x00, 0x00, 0x00, 0xf0, 0xf3, 0x00, 0x00, 0x00, 0x00, 0x00, 0x00,
  0x00, 0x00, 0x00, 0x00, 0x00, 0x00, 0x00, 0x00, 0x00, 0x00, 0xf4, 0x00,
  0x00, 0x00, 0x00, 0x00, 0x00, 0x00, 0x00, 0x00, 0x00, 0xf5, 0x00, 0x00,
  0x00, 0x00, 0x00, 0x00, 0x00, 0x00, 0x00, 0x00, 0x00, 0x00, 0x00, 0x00,
  0x00, 0x19, 0x00, 0x00, 0x00, 0x00, 0x00, 0x00, 0x00, 0x00, 0x00, 0x00,
  0x00, 0x00, 0x0d, 0x00, 0x00, 0x00, 0x00, 0x00, 0x14, 0x00, 0x00, 0x00,
  0xed, 0x00, 0x17, 0x00, 0x00, 0x00, 0x00, 0x00, 0x28, 0x00, 0x00, 0x00,
  0x00, 0x00, 0x10, 0x00, 0x00, 0xf5, 0x00, 0x00, 0x0d, 0x00, 0x00, 0x00,
  0x12, 0x00, 0x00, 0x00, 0x00, 0x00, 0xee, 0x00, 0x00, 0x00, 0x00, 0x00,
  0x00, 0x00, 0x0c, 0xf2, 0x00, 0x00, 0x00, 0x00, 0x15, 0xf6, 0xf3, 0x00,
  0x00, 0x00, 0x1e, 0x00, 0xf7, 0x00, 0x00, 0x00, 0x00, 0xf7, 0x00, 0x00,
  0x00, 0x00, 0x00, 0x00, 0x00, 0x00, 0x00, 0x00, 0x00, 0xf7, 0x00, 0x00,
  0x00, 0x00, 0x00, 0xed, 0x00, 0x00, 0x00, 0x00, 0x00, 0xef, 0x00, 0x31,
  0x00, 0x00, 0x00, 0xea, 0x00, 0x2f, 0x00, 0x00, 0x00, 0x00, 0x20, 0x00,
  0x00, 0x00, 0x00, 0xf7, 0x1f, 0x22, 0x00, 0x00, 0x00, 0x00, 0x00, 0x00,
  0x00, 0x00, 0x00, 0x00, 0x27, 0x00, 0x00, 0x00, 0x00, 0x00, 0x00, 0x00,
  0x00, 0x00, 0x00, 0x00, 0x00, 0x00, 0x00, 0x00, 0x03, 0x22, 0x00, 0xf5,
  0x00, 0x00, 0x00, 0x00, 0x00, 0xee, 0x00, 0x00, 0x00, 0x2e, 0x00, 0x00,
  0x00, 0x00, 0x00, 0x33, 0x00, 0x00, 0x00, 0x00, 0xe7, 0x00, 0x00, 0x00,
  0x00, 0x00, 0x00, 0x2d, 0x00, 0x29, 0x00, 0x00, 0x00, 0x2a, 0x00, 0x00,
  0xdf, 0x00, 0x00, 0x00, 0x00, 0x00, 0xd8, 0x00, 0x07, 0x00, 0x00, 0x00,
  0x00, 0x00, 0x00, 0x2f, 0x00, 0x00, 0x00, 0x00, 0x00, 0x00, 0x00, 0x00,
  0x00, 0x00, 0x00, 0x00, 0x00, 0x00, 0x00, 0x00, 0x00, 0x00, 0x00, 0x00,
  0x00, 0x00, 0x00, 0x00, 0xe2, 0x00, 0x00, 0x0e, 0x00, 0x00, 0x00, 0x2f,
  0x00, 0x00, 0x00, 0x00, 0x00, 0x00, 0x00, 0x00, 0x00, 0x29, 0x00, 0x00,
  0x00, 0x00, 0x00, 0x00, 0x00, 0x32, 0x00, 0x00, 0xdb, 0x00, 0x00, 0x00,
  0xe8, 0x00, 0x00, 0x00, 0x00, 0x30, 0x00, 0x00, 0xe1, 0x00, 0x00, 0x00,
  0x00, 0x00, 0xe2, 0x00, 0x00, 0x31, 0x00, 0x00, 0xee, 0x00, 0x00, 0x00,
  0x00, 0x00, 0x00, 0x00, 0x00, 0x00, 0xe0, 0x00, 0xe9, 0x2d, 0x00, 0x00,
  0x00, 0x00, 0x00, 0x00, 0x00, 0x00, 0x00, 0x00, 0x00, 0x26, 0x00, 0x00,
  0x00, 0x00, 0x00, 0x25, 0x00, 0x00, 0x00, 0x00, 0x00, 0x00, 0x00, 0x00,
  0x00, 0x00, 0x00, 0x00, 0x00, 0x00, 0xe9, 0x00, 0x00, 0x28, 0x00, 0x2d,
  0xe3, 0x00, 0x00, 0x29, 0x00, 0x00, 0x00, 0x0b, 0x00, 0x00, 0x00, 0x27,
  0x00, 0x00, 0xec, 0x00, 0x00, 0x00, 0x00, 0x00, 0x00, 0x00, 0x00, 0x00,
  0x00, 0x00, 0x00, 0x00, 0x00, 0x00, 0x00, 0x00, 0x00, 0x20, 0x00, 0x1f,
  0xf0, 0x00, 0x00, 0x2a, 0x00, 0x00, 0x00, 0x00, 0x00, 0x20, 0x00, 0x00,
  0x00, 0x00, 0x00, 0x27, 0x00, 0x00, 0x00, 0x00, 0x00, 0x24, 0x00, 0x00,
  0x00, 0x00, 0x13, 0x29, 0x00, 0x1a, 0x00, 0x00, 0x09, 0x00, 0x00, 0x00,
  0x00, 0x00, 0x00, 0x00, 0x00, 0x25, 0xe5, 0x00, 0x00, 0x23, 0x00, 0x23,
  0x00, 0x00, 0x00, 0x25, 0x00, 0x1a, 0x00, 0x00, 0x00, 0x00, 0x00, 0x1f,
  0x00, 0xe9, 0x00, 0x1e, 0x00, 0x22, 0xe6, 0xeb, 0xeb, 0x00, 0x00, 0x00,
  0x00, 0x00, 0x0a, 0x1e, 0x00, 0x26, 0x00, 0x00, 0x00, 0x00, 0x00, 0x1f,
  0x00, 0xe8, 0x00, 0x00, 0x00, 0x20, 0x09, 0x00, 0x00, 0x00, 0xdd, 0x00,
  0x00, 0x00, 0x00, 0x00, 0x00, 0x2a, 0x00, 0x00, 0x00, 0x21, 0x00, 0x00,
  0x00, 0x00, 0x00, 0x00, 0x00, 0x00, 0xe4, 0x00, 0x00, 0x1a, 0x00, 0x00,
  0x00, 0x00, 0x00, 0x00, 0x00, 0x35, 0x00, 0x00, 0x00, 0x00, 0x00, 0x00,
  0x00, 0x11, 0x00, 0x00, 0x00, 0x00, 0x00, 0x0f, 0x00, 0x00, 0x00, 0x00,
  0x00, 0x00, 0xdd, 0x00, 0x00, 0x00, 0xe9, 0x00, 0x00, 0x1e, 0x00, 0x2e,
  0xdc, 0x00, 0x00, 0x25, 0x00, 0x00, 0xe7, 0x00, 0xe0, 0x1c, 0x00, 0x29,
  0xe0, 0x00, 0x00, 0x00, 0x00, 0x2f, 0x00, 0x00, 0x00, 0x00, 0x00, 0x00,
  0x00, 0x00, 0x00, 0x1f, 0x00, 0x00, 0x00, 0x00, 0x00, 0x1f, 0x00, 0x2a,
  0xe8, 0x00, 0x00, 0x00, 0x00, 0x00, 0x00, 0x00, 0x00, 0x00, 0x00, 0x29,
  0x00, 0xe8, 0x00, 0x00, 0xdf, 0x00, 0xe6, 0x00, 0x00, 0x00, 0x00, 0x2b,
  0x00, 0xe7, 0x00, 0x16, 0x00, 0x25, 0xf1, 0x00, 0x00, 0x00, 0x00, 0x00,
  0x00, 0x00, 0x00, 0x00, 0x00, 0x28, 0x00, 0x00, 0x00, 0x1e, 0x00, 0x31,
  0x00, 0x00, 0x00, 0x00, 0x00, 0x00, 0x00, 0x00, 0xf8, 0x12, 0x00, 0x22,
  0xe8, 0x00, 0x00, 0x00, 0x00, 0x00, 0x00, 0x00, 0x00, 0x1a, 0xe0, 0x00,
  0x00, 0x00, 0x00, 0x16, 0x00, 0x1f, 0x00, 0x00, 0x00, 0x00, 0x00, 0x00,
  0x00, 0x00, 0x00, 0x00, 0x00, 0x23, 0x00, 0x00, 0x00, 0x00, 0x00, 0x00,
  0x00, 0x00, 0x00, 0x00, 0x00, 0x00, 0xe9, 0x00, 0x00, 0x00, 0x00, 0x00,
  0xef, 0x00, 0x00, 0x00, 0x00, 0x1c, 0xe1, 0x00, 0x00, 0x13, 0x00, 0x25,
  0x00, 0x00, 0x00, 0x1d, 0x00, 0x00, 0x00, 0x00, 0x00, 0x00, 0x00, 0x00,
  0x00, 0x00, 0x00, 0x00, 0x00, 0x24, 0x00, 0x00, 0x12, 0x1d, 0x00, 0x00,
  0xea, 0xe7, 0x00, 0x19, 0x00, 0x00, 0x00, 0x00, 0x00, 0x16, 0x00, 0x00,
  0x00, 0x00, 0x00, 0x00, 0x00, 0x00, 0x00, 0x00, 0x00, 0x00, 0xd7, 0x2d,
  0x00, 0x00, 0x00, 0x16, 0xda, 0x2b, 0x00, 0xe8, 0x00, 0x0f, 0xd7, 0x00,
  0x00, 0x00, 0x00, 0x00, 0x00, 0x00, 0x00, 0x00, 0x00, 0x16, 0x00, 0x00,
  0x00, 0x00, 0x00, 0x17, 0x00, 0x00, 0x00, 0x00, 0x00, 0x15, 0x00, 0x00,
  0x00, 0x00, 0x00, 0x00, 0x00, 0x00, 0x00, 0x00, 0xf1, 0x00, 0x0e, 0x00,
  0x00, 0x00, 0x00, 0x02, 0x00, 0x00, 0x00, 0x00, 0x00, 0x00, 0x00, 0x00,
  0x00, 0x00, 0x00, 0x00, 0x00, 0x00, 0x00, 0x00, 0x00, 0x00, 0x00, 0x00,
  0x00, 0x00, 0xe9, 0x00, 0x18, 0x00, 0x00, 0x00, 0x00, 0x00, 0x10, 0x00,
  0x00, 0x00, 0xf0, 0x00, 0x00, 0x00, 0x00, 0x00, 0x00, 0x00, 0x14, 0x00,
  0x00, 0x00, 0x00, 0x00, 0x16, 0x00, 0x00, 0x00, 0x00, 0x00, 0x15, 0x00,
  0x00, 0x00, 0x00, 0x00, 0x00, 0xf2, 0x00, 0x00, 0x00, 0x00, 0x00, 0xf2,
  0x00, 0x00, 0x00, 0x00, 0x00, 0x00, 0x00, 0x00, 0x00, 0x31, 0x11, 0x00,
  0x00, 0x00, 0x00, 0x00, 0x00, 0x00, 0x00, 0x00, 0x03, 0x2d, 0x00, 0x00,
  0x00, 0x00, 0xd9, 0x00, 0x00, 0x00, 0xfc, 0x00, 0x00, 0x00, 0x00, 0x00,
  0x23, 0x00, 0x00, 0x00, 0x00, 0x00, 0x00, 0x00, 0x00, 0x00, 0x00, 0x00,
  0x00, 0x00, 0xdc, 0x00, 0x00, 0x00, 0x00, 0x00, 0x00, 0x2c, 0x00, 0x00,
  0x00, 0x00, 0x00, 0x00, 0x00, 0x00, 0x00, 0x00, 0x00, 0x39, 0x00, 0x03,
  0x00, 0x00, 0x00, 0x36, 0x00, 0x00, 0x00, 0x00, 0x00, 0x39, 0x00, 0x00,
  0x00, 0x00, 0xe5, 0x3a, 0x00, 0x00, 0x00, 0x00, 0x00, 0x2c, 0x00, 0x00,
  0x00, 0x00, 0x00, 0x00, 0x00, 0x00, 0x00, 0x00, 0x00, 0x2f, 0x00, 0x00,
  0x00, 0x00, 0x00, 0x00, 0x00, 0x00, 0x00, 0x00, 0x00, 0x00, 0x00, 0x00,
  0x00, 0x00, 0x00, 0x00, 0x00, 0x00, 0x00, 0x00, 0x00, 0x00, 0x00, 0x00,
  0x00, 0x00, 0x00, 0x00, 0x00, 0x00, 0x00, 0x00, 0xed, 0x00, 0x00, 0x00,
  0x00, 0x00, 0x00, 0x00, 0x00, 0x00, 0x00, 0x00, 0xf1, 0x00, 0x0e, 0x00,
  0x00, 0x00, 0xef, 0x00, 0x00, 0x00, 0x00, 0x00, 0xec, 0x00, 0x00, 0x00,
  0x00, 0x00, 0xec, 0x00, 0x17, 0x00, 0x00, 0x00, 0x00, 0x00, 0x00, 0x00,
  0xfc, 0x00, 0x00, 0x00, 0x00, 0x00, 0x00, 0x10, 0x00, 0x00, 0x00, 0x00,
  0x00, 0x00, 0xf1, 0x00, 0x00, 0x00, 0x00, 0x00, 0xfd, 0x31, 0x00, 0x00,
  0x00, 0x06, 0xeb, 0x32, 0x00, 0x00, 0x00, 0x00, 0xee, 0x39, 0x00, 0x00,
  0x00, 0x00, 0x00, 0x2e, 0x00, 0x00, 0x00, 0x00, 0x00, 0x3a, 0xef, 0x01,
  0x00, 0x00, 0x00, 0x41, 0x00, 0xfd, 0x00, 0x00, 0x00, 0x2b, 0x00, 0x00,
  0x00, 0xea, 0xec, 0x00, 0x00, 0x00, 0x00, 0x00, 0x00, 0x00, 0x00, 0x00,
  0x1a, 0x00, 0xf9, 0x00, 0x00, 0x00, 0xf9, 0x00, 0xeb, 0x2f, 0x00, 0x00,
  0x1d, 0x00, 0xf3, 0x28, 0x00, 0x00, 0x00, 0x00, 0xee, 0x34, 0x00, 0x00,
  0xf8, 0x00, 0x00, 0x2f, 0x00, 0x00, 0x00, 0x00, 0x00, 0x28, 0x00, 0x00,
  0x00, 0x00, 0x00, 0x44, 0x00, 0x00, 0x00, 0x00, 0x00, 0x00, 0x00, 0x00,
  0x00, 0xe9, 0xe7, 0x00, 0x00, 0x00, 0x00, 0x00, 0x00, 0x00, 0x00, 0x00,
  0x00, 0x00, 0x00, 0x00, 0x00, 0x00, 0x00, 0x00, 0xd9, 0x00, 0x00, 0x00,
  0x00, 0x0e, 0xf7, 0xfe, 0x00, 0x00, 0x00, 0x00, 0x00, 0x00, 0x00, 0x00,
  0x00, 0x00, 0x00, 0x00, 0x00, 0x00, 0x00, 0x00, 0x00, 0x00, 0x00, 0x00,
  0x00, 0x00, 0x00, 0x00, 0x00, 0x00, 0x00, 0x00, 0x00, 0x00, 0x00, 0x00,
  0x00, 0x00, 0x00, 0x00, 0x00, 0x00, 0x00, 0x00, 0x00, 0x2f, 0x00, 0x00,
  0x1e, 0x00, 0x00, 0x00, 0x00, 0x00, 0x00, 0x00, 0x00, 0x00, 0x00, 0x00,
  0x00, 0x00, 0x00, 0x00, 0x00, 0x00, 0x00, 0x00, 0x00, 0x00, 0x00, 0x00,
  0x00, 0xeb, 0x00, 0x00, 0x00, 0x00, 0x00, 0x00, 0x00, 0x00, 0x00, 0x00,
  0x00, 0x00, 0x00, 0x00, 0x12, 0x00, 0x00, 0x00, 0x00, 0x00, 0x00, 0x00,
  0x00, 0x00, 0x00, 0x2f, 0x00, 0x00, 0x00, 0x00, 0x00, 0x00, 0x00, 0x00,
  0x00, 0x00, 0x00, 0x00, 0x00, 0x24, 0x00, 0x00, 0x22, 0x00, 0x00, 0x00,
  0x00, 0x00, 0x35, 0x00, 0x00, 0x20, 0x00, 0x00, 0x27, 0x00, 0x00, 0x00,
  0xf9, 0xe5, 0x33, 0x00, 0x00, 0x00, 0x00, 0x00, 0x28, 0x00, 0x00, 0x00,
  0x00, 0xe4, 0x1a, 0x00, 0x1a, 0x1f, 0x00, 0x00, 0x00, 0x00, 0x00, 0x00,
  0x1a, 0x00, 0x23, 0x00, 0x00, 0x00, 0xfe, 0x00, 0x19, 0x00, 0x00, 0x00,
  0x00, 0x00, 0x19, 0x31, 0x00, 0x00, 0x00, 0x00, 0xfd, 0x00, 0x00, 0xfd,
  0x00, 0x00, 0x00, 0x37, 0x00, 0x00, 0x00, 0x00, 0x00, 0x00, 0x00, 0x00,
  0x33, 0x00, 0x00, 0xaf, 0x00, 0xcc, 0x2c, 0xe3, 0x00, 0xc7, 0x00, 0xc1,
  0x00, 0x00, 0x00, 0xbe, 0x00, 0xd0, 0x00, 0x00, 0x00, 0xae, 0x00, 0xd1,
  0x00, 0x00, 0x00, 0x00, 0x00, 0x00, 0x00, 0x00, 0x00, 0xc1, 0x00, 0x00,
  0x00, 0x00, 0x00, 0xb8, 0x00, 0x00, 0x00, 0x00, 0x00, 0xc0, 0x00, 0x00,
  0x00, 0x00, 0x00, 0xb7, 0x00, 0x00, 0x00, 0x00, 0x00, 0xb4, 0x00, 0x00,
  0x00, 0x00, 0x00, 0x00, 0x00, 0x00, 0x2c, 0x00, 0x00, 0x00, 0x00, 0x00,
  0x00, 0x00, 0x00, 0x00, 0x00, 0x00, 0x00, 0x00, 0x00, 0x00, 0x00, 0x00,
  0x00, 0x00, 0x00, 0xc7, 0x00, 0x00, 0x00, 0x00, 0x00, 0x00, 0x00, 0x00,
  0x00, 0x00, 0x00, 0xc9, 0x00, 0x00, 0x00, 0x00, 0x00, 0x00, 0x00, 0x00,
  0x00, 0x00, 0x00, 0x00, 0x00, 0x00, 0x00, 0x00, 0x00, 0xf8, 0x00, 0x00,
  0x00, 0x00, 0x00, 0x00, 0x00, 0x00, 0x00, 0x00, 0xf2, 0xfd, 0x00, 0x00,
  0x00, 0x00, 0x00, 0x00, 0x00, 0x00, 0x00, 0x00, 0x00, 0x00, 0x00, 0x00,
  0x00, 0x00, 0x00, 0xd1, 0x00, 0x00, 0x00, 0x00, 0x00, 0x00, 0x00, 0x00,
  0x00, 0x00, 0x00, 0x00, 0x00, 0x00, 0x00, 0x00, 0x00, 0x00, 0x00, 0x00,
  0x00, 0x00, 0x00, 0x00, 0x00, 0xd1, 0x00, 0x00, 0x00, 0x00, 0x00, 0xcd,
  0x00, 0x00, 0x00, 0xc9, 0x00, 0xd0, 0x00, 0x00, 0x00, 0xd3, 0x15, 0x00,
  0x2e, 0x00, 0x00, 0xd6, 0x00, 0xd8, 0x00, 0x00, 0x00, 0x00, 0x00, 0xd8,
  0x00, 0x00, 0x00, 0x00, 0x00, 0xc8, 0x2a, 0x00, 0x00, 0x00, 0x00, 0x00,
  0x00, 0xdf, 0x00, 0x00, 0x00, 0xde, 0x00, 0x00, 0x0d, 0x00, 0x00, 0xd1,
  0x00, 0x00, 0x00, 0xd8, 0x00, 0x00, 0x00, 0x00, 0x00, 0x00, 0x00, 0xd7,
  0x37, 0x00, 0x00, 0x00, 0x00, 0xd3, 0x00, 0x00, 0x16, 0xda, 0x00, 0xd7,
  0x00, 0x00, 0x00, 0x00, 0x00, 0x00, 0x00, 0x00, 0x00, 0x00, 0x00, 0x00,
  0x00, 0x00, 0x11, 0xcd, 0x00, 0x00, 0x00, 0x00, 0x19, 0xc6, 0x00, 0x00,
  0x00, 0x00, 0x00, 0x00, 0x00, 0x00, 0x20, 0x00, 0x00, 0x00, 0x00, 0x00,
  0x00, 0x00, 0x00, 0xde, 0x00, 0x00, 0x00, 0xdf, 0x00, 0x00, 0x00, 0x00,
  0x00, 0x00, 0x00, 0x00, 0x00, 0x00, 0x00, 0xe2, 0x00, 0xdf, 0x19, 0x00,
  0x00, 0xd2, 0x00, 0xd5, 0x00, 0x00, 0x00, 0x00, 0x1f, 0xdd, 0x00, 0x00,
  0x00, 0x00, 0x00, 0x00, 0x00, 0x00, 0x00, 0x00, 0x00, 0xe3, 0x00, 0x00,
  0x25, 0x00, 0x00, 0x00, 0x00, 0x00, 0x00, 0x00, 0x00, 0xef, 0x00, 0x00,
  0x00, 0x00, 0x00, 0x00, 0x00, 0x00, 0x00, 0x00, 0x00, 0x00, 0x00, 0x00,
  0x00, 0x00, 0x00, 0x00, 0x00, 0x00, 0x00, 0x00, 0x00, 0x00, 0x00, 0x00,
  0x00, 0x00, 0x00, 0x00, 0x00, 0x00, 0x00, 0x00, 0x00, 0x00, 0x00, 0x00,
  0x00, 0xdf, 0x00, 0x00, 0x00, 0xc6, 0x00, 0x00, 0x00, 0x17, 0x00, 0x00,
  0x00, 0xe0, 0x00, 0x00, 0x00, 0x00, 0x00, 0xdc, 0x14, 0x00, 0x00, 0xc8,
  0x00, 0x00, 0x13, 0x00, 0x00, 0x00, 0x00, 0x00, 0x00, 0x00, 0x00, 0x00,
  0x00, 0x00, 0x00, 0x16, 0xf4, 0xc3, 0x25, 0x00, 0x00, 0x00, 0x00, 0xd1,
  0x00, 0xe2, 0x00, 0x00, 0x00, 0xd1, 0x00, 0x00, 0x0b, 0xe2, 0x00, 0xd2,
  0x00, 0x00, 0x00, 0xea, 0x00, 0xc5, 0x00, 0x00, 0x07, 0xeb, 0x00, 0xd4,
  0x2b, 0xda, 0x00, 0xe6, 0x00, 0xc4, 0x00, 0x00, 0x00, 0xeb, 0x00, 0xcd,
  0x00, 0x00, 0x00, 0xe9, 0x00, 0xca, 0x1d, 0x00, 0x00, 0x00, 0x00, 0x00,
  0x00, 0x00, 0x00, 0x00, 0x00, 0xd7, 0x00, 0x00, 0x0c, 0xda, 0x00, 0xd0,
  0x00, 0x00, 0x00, 0xde, 0x00, 0x00, 0x00, 0x00, 0x00, 0xef, 0x00, 0x00,
  0x00, 0x00, 0x00, 0xf0, 0x00, 0x00, 0x00, 0x00, 0x00, 0xee, 0x00, 0x00,
  0x00, 0x00, 0x00, 0xee, 0x26, 0x00, 0x00, 0x00, 0x00, 0x00, 0x00, 0x00,
  0x00, 0x00, 0x00, 0x00, 0x00, 0x00, 0x00, 0x00, 0x00, 0x00, 0x00, 0x00,
  0x00, 0x00, 0x00, 0x00, 0x00, 0x00, 0x22, 0x00, 0x00, 0x00, 0x00, 0x00,
  0x00, 0x00, 0x00, 0x00, 0x00, 0x00, 0x00, 0x00, 0xf7, 0x00, 0x00, 0x00,
  0x00, 0x00, 0xef, 0xee, 0x00, 0x00, 0x00, 0x00, 0x00, 0xed, 0x00, 0x00,
  0x00, 0x00, 0x00, 0xf8, 0x00, 0x00, 0x00, 0x00, 0x00, 0x00, 0x00, 0x00,
  0x00, 0x00, 0x00, 0x00, 0x00, 0x00, 0x00, 0x00, 0x00, 0x00, 0x00, 0x00,
  0x26, 0x00, 0x00, 0x08, 0x00, 0xfd, 0x1d, 0x00, 0x00, 0x00, 0x00, 0x00,
  0x20, 0x00, 0x00, 0xfa, 0x00, 0x00, 0x1e, 0x00, 0x00, 0x00, 0x00, 0xff,
  0x00, 0x00, 0x0d, 0x2a, 0x00, 0x0b, 0x00, 0x00, 0x10, 0x00, 0x00, 0x00,
  0x00, 0x00, 0x09, 0x28, 0x00, 0xfe, 0x00, 0x00, 0x00, 0x00, 0x00, 0x00,
  0x00, 0x00, 0x00, 0x00, 0x00, 0x00, 0x00, 0x00, 0x13, 0x00, 0x00, 0x00,
  0x00, 0xe0, 0x00, 0x00, 0x00, 0xc3, 0x00, 0xe5, 0x00, 0x31, 0x00, 0x00,
  0x00, 0xe3, 0x00, 0x00, 0x00, 0xc7, 0x00, 0x00, 0x00, 0x2d, 0x00, 0x00,
  0x00, 0x00, 0x00, 0x00, 0xda, 0x00, 0x22, 0x00, 0x00, 0x2b, 0x00, 0x00,
  0x22, 0x00, 0x00, 0x00, 0x00, 0x00, 0x22, 0x00, 0x00, 0x00, 0x00, 0xce,
  0x00, 0x00, 0x00, 0x03, 0x00, 0xd2, 0x00, 0x00, 0x00, 0xfa, 0x00, 0x00,
  0x20, 0xe2, 0x00, 0xff, 0x00, 0x00, 0x00, 0x00, 0x00, 0xf3, 0x00, 0x00,
  0x23, 0x00, 0x00, 0x03, 0x00, 0x00, 0x1e, 0xe8, 0x00, 0x01, 0x00, 0x00,
  0x00, 0xe4, 0x00, 0xfa, 0x00, 0x00, 0x00, 0xe6, 0x00, 0xfc, 0x0d, 0xc5,
  0x19, 0x00, 0x00, 0x00, 0x0b, 0xc7, 0x00, 0xe7, 0x00, 0x2c, 0x00, 0xd3,
  0x00, 0x00, 0x00, 0x00, 0x02, 0x00, 0x00, 0x00, 0x00, 0x00, 0x00, 0xd6,
  0x00, 0x00, 0x00, 0x00, 0x00, 0x00, 0x18, 0x00, 0x00, 0x00, 0x00, 0x00,
  0x00, 0xdf, 0x00, 0x00, 0x00, 0x00, 0x00, 0x00, 0x00, 0x00, 0x00, 0x00,
  0x00, 0x00, 0xe9, 0x00, 0xdc, 0x00, 0x1d, 0x00, 0xdd, 0x00, 0x00, 0x01,
  0x1e, 0x00, 0xe2, 0x00, 0x00, 0xfe, 0x00, 0x00, 0xe3, 0x00, 0x00, 0x09,
  0x18, 0x00, 0xef, 0xef, 0x00, 0xff, 0x00, 0x00, 0x00, 0x00, 0x00, 0x06,
  0x00, 0x00, 0x00, 0xf8, 0x00, 0xfa, 0x00, 0x00, 0x00, 0xf0, 0x00, 0x08,
  0x00, 0x00, 0x00, 0x00, 0x00, 0x00, 0x00, 0x00, 0x00, 0xf9, 0xff, 0xf8,
  0x00, 0x00, 0xef, 0x00, 0xff, 0x00, 0x00, 0x00, 0x00, 0x00, 0x00, 0x00,
  0x19, 0x00, 0x00, 0x2c, 0x00, 0x00, 0x17, 0x00, 0x00, 0x1e, 0x00, 0xcd,
  0x00, 0xce, 0x00, 0x1c, 0x00, 0x00, 0x00, 0xe2, 0x00, 0x40, 0xdc, 0xc9,
  0x00, 0x00, 0x00, 0x2e, 0xd3, 0xca, 0x00, 0xda, 0xf0, 0x23, 0xd8, 0xd6,
  0x1a, 0xe4, 0x00, 0x29, 0xdc, 0x00, 0x00, 0x00, 0xf1, 0x00, 0xd8, 0x00,
  0x00, 0x00, 0x00, 0x00, 0x00, 0x00, 0x1d, 0x00, 0x00, 0x00, 0x00, 0x00,
  0x00, 0x00, 0x00, 0x00, 0x00, 0x00, 0x00, 0x00, 0x00, 0x00, 0x00, 0x00,
  0x00, 0x00, 0x00, 0x00, 0x00, 0x00, 0x1a, 0x00, 0x00, 0xf7, 0x00, 0x00,
  0x00, 0x00, 0x00, 0x00, 0x00, 0x00, 0x12, 0x00, 0x00, 0x00, 0xfc, 0x00,
  0x26, 0x00, 0xf3, 0x00, 0x00, 0x00, 0x00, 0x00, 0x00, 0x00, 0x05, 0xd4,
  0x19, 0x00, 0x00, 0x00, 0x00, 0x00, 0x00, 0x00, 0x00, 0x00, 0x00, 0x00,
  0x19, 0x00, 0x00, 0x00, 0x00, 0x00, 0x11, 0x00, 0x00, 0xfb, 0x00, 0x00,
  0x00, 0x00, 0x00, 0x00, 0x00, 0x00, 0x00, 0x00, 0x00, 0xf3, 0x00, 0x00,
  0x00, 0x00, 0xe7, 0x00, 0x00, 0x00, 0x00, 0x00, 0xe8, 0x00, 0x00, 0x00,
  0x00, 0x00, 0xdf, 0x00, 0x00, 0x00, 0x11, 0x00, 0xda, 0xf8, 0x00, 0x00,
  0x18, 0x00, 0xdc, 0xff, 0x00, 0x04, 0x00, 0x00, 0xf3, 0x00, 0x00, 0x02,
  0x1a, 0x00, 0x00, 0x00, 0x00, 0x15, 0x18, 0x00, 0x00, 0x00, 0x00, 0x00,
  0x1c, 0x00, 0xee, 0xfb, 0xfe, 0x07, 0x10, 0x00, 0xe5, 0x00, 0x00, 0x00,
  0x18, 0x00, 0x00, 0x00, 0x00, 0x03, 0x1b, 0x00, 0x00, 0x00, 0x00, 0x00,
  0x17, 0x00, 0x00, 0x00, 0x00, 0x00, 0x12, 0x00, 0x00, 0x00, 0x00, 0x00,
  0x00, 0x00, 0x00, 0x1f, 0x00, 0x00, 0x00, 0x00, 0x00, 0x22, 0xdd, 0x00,
  0x20, 0x00, 0x00, 0x2c, 0xdb, 0x00, 0x00, 0xcf, 0x00, 0x00, 0x00, 0x00,
  0x00, 0xe0, 0x00, 0x00, 0x00, 0x00, 0x00, 0x00, 0x00, 0x00, 0x00, 0x00,
  0x00, 0x00, 0x14, 0x00, 0x00, 0x00, 0x19, 0x00, 0x00, 0x00, 0x00, 0x00,
  0x00, 0x00, 0x00, 0x00, 0x00, 0x00, 0x00, 0x06, 0x00, 0x00, 0xff, 0x00,
  0x23, 0x00, 0x00, 0x00, 0x00, 0x00, 0x1d, 0x00, 0x00, 0x00, 0x00, 0x00,
  0x00, 0x00, 0x00, 0x00, 0x00, 0x00, 0x00, 0x00, 0x00, 0x00, 0x00, 0x00,
  0x25, 0x00, 0x00, 0x00, 0x00, 0x00, 0x00, 0x00, 0x00, 0x20, 0x00, 0xd5,
  0x00, 0x00, 0x00, 0x00, 0x07, 0xe9, 0x00, 0x00, 0x00, 0x0e, 0x00, 0x00,
  0x00, 0x00, 0x00, 0x00, 0x00, 0x00, 0x00, 0x00, 0x00, 0x00, 0x00, 0x00,
  0x00, 0x00, 0x00, 0x08, 0x0b, 0x00, 0x00, 0x00, 0x14, 0x00, 0x00, 0x20,
  0x00, 0x00, 0x00, 0x03, 0x00, 0x00, 0x00, 0x0f, 0x00, 0x00, 0x00, 0x2d,
  0x00, 0x00, 0x00, 0x00, 0x00, 0x00, 0x00, 0x00, 0x00, 0x00, 0x00, 0x19,
  0x00, 0x00, 0x00, 0x00, 0x00, 0x00, 0xde, 0x00, 0x00, 0x00, 0x0c, 0x00,
  0x00, 0x00, 0x00, 0x00, 0x00, 0x1c, 0x00, 0x00, 0xf0, 0x3a, 0x0d, 0x00,
  0x00, 0x00, 0x00, 0x2e, 0x09, 0xf4, 0x00, 0x00, 0xf3, 0x3e, 0x00, 0x00,
  0x00, 0x00, 0xec, 0x39, 0x00, 0xf5, 0x00, 0x00, 0xd2, 0x59, 0x00, 0x00,
  0x00, 0x00, 0x00, 0x3d, 0xd7, 0x00, 0x00, 0x00, 0x00, 0x30, 0xdc, 0x00,
  0x00, 0x00, 0x00, 0x31, 0xd9, 0x00, 0x00, 0xf5, 0x00, 0x21, 0x00, 0x00,
  0x00, 0x00, 0x00, 0x00, 0xdb, 0x00, 0x00, 0x00, 0x00, 0x00, 0xd3, 0x00,
  0x00, 0x00, 0x00, 0x24, 0xe5, 0x20, 0x00, 0x00, 0x00, 0x41, 0xdd, 0x00,
  0x07, 0x00, 0xf7, 0x39, 0xe3, 0x00, 0x00, 0x00, 0x00, 0x00, 0x00, 0x21,
  0x00, 0x00, 0x32, 0x00, 0x00, 0x00, 0x00, 0x00, 0x2c, 0x00, 0x00, 0x00,
  0x00, 0x00, 0x00, 0x00, 0x00, 0x00, 0x00, 0x00, 0x00, 0x00, 0x04, 0x00,
  0x00, 0x00, 0x00, 0x00, 0x11, 0x00, 0x00, 0x00, 0x00, 0x00, 0xff, 0xf2,
  0x00, 0x00, 0x00, 0x00, 0x08, 0x00, 0x00, 0x00, 0x00, 0xf1, 0x00, 0x00,
  0x00, 0x00, 0x00, 0xf7, 0xfe, 0x00, 0x00, 0x00, 0x36, 0xfe, 0x00, 0x00,
  0x00, 0x00, 0x00, 0xf1, 0x00, 0xf4, 0x00, 0x00, 0x00, 0xfa, 0x00, 0x00,
  0x00, 0x00, 0x00, 0x00, 0x02, 0xf8, 0x00, 0x00, 0x00, 0xfe, 0x00, 0x00,
  0xea, 0x11, 0x00, 0xf6, 0x00, 0x00, 0x00, 0x0c, 0x00, 0xfc, 0x07, 0x1f,
  0x00, 0x00, 0x00, 0xec, 0x00, 0x00, 0x00, 0x00, 0x28, 0x00, 0x00, 0x1f,
  0x00, 0x00, 0x00, 0x00, 0x08, 0x00, 0x00, 0x00, 0x00, 0x20, 0x00, 0x21,
  0x00, 0x00, 0xe9, 0x00, 0x09, 0x00, 0x00, 0x00, 0xe6, 0x2a, 0x00, 0x00,
  0x00, 0x00, 0x00, 0x00, 0x00, 0xf5, 0x15, 0x00, 0xdb, 0x00, 0x00, 0x00,
  0x00, 0x00, 0xeb, 0x36, 0xe1, 0x00, 0x06, 0x00, 0x00, 0x2d, 0xd6, 0x00,
  0x00, 0x00, 0x00, 0x30, 0x00, 0x1f, 0x00, 0x00, 0x00, 0x21, 0x00, 0x27,
  0x00, 0x00, 0x00, 0x00, 0x00, 0x00, 0x00, 0xec, 0x00, 0x00, 0xd8, 0x00,
  0xe6, 0x00, 0x00, 0x1d, 0xe4, 0x25, 0x00, 0x00, 0x00, 0x00, 0xd7, 0x25,
  0x00, 0x00, 0x00, 0x00, 0xe5, 0x00, 0x00, 0x00, 0x00, 0x23, 0x00, 0x00,
  0x00, 0xeb, 0x00, 0x00, 0x00, 0xfb, 0x00, 0x00, 0x16, 0x35, 0xe7, 0x00,
  0xe3, 0xee, 0x15, 0x38, 0x00, 0x00, 0x00, 0x00, 0x00, 0x36, 0x00, 0x00,
  0x00, 0x00, 0x00, 0x24, 0x00, 0x00, 0x00, 0x00, 0x00, 0x00, 0x00, 0x00,
  0x00, 0x00, 0x00, 0x22, 0x00, 0x00, 0x00, 0x00, 0x00, 0xfd, 0x00, 0x00,
  0x0b, 0x00, 0x00, 0xfb, 0x00, 0x00, 0x00, 0x00, 0x23, 0x00, 0x00, 0x00,
  0x00, 0x00, 0x30, 0xf6, 0xe1, 0xe6, 0x00, 0x00, 0x2f, 0xfc, 0x00, 0x00,
  0x00, 0x00, 0x00, 0x00, 0x00, 0x00, 0x00, 0x00, 0x00, 0xef, 0x05, 0x00,
  0x00, 0x00, 0x00, 0xe8, 0x00, 0x00, 0x00, 0x00, 0x00, 0xe2, 0x00, 0x00,
  0x00, 0x00, 0x00, 0xf8, 0x00, 0x18, 0x00, 0x00, 0x00, 0x00, 0x06, 0x00,
  0xe8, 0x00, 0x0d, 0x00, 0x08, 0x00, 0x00, 0x12, 0x07, 0x00, 0x06, 0x00,
  0x00, 0x00, 0x00, 0x00, 0x00, 0x24, 0x00, 0x00, 0x00, 0x00, 0x00, 0x00,
  0x00, 0x00, 0xe7, 0x24, 0x00, 0x17, 0x00, 0x00, 0x00, 0x00, 0x00, 0x00,
  0x00, 0xec, 0x00, 0x1d, 0x00, 0x00, 0x00, 0x00, 0x00, 0x1e, 0x00, 0x00,
  0x00, 0x00, 0xec, 0x34, 0xe0, 0x00, 0x00, 0x0c, 0x00, 0x32, 0xdb, 0x00,
  0x00, 0x00, 0xe1, 0x00, 0xde, 0x00, 0x00, 0x00, 0x00, 0x00, 0x00, 0x00,
  0x10, 0x00, 0x00, 0x00, 0x00, 0x00, 0xf1, 0x00, 0x00, 0x00, 0x00, 0x25,
  0xdc, 0x0b, 0x00, 0x00, 0xdc, 0x00, 0x00, 0x00, 0x00, 0x20, 0xdd, 0x00,
  0x00, 0x00, 0x00, 0x00, 0xe3, 0x00, 0x00, 0x00, 0x00, 0x00, 0x00, 0x00,
  0x00, 0x00, 0x00, 0x18, 0x00, 0x00, 0x00, 0x00, 0x00, 0x23, 0x00, 0x00,
  0x15, 0x18, 0x1b, 0x00, 0x00, 0x00, 0x00, 0x00, 0x00, 0x14, 0x00, 0x00,
  0x00, 0x00, 0x00, 0x00, 0x00, 0x14, 0x13, 0x13, 0x00, 0x00, 0x19, 0x16,
  0x00, 0x00, 0x16, 0x00, 0x19, 0x00, 0x00, 0x00, 0x00, 0x00, 0x17, 0x00,
  0x00, 0x00, 0x00, 0x13, 0x00, 0x00, 0x00, 0x00, 0x00, 0x16, 0x1c, 0x00,
  0x00, 0x00, 0x00, 0x13, 0x13, 0x15, 0x00, 0x00, 0x13, 0x00, 0x00, 0x00,
  0x00, 0x00, 0x15, 0x00, 0x00, 0x00, 0x00, 0x00, 0x00, 0x00, 0x16, 0x13,
  0x00, 0x00, 0x00, 0x00, 0x00, 0x17, 0x00, 0x00, 0x00, 0x00, 0x00, 0x17,
  0x00, 0x00, 0x19, 0x00, 0x00, 0x13, 0x00, 0x00, 0x18, 0x00, 0x15, 0x00,
  0x00, 0x00, 0x00, 0x00, 0x00, 0x00, 0x00, 0x00, 0x00, 0x00, 0x00, 0x19,
  0x00, 0x18, 0x00, 0x00, 0x00, 0x00, 0x00, 0x00, 0x00, 0x13, 0x00, 0x00,
  0x13, 0x00, 0x00, 0x00, 0x00, 0x00, 0x14, 0x00, 0x18, 0x00, 0x00, 0x00,
  0x00, 0x00, 0x15, 0x15, 0x00, 0x00, 0x00, 0x00, 0x00, 0x00, 0x00, 0x17,
  0x00, 0x1a, 0x16, 0x00, 0x00, 0x16, 0x00, 0x00, 0x13, 0x00, 0x1d, 0x00,
  0x00, 0x00, 0x00, 0x00, 0x14, 0x00, 0x00, 0x1a, 0x1a, 0x19, 0x00, 0x00,
  0x15, 0x00, 0x00, 0x00, 0x00, 0x13, 0x00, 0x19, 0x14, 0x00, 0x00, 0x00,
  0x00, 0x00, 0x00, 0x12, 0x00, 0x19, 0x00, 0x00, 0x00, 0x00, 0x13, 0x18,
  0x00, 0x00, 0x00, 0x13, 0x00, 0x00, 0x00, 0x00, 0x00, 0x00, 0x00, 0x00,
  0x00, 0x00, 0x00, 0x00, 0x00, 0x00, 0x00, 0x14, 0x00, 0x00, 0x00, 0x00,
  0x00, 0x00, 0x00, 0x00, 0x00, 0x14, 0x00, 0x00, 0x00, 0x19, 0x00, 0x00,
  0x00, 0x00, 0x00, 0x00, 0x00, 0x18, 0x00, 0x19, 0x00, 0x00, 0x00, 0x00,
  0x00, 0x00, 0x00, 0x00, 0x19, 0x00, 0x00, 0x00, 0x00, 0x00, 0x00, 0x00,
  0x00, 0x18, 0x00, 0x00, 0x14, 0x00, 0x00, 0x19, 0x14, 0x00, 0x00, 0x14,
  0x00, 0x00, 0x15, 0x00, 0x15, 0x00, 0x00, 0x00, 0x00, 0x00, 0x00, 0x00,
  0x00, 0x16, 0x16, 0x17, 0x00, 0x00, 0x00, 0x00, 0x00, 0x00, 0x00, 0x00,
  0x00, 0x00, 0x19, 0x00, 0x13, 0x00, 0x13, 0x13, 0x13, 0x12, 0x00, 0x16,
  0x00, 0x00, 0x00, 0x16, 0x00, 0x00, 0x00, 0x17, 0x00, 0x00, 0x14, 0x00,
  0x00, 0x00, 0x00, 0x00, 0x16, 0x00, 0x00, 0x00, 0x15, 0x00, 0x12, 0x00,
  0x00, 0x00, 0x00, 0x00, 0x00, 0x00, 0x18, 0x00, 0x15, 0x15, 0x00, 0x00,
  0x00, 0x00, 0x00, 0x00, 0x00, 0x00, 0x00, 0x00, 0x00, 0x00, 0x16, 0x00,
  0x00, 0x00, 0x00, 0x14, 0x00, 0x00, 0x16, 0x00, 0x00, 0x00, 0x16, 0x00,
  0x00, 0x00, 0x00, 0x00, 0x00, 0x00, 0x00, 0x00, 0x00, 0x00, 0x00, 0x19,
  0x13, 0x00, 0x00, 0x18, 0x00, 0x00, 0x00, 0x00, 0x00, 0x00, 0x00, 0x00,
  0x00, 0x00, 0x00, 0x15, 0x00, 0x00, 0x00, 0x00, 0x00, 0x13, 0x00, 0x00,
  0x00, 0x00, 0x19, 0x14, 0x18, 0x15, 0x00, 0x18, 0x00, 0x00, 0x00, 0x00,
  0x00, 0x00, 0x00, 0x00, 0x00, 0x00, 0x15, 0x00, 0x00, 0x00, 0x1a, 0x00,
  0x00, 0x14, 0x00, 0x00, 0x00, 0x00, 0x00, 0x15, 0x00, 0x00, 0x00, 0x00,
  0x14, 0x00, 0x00, 0x00, 0x1c, 0x00, 0x00, 0x00, 0x00, 0x00, 0x00, 0x00,
  0x00, 0x00, 0x00, 0x14, 0x00, 0x00, 0x00, 0x15, 0x1d, 0x15, 0x00, 0x00,
  0x00, 0x00, 0x00, 0x00, 0x00, 0x14, 0x00, 0x00, 0x00, 0x00, 0x00, 0x00,
  0x00, 0x00, 0x00, 0x00, 0x00, 0x18, 0x00, 0x00, 0x14, 0x00, 0x00, 0x17,
  0x00, 0x00, 0x00, 0x00, 0x00, 0x16, 0x00, 0x14, 0x19, 0x00, 0x00, 0x19,
  0x00, 0x00, 0x00, 0x00, 0x00, 0x00, 0x00, 0x19, 0x14, 0x00, 0x00, 0x00,
  0x00, 0x19, 0x16, 0x14, 0x00, 0x00, 0x12, 0x19, 0x00, 0x00, 0x00, 0x00,
  0x00, 0x00, 0x00, 0x00, 0x00, 0x00, 0x15, 0x00, 0x19, 0x14, 0x00, 0x00,
  0x00, 0x00, 0x00, 0x00, 0x00, 0x00, 0x00, 0x00, 0x00, 0x13, 0x1b, 0x00,
  0x00, 0x00, 0x00, 0x00, 0x00, 0x15, 0x00, 0x15, 0x00, 0x00, 0x00, 0x00,
  0x00, 0x00, 0x00, 0x00, 0x00, 0x17, 0x00, 0x00, 0x00, 0x00, 0x00, 0x00,
  0x00, 0x00, 0x00, 0x00, 0x15, 0x00, 0x14, 0x17, 0x00, 0x19, 0x00, 0x00,
  0x00, 0x00, 0x00, 0x00, 0x00, 0x00, 0x00, 0x00, 0x00, 0x00, 0x00, 0x12,
  0x00, 0x00, 0x00, 0x19, 0x00, 0x00, 0x15, 0x00, 0x15, 0x00, 0x1a, 0x00,
  0x00, 0x00, 0x00, 0x00, 0x00, 0x00, 0x00, 0x00, 0x00, 0x00, 0x00, 0x00,
  0x00, 0x00, 0x21, 0x00, 0x0e, 0x00, 0xe6, 0x00, 0x00, 0x00, 0x00, 0x00,
  0x00, 0x00, 0x00, 0x00, 0x00, 0x00, 0x00, 0x00, 0x21, 0x00, 0x00, 0xfc,
  0x00, 0x00, 0x21, 0x00, 0x00, 0xfb, 0x00, 0x00, 0x00, 0x00, 0x00, 0x00,
  0x00, 0x00, 0x00, 0xe6, 0x00, 0x00, 0x00, 0x00, 0x00, 0xdc, 0x00, 0x00,
  0x00, 0x00, 0x17, 0xdb, 0x00, 0xd7, 0x00, 0x00, 0x00, 0x00, 0x00, 0x00,
  0x00, 0x00, 0x00, 0x07, 0x00, 0x00, 0x00, 0x00, 0x00, 0x06, 0x00, 0x00,
  0x00, 0x00, 0x04, 0x09, 0x00, 0x00, 0x00, 0xe4, 0x00, 0x00, 0x00, 0x00,
  0x00, 0x00, 0x00, 0x00, 0x00, 0x00, 0x00, 0x00, 0xdf, 0x00, 0x00, 0xd6,
  0x00, 0x00, 0x00, 0x00, 0x00, 0x00, 0x00, 0x00, 0x00, 0x00, 0x00, 0x00,
  0x00, 0x00, 0x00, 0x00, 0x00, 0x00, 0x00, 0x00, 0x00, 0x00, 0x00, 0x00,
  0x00, 0x00, 0x00, 0xdf, 0x00, 0x00, 0x00, 0x00, 0x00, 0xd8, 0x00, 0x00,
  0x00, 0x00, 0x00, 0xdc, 0x0d, 0x00, 0x00, 0x00, 0x00, 0xd0, 0x0f, 0x00,
  0x00, 0x00, 0x00, 0xd7, 0x00, 0x00, 0x00, 0x00, 0x00, 0xe4, 0x00, 0x00,
  0x00, 0x00, 0x00, 0xe2, 0x00, 0xfd, 0x00, 0x00, 0x00, 0xdb, 0x17, 0xfb,
  0x00, 0x00, 0x00, 0x00, 0x00, 0x00, 0x00, 0x00, 0x00, 0xd1, 0x00, 0x00,
  0x00, 0x00, 0x00, 0xe6, 0x0d, 0x00, 0x00, 0x00, 0x00, 0x00, 0x00, 0x00,
  0x00, 0x00, 0x00, 0x00, 0x0b, 0x00, 0x00, 0x00, 0x00, 0x00, 0x10, 0x00,
  0x00, 0x00, 0x00, 0x00, 0x00, 0x00, 0x00, 0x00, 0x00, 0x00, 0x00, 0x00,
  0x00, 0x00, 0x00, 0x00, 0x00, 0xfe, 0x00, 0x00, 0xfa, 0x00, 0x00, 0x00,
  0x00, 0x00, 0x00, 0x00, 0x00, 0x00, 0x00, 0x00, 0x00, 0x00, 0x00, 0xf9,
  0x00, 0x00, 0x00, 0xe6, 0x00, 0x00, 0x00, 0x00, 0x00, 0xe5, 0x00, 0xf8,
  0x00, 0x00, 0x00, 0x00, 0x00, 0x00, 0x00, 0x00, 0x00, 0x00, 0x00, 0x00,
  0x00, 0x00, 0x00, 0x00, 0x0d, 0x00, 0x00, 0x00, 0x00, 0x00, 0x00, 0x00,
  0x00, 0x00, 0x00, 0x09, 0x00, 0x00, 0x00, 0x00, 0x00, 0x00, 0x00, 0x00,
  0xe8, 0x00, 0x0f, 0x12, 0x00, 0x00, 0x00, 0x00, 0x00, 0x00, 0x00, 0x00,
  0x00, 0x00, 0x00, 0x10, 0x00, 0xd7, 0x00, 0x00, 0x00, 0x00, 0x00, 0x00,
  0x00, 0x00, 0x00, 0x00, 0x00, 0xd4, 0x00, 0x00, 0x00, 0x1a, 0x00, 0x00,
  0x00, 0x00, 0x00, 0x00, 0x00, 0xd8, 0x00, 0x00, 0x00, 0x00, 0x00, 0xd0,
  0x00, 0x00, 0x00, 0x00, 0x00, 0x00, 0x00, 0x00, 0xff, 0x00, 0x00, 0x00,
  0x00, 0x00, 0x00, 0x00, 0x00, 0x00, 0x00, 0x00, 0x00, 0x00, 0x00, 0x00,
  0x00, 0x00, 0x00, 0xdc, 0x00, 0x00, 0x00, 0x00, 0x00, 0xd7, 0x00, 0x00,
  0x00, 0x00, 0x00, 0xcf, 0x0b, 0x00, 0xed, 0x00, 0x00, 0xe8, 0x0e, 0x06,
  0x00, 0x00, 0x00, 0xd4, 0x00, 0x00, 0x00, 0x00, 0xee, 0xe3, 0x18, 0x00,
  0x00, 0x00, 0x00, 0xd7, 0x0b, 0x00, 0x00, 0x00, 0xf4, 0xdb, 0x00, 0x00,
  0x00, 0x00, 0xf4, 0xdd, 0x00, 0xd8, 0x00, 0x00, 0xed, 0x00, 0x00, 0x00,
  0x00, 0xe3, 0x00, 0xe3, 0x0a, 0x00, 0x00, 0x00, 0x00, 0x00, 0x00, 0x00,
  0x00, 0x00, 0x00, 0x00, 0x00, 0x00, 0x00, 0x00, 0xed, 0x00, 0xe7, 0x00,
  0x06, 0x00, 0x00, 0x00, 0x00, 0x00, 0x00, 0xe4, 0x00, 0x00, 0x00, 0x05,
  0x00, 0x00, 0x00, 0xe6, 0x00, 0x04, 0x00, 0x00, 0x00, 0x00, 0x00, 0xfa,
  0x00, 0x00, 0x00, 0x00, 0x00, 0x02, 0x00, 0x00, 0x00, 0x00, 0x00, 0x00,
  0x00, 0x00, 0x00, 0xea, 0x00, 0x00, 0x00, 0x00, 0x00, 0x00, 0x00, 0x00,
  0x00, 0x00, 0x00, 0x00, 0x00, 0x00, 0xec, 0x00, 0x17, 0x00, 0x00, 0x00,
  0x00, 0x00, 0x0a, 0x00, 0x00, 0x00, 0x00, 0x00, 0x00, 0x00, 0x00, 0xd7,
  0x00, 0x00, 0x00, 0x00, 0x00, 0x00, 0x00, 0x00, 0x00, 0x00, 0x00, 0x00,
  0x00, 0x00, 0x00, 0x00, 0xe3, 0xce, 0x00, 0x00, 0x00, 0x00, 0x00, 0x00,
  0x00, 0x00, 0x00, 0xed, 0x00, 0x00, 0x00, 0x00, 0x00, 0x00, 0x00, 0xd6,
  0xfa, 0x00, 0x05, 0x00, 0x00, 0x00, 0x00, 0x00, 0x00, 0xea, 0x0b, 0x00,
  0x00, 0x00, 0x00, 0xd2, 0x0b, 0x00, 0x00, 0x00, 0x00, 0xe4, 0x00, 0x00,
  0x00, 0x00, 0x00, 0xed, 0x00, 0x00, 0x00, 0x00, 0x00, 0xda, 0x09, 0x00,
  0x00, 0x00, 0x1d, 0x00, 0x00, 0x00, 0x00, 0x00, 0x00, 0x00, 0x00, 0x00,
  0x00, 0x00, 0x00, 0x00, 0x00, 0x00, 0x00, 0x00, 0x00, 0x00, 0x00, 0x00,
  0x00, 0x00, 0x2c, 0x00, 0x00, 0x00, 0x00, 0x00, 0x00, 0x00, 0x00, 0x00,
  0x00, 0x00, 0x1e, 0x00, 0x00, 0x00, 0x00, 0x00, 0x00, 0xd5, 0x1d, 0x00,
  0x00, 0x00, 0x00, 0x00, 0x20, 0x00, 0x00, 0x00, 0x00, 0x00, 0x00, 0x00,
  0x00, 0x00, 0x00, 0xdb, 0x00, 0x00, 0x00, 0x00, 0x00, 0x00, 0x1f, 0x00,
  0x00, 0x00, 0x1b, 0xda, 0x17, 0x00, 0x00, 0x00, 0x1d, 0x00, 0x16, 0x00,
  0x00, 0x0d, 0x00, 0x00, 0x19, 0x00, 0x00, 0x00, 0x00, 0x00, 0x15, 0x00,
  0x00, 0x00, 0x00, 0x00, 0x00, 0x00, 0x00, 0xe9, 0x15, 0x00, 0x00, 0x00,
  0x00, 0x00, 0x00, 0x00, 0x00, 0x00, 0x00, 0x00, 0x00, 0x00, 0x10, 0x00,
  0x00, 0x00, 0xe8, 0x00, 0x0e, 0x00, 0x00, 0x00, 0xf4, 0xd8, 0x15, 0x00,
  0x00, 0x00, 0x00, 0xd9, 0x00, 0x00, 0x00, 0x15, 0x00, 0x00, 0x00, 0x1d,
  0x00, 0x00, 0x00, 0x00, 0x00, 0x00, 0x00, 0x00, 0x00, 0x00, 0x00, 0x00,
  0x00, 0x00, 0x00, 0x00, 0x00, 0x00, 0x00, 0x00, 0x00, 0x00, 0x0e, 0x00,
  0x00, 0x0f, 0x00, 0x00, 0x00, 0x19, 0x00, 0x00, 0x00, 0x00, 0x0f, 0x15,
  0x00, 0x00, 0x00, 0x00, 0x13, 0x00, 0x00, 0x00, 0x00, 0x00, 0x00, 0x00,
  0x00, 0x00, 0x1b, 0x00, 0x0f, 0x00, 0x00, 0x00, 0x00, 0x00, 0x00, 0x00,
  0x00, 0x00, 0x28, 0x00, 0x00, 0x00, 0x00, 0x00, 0x2a, 0x00, 0x00, 0xec,
  0x00, 0x00, 0x00, 0xd8, 0x00, 0x00, 0x00, 0x00, 0xf6, 0xd2, 0x00, 0xec,
  0x00, 0x00, 0x00, 0x00, 0x12, 0x00, 0x00, 0x00, 0x00, 0xd8, 0x00, 0x00,
  0x00, 0x00, 0x00, 0xda, 0x00, 0x00, 0x00, 0x00, 0x1e, 0x00, 0x00, 0x00,
  0x00, 0x00, 0x31, 0x00, 0x00, 0x00, 0x00, 0x00, 0x1b, 0xda, 0x00, 0x00,
  0x00, 0x00, 0x21, 0x00, 0x14, 0x00, 0x23, 0x00, 0x18, 0x00, 0x00, 0x00,
  0x00, 0x00, 0x14, 0xdc, 0x00, 0x00, 0x26, 0x00, 0x00, 0x00, 0x00, 0x00,
  0x00, 0x0f, 0x0d, 0x00, 0x00, 0x00, 0x00, 0x00, 0x00, 0x00, 0x00, 0x00,
  0x00, 0x16, 0x14, 0x00, 0x15, 0x00, 0x00, 0x12, 0x00, 0x00, 0x10, 0x00,
  0x00, 0x11, 0x00, 0x00, 0x00, 0x00, 0x00, 0x00, 0x00, 0x00, 0x00, 0x00,
  0x00, 0x00, 0x00, 0x00, 0x00, 0x00, 0xf8, 0x00, 0x00, 0x00, 0x00, 0x00,
  0x00, 0xe8, 0x00, 0x00, 0x00, 0x00, 0x00, 0x00, 0x00, 0x00, 0x00, 0x00,
  0x00, 0x00, 0x00, 0x00, 0x00, 0x00, 0x00, 0x00, 0x00, 0x00, 0x0d, 0x11,
  0x00, 0x00, 0x00, 0x00, 0x00, 0x00, 0x00, 0x10, 0x00, 0x00, 0x00, 0x00,
  0x2e, 0x00, 0x00, 0x00, 0x11, 0x00, 0x00, 0x00, 0x00, 0x00, 0x00, 0x14,
  0x00, 0x00, 0x29, 0x00, 0x00, 0x00, 0x00, 0x00, 0x00, 0xd0, 0x14, 0x13,
  0x00, 0x00, 0x13, 0x00, 0x00, 0x16, 0x00, 0x00, 0x00, 0x00, 0x00, 0x00,
  0x00, 0x00, 0x00, 0x00, 0x00, 0x00, 0x00, 0x0e, 0x22, 0x00, 0x00, 0x00,
  0x00, 0x00, 0x00, 0x00, 0x00, 0x00, 0x1a, 0x00, 0x25, 0x00, 0x00, 0x00,
  0x00, 0x00, 0x00, 0x00, 0x00, 0x00, 0x00, 0xe4, 0x00, 0x00, 0x00, 0x00,
  0x00, 0x00, 0x00, 0x00, 0x10, 0x00, 0xef, 0xe5, 0x2c, 0x00, 0x00, 0x00,
  0x00, 0x00, 0x21, 0x00, 0x00, 0x00, 0x00, 0x00, 0x20, 0x00, 0x17, 0x00,
  0x00, 0x00, 0x23, 0x00, 0x00, 0x00, 0x00, 0x00, 0x00, 0x00, 0x00, 0x00,
  0x00, 0x00, 0x00, 0x00, 0x00, 0x00, 0x00, 0x11, 0x00, 0x00, 0x00, 0x00,
  0x00, 0x00, 0x00, 0x00, 0x00, 0x00, 0x00, 0x00, 0x00, 0x00, 0x17, 0x00,
  0x00, 0x00, 0x00, 0x00, 0x00, 0x00, 0x00, 0x00, 0x00, 0x00, 0x0f, 0x00,
  0x22, 0x00, 0x13, 0x00, 0x00, 0x00, 0x24, 0x00, 0x00, 0x00, 0x00, 0x00,
  0x00, 0x00, 0x00, 0x00, 0x00, 0x00, 0x00, 0x00, 0x00, 0x00, 0x00, 0x00,
  0x00, 0x00, 0x00, 0x06, 0x00, 0xee, 0x00, 0x00, 0x00, 0x00, 0xe1, 0x00,
  0x19, 0x00, 0x00, 0x00, 0x00, 0x00, 0x00, 0x00, 0x00, 0x00, 0x00, 0x00,
  0x00, 0x00, 0x00, 0x06, 0xec, 0x15, 0x00, 0xee, 0x00, 0x00, 0xe9, 0x00,
  0x00, 0x00, 0x00, 0x00, 0x00, 0x00, 0x00, 0x00, 0x00, 0x00, 0x00, 0x00,
  0x00, 0x00, 0x22, 0x00, 0x00, 0x14, 0x00, 0x00, 0x00, 0x00, 0x00, 0x00,
  0x00, 0x14, 0x00, 0x00, 0x00, 0x00, 0x00, 0x00, 0x00, 0x00, 0x00, 0x00,
  0x00, 0x00, 0x00, 0x00, 0x0f, 0xf0, 0x00, 0x00, 0x00, 0x00, 0x00, 0x00,
  0x00, 0x00, 0x00, 0x00, 0x00, 0x0f, 0x00, 0x00, 0x00, 0x00, 0x00, 0x00,
  0x00, 0x00, 0x00, 0x00, 0x00, 0x0f, 0x00, 0x00, 0x00, 0x00, 0x00, 0x00,
  0x00, 0x00, 0x00, 0x00, 0x00, 0x00, 0x00, 0x13, 0x00, 0x00, 0x00, 0x00,
  0x00, 0x00, 0x00, 0x00, 0x00, 0x00, 0xee, 0x00, 0x00, 0x00, 0x00, 0x00,
  0xee, 0x00, 0x00, 0x00, 0x00, 0x00, 0x00, 0x15, 0x00, 0x00, 0x10, 0x00,
  0x00, 0x00, 0x00, 0x00, 0x00, 0x00, 0xf1, 0x00, 0x00, 0x00, 0x00, 0x00,
  0x00, 0x00, 0x00, 0x00, 0x00, 0x00, 0x00, 0x00, 0x00, 0x00, 0x00, 0x00,
  0x00, 0x00, 0xf0, 0x00, 0x0f, 0x00, 0x00, 0x13, 0x00, 0x00, 0x10, 0xf1,
  0x00, 0x00, 0x00, 0x00, 0x00, 0x00, 0x0f, 0x00, 0x00, 0xef, 0x00, 0xf0,
  0x00, 0x00, 0x00, 0x00, 0x00, 0x00, 0x00, 0x12, 0x00, 0x00, 0x00, 0x00,
  0x00, 0x00, 0x00, 0x00, 0x00, 0x00, 0x00, 0x10, 0x00, 0x00, 0x00, 0x00,
  0x00, 0x00, 0x00, 0xee, 0x00, 0x00, 0x00, 0x00, 0x00, 0x00, 0x00, 0x00,
  0x00, 0x00, 0x00, 0xef, 0x00, 0x00, 0x00, 0x00, 0x00, 0x00, 0x00, 0x00,
  0x00, 0x00, 0x00, 0x00, 0x00, 0x00, 0x00, 0x00, 0x00, 0xf1, 0x00, 0x00,
  0x00, 0x00, 0x00, 0x00, 0x00, 0x00, 0xee, 0x00, 0x00, 0x00, 0x00, 0x00,
  0x00, 0x11, 0x00, 0x00, 0x00, 0x00, 0x00, 0x00, 0x00, 0x00, 0x00, 0x00,
  0x00, 0x00, 0x00, 0x00, 0x00, 0x00, 0xf1, 0x16, 0x00, 0x00, 0x00, 0x00,
  0x00, 0x00, 0x00, 0x00, 0x00, 0xf0, 0x00, 0x00, 0x00, 0x00, 0xf1, 0x00,
  0xf1, 0x00, 0x00, 0x00, 0x00, 0x00, 0x00, 0x00, 0x0f, 0x00, 0x00, 0x00,
  0x00, 0x00, 0x00, 0x00, 0x00, 0x00, 0x00, 0x0f, 0x00, 0x00, 0x00, 0xec,
  0x00, 0x00, 0x00, 0xee, 0x00, 0xed, 0x00, 0x00, 0x00, 0x00, 0x00, 0x00,
  0x00, 0x0f, 0x00, 0x00, 0x00, 0x00, 0x00, 0x00, 0x00, 0x00, 0x00, 0x00,
  0x00, 0x00, 0x00, 0x00, 0x00, 0x00, 0xf2, 0x00, 0x00, 0xef, 0x00, 0x00,
  0x00, 0x00, 0x00, 0x00, 0x00, 0x00, 0x00, 0x00, 0xf1, 0xf1, 0x00, 0x00,
  0x00, 0x00, 0x00, 0x00, 0x00, 0x00, 0x00, 0x00, 0x00, 0xf1, 0x00, 0x00,
  0x00, 0x00, 0x00, 0x00, 0x00, 0x00, 0x00, 0x00, 0x00, 0x00, 0x00, 0x00,
  0x00, 0x0f, 0x00, 0xef, 0x00, 0x00, 0x00, 0x00, 0x00, 0xec, 0x0f, 0xee,
  0x00, 0x13, 0x00, 0x00, 0x00, 0x00, 0x00, 0x00, 0x00, 0xef, 0x00, 0x00,
  0x00, 0x00, 0x00, 0xed, 0x10, 0xf0, 0x00, 0x00, 0x00, 0xed, 0x00, 0x0f,
  0x00, 0x00, 0x00, 0x00, 0x00, 0x00, 0x00, 0x00, 0x00, 0x00, 0x00, 0x00,
  0x00, 0x00, 0x00, 0x00, 0x00, 0x00, 0xf0, 0x00, 0x00, 0x00, 0x00, 0x00,
  0x00, 0x00, 0x00, 0xf1, 0x00, 0x00, 0x00, 0x00, 0x00, 0x00, 0x0e, 0x00,
  0x00, 0x00, 0x00, 0x00, 0x00, 0x00, 0x00, 0x00, 0x00, 0x00, 0x00, 0xf1,
  0x00, 0x00, 0xf0, 0x00, 0x00, 0x00, 0x00, 0x00, 0x00, 0x00, 0x00, 0x00,
  0x00, 0x00, 0xf1, 0xee, 0x00, 0x00, 0x00, 0x00, 0x00, 0x00, 0x00, 0x00,
  0x00, 0x14, 0x00, 0x00, 0x00, 0x00, 0x00, 0x13, 0x00, 0x00, 0x00, 0xf0,
  0x00, 0x00, 0x00, 0x00, 0x00, 0xef, 0x00, 0x00, 0xf0, 0x00, 0x00, 0x00,
  0x00, 0x00, 0xf1, 0x00, 0x00, 0x00, 0x00, 0x00, 0x00, 0x00, 0x00, 0x00,
  0xf1, 0x10, 0x00, 0x00, 0x00, 0x00, 0x00, 0x00, 0x00, 0x00, 0xf0, 0x00,
  0x00, 0x00, 0x00, 0x00, 0x10, 0x00, 0x00, 0x14, 0x00, 0x00, 0x00, 0x00,
  0x00, 0x0f, 0x00, 0x00, 0x00, 0x00, 0xf0, 0x00, 0x00, 0x00, 0x00, 0x00,
  0x00, 0x00, 0x00, 0x00, 0x00, 0x00, 0x00, 0x00, 0x00, 0xee, 0x00, 0xf1,
  0x00, 0x00, 0x00, 0x00, 0x00, 0x00, 0x00, 0x00, 0x00, 0x00, 0x00, 0x00,
  0x00, 0x00, 0x00, 0x00, 0x00, 0x00, 0x00, 0x00, 0x00, 0x00, 0x00, 0x00,
  0x00, 0x00, 0x00, 0x00, 0xf0, 0x00, 0x00, 0x10, 0x00, 0x00, 0x00, 0x00,
  0x00, 0x00, 0x00, 0x00, 0x00, 0x00, 0x00, 0x00, 0x00, 0x00, 0x00, 0x00,
  0x00, 0x10, 0x00, 0x00, 0x00, 0x00, 0x00, 0x00, 0x00, 0x00, 0x00, 0xef,
  0x00, 0x00, 0x00, 0xf1, 0x00, 0xf0, 0x00, 0x00, 0x00, 0x00, 0xf1, 0x00,
  0x00, 0xce, 0x30, 0x00, 0x00, 0x00, 0x00, 0x00, 0x00, 0x00, 0x00, 0x00,
  0x00, 0x00, 0x00, 0x00, 0x00, 0x00, 0x00, 0x00, 0x00, 0x00, 0x00, 0x3f,
  0x00, 0x00, 0x00, 0x00, 0x00, 0x2c, 0x00, 0x00, 0x00, 0x00, 0x00, 0x33,
  0x00, 0x00, 0x00, 0x00, 0x00, 0x00, 0x00, 0x00, 0x00, 0x00, 0x00, 0x37,
  0x00, 0x00, 0x00, 0x00, 0x00, 0x00, 0x00, 0x00, 0x00, 0x10, 0x00, 0x00,
  0x10, 0x00, 0x00, 0x00, 0x00, 0x2a, 0x00, 0x00, 0xe2, 0x00, 0x00, 0x2d,
  0x00, 0x00, 0x00, 0x00, 0x00, 0x00, 0x00, 0x00, 0x14, 0x00, 0x00, 0x00,
  0x00, 0x00, 0x00, 0x00, 0x00, 0x00, 0xd3, 0x00, 0x00, 0x00, 0x00, 0x00,
  0x00, 0x17, 0x00, 0x00, 0x00, 0x00, 0x00, 0x00, 0x00, 0x0f, 0x00, 0x00,
  0xe9, 0x00, 0x00, 0x00, 0x00, 0x00, 0xe1, 0x00, 0x00, 0x00, 0xe5, 0x00,
  0x00, 0x00, 0x00, 0x0b, 0x00, 0x00, 0x00, 0x00, 0x00, 0x00, 0xe6, 0x00,
  0x00, 0x00, 0x00, 0x00, 0x00, 0x00, 0x1e, 0x00, 0x00, 0x0a, 0x00, 0x00,
  0x00, 0x00, 0x00, 0x00, 0x00, 0x00, 0xe5, 0x00, 0x00, 0x00, 0x00, 0x00,
  0xe6, 0x00, 0x00, 0x0d, 0x00, 0x00, 0x00, 0x00, 0x00, 0x00, 0x00, 0x00,
  0x00, 0x00, 0x00, 0x00, 0x00, 0x00, 0x00, 0x00, 0x00, 0x00, 0x00, 0x00,
  0x00, 0x00, 0x00, 0x00, 0xe0, 0x00, 0x00, 0x00, 0x00, 0x00, 0x00, 0x34,
  0xf0, 0x00, 0x00, 0x00, 0xde, 0x00, 0xf7, 0x00, 0x00, 0x00, 0x00, 0x00,
  0x00, 0x00, 0x00, 0x00, 0x00, 0x00, 0x00, 0x00, 0x00, 0x00, 0x00, 0x00,
  0x00, 0x00, 0x00, 0x00, 0x00, 0x00, 0x00, 0x00, 0x00, 0x00, 0x00, 0x36,
  0x00, 0x00, 0xec, 0x00, 0x00, 0x39, 0x00, 0x00, 0xe3, 0x00, 0x00, 0x00,
  0x00, 0xe1, 0x00, 0x00, 0x00, 0x00, 0x00, 0x00, 0x00, 0x00, 0x00, 0x00,
  0x00, 0x00, 0x00, 0x00, 0x00, 0x00, 0xdf, 0xe0, 0x00, 0x00, 0x00, 0x00,
  0xe9, 0x00, 0x00, 0x00, 0x00, 0x39, 0x00, 0x00, 0xeb, 0x00, 0x00, 0x32,
  0x00, 0x00, 0xe1, 0x00, 0x00, 0x33, 0x00, 0x00, 0x00, 0x00, 0x00, 0x00,
  0x00, 0x00, 0x00, 0x00, 0x00, 0x30, 0xf5, 0x00, 0xfb, 0x00, 0x00, 0x30,
  0xf3, 0x00, 0x00, 0x00, 0x00, 0x00, 0x00, 0x00, 0x00, 0x00, 0x00, 0x37,
  0x00, 0x00, 0x00, 0x00, 0x00, 0x00, 0x00, 0x00, 0x00, 0x00, 0x00, 0x38,
  0x00, 0x00, 0x00, 0x00, 0x00, 0x3e, 0x00, 0x00, 0xd0, 0x00, 0x00, 0x45,
  0x11, 0x00, 0x00, 0x00, 0x00, 0x00, 0x00, 0x00, 0x00, 0x00, 0x00, 0x00,
  0x00, 0x00, 0x00, 0x00, 0x00, 0x00, 0x00, 0x00, 0x00, 0x00, 0x00, 0x00,
  0x00, 0x00, 0x00, 0x00, 0x00, 0x00, 0x00, 0x0f, 0x0e, 0x00, 0x00, 0x00,
  0x00, 0x00, 0x00, 0x00, 0xde, 0x00, 0x13, 0x00, 0x05, 0x00, 0xd9, 0x00,
  0x00, 0x00, 0x00, 0x00, 0x00, 0x00, 0x00, 0xe9, 0x1a, 0x00, 0x00, 0x00,
  0xe8, 0x00, 0x00, 0x00, 0x00, 0x00, 0x00, 0x00, 0x10, 0x00, 0x00, 0x00,
  0x00, 0x00, 0x00, 0x00, 0x00, 0x00, 0x00, 0x00, 0x00, 0x00, 0x00, 0x00,
  0x00, 0x00, 0x00, 0x05, 0x00, 0x00, 0x00, 0x00, 0xf0, 0x00, 0x00, 0x00,
  0xfb, 0x00, 0x0e, 0x00, 0x00, 0x38, 0x16, 0x00, 0xea, 0x00, 0x00, 0x38,
  0x00, 0x00, 0x00, 0x00, 0x00, 0x00, 0xef, 0x00, 0x00, 0x04, 0x00, 0x00,
  0x00, 0x00, 0xea, 0x00, 0x00, 0x00, 0x00, 0x00, 0x00, 0x00, 0x00, 0x36,
  0x00, 0xd8, 0x00, 0x00, 0x00, 0x37, 0xe9, 0x00, 0x00, 0x00, 0x00, 0x00,
  0x09, 0x00, 0x00, 0x00, 0x00, 0x00, 0x00, 0x00, 0x00, 0x00, 0x00, 0x00,
  0x00, 0x00, 0x00, 0x00, 0x00, 0x3b, 0xe8, 0x00, 0xf4, 0x00, 0x00, 0x41,
  0xd3, 0x00, 0x15, 0x00, 0x00, 0x3c, 0x00, 0x00, 0x00, 0x00, 0x00, 0x00,
  0x00, 0x00, 0xe9, 0x00, 0x00, 0x00, 0x00, 0x00, 0xe6, 0x00, 0x00, 0x00,
  0x00, 0x00, 0x00, 0xfa, 0x00, 0x40, 0x00, 0x00, 0x00, 0x00, 0x00, 0x00,
  0xed, 0x00, 0x00, 0x00, 0x00, 0x00, 0x00, 0x00, 0x00, 0x00, 0x00, 0x40,
  0x00, 0x00, 0x00, 0x00, 0x00, 0x00, 0x00, 0x00, 0x00, 0x00, 0xe0, 0x00,
  0x00, 0x00, 0x00, 0x00, 0x00, 0x00, 0x00, 0x00, 0x00, 0x00, 0x00, 0x3b,
  0x00, 0x00, 0x00, 0x00, 0xda, 0x00, 0x00, 0x00, 0x00, 0x00, 0xdc, 0x00,
  0x00, 0x00, 0x03, 0x00, 0x00, 0x00, 0x00, 0x00, 0xd4, 0x00, 0x00, 0x00,
  0x00, 0x00, 0x00, 0x06, 0x00, 0x00, 0x00, 0x00, 0x00, 0xf9, 0x00, 0x29,
  0x00, 0x00, 0x00, 0x00, 0x00, 0x26, 0x00, 0x00, 0xec, 0x00, 0x00, 0x00,
  0x00, 0x00, 0xf5, 0x00, 0x00, 0x22, 0x00, 0x00, 0x00, 0x00, 0x00, 0x28,
  0x00, 0x00, 0x00, 0x00, 0x00, 0x1f, 0x00, 0x00, 0x22, 0x00, 0x00, 0x1e,
  0x00, 0x00, 0x23, 0x34, 0x00, 0x00, 0x00, 0x00, 0x18, 0x31, 0x00, 0x00,
  0x00, 0x00, 0x0f, 0x2d, 0x00, 0x00, 0x00, 0x00, 0x00, 0x44, 0x00, 0x00,
  0x00, 0x00, 0x00, 0x3d, 0x00, 0x00, 0x00, 0x00, 0x0f, 0x3a, 0x00, 0x00,
  0x21, 0x00, 0x14, 0x3a, 0xed, 0xf3, 0x00, 0xe6, 0x1b, 0x41, 0x00, 0x00,
  0x00, 0x00, 0x0f, 0x46, 0x00, 0x00, 0x00, 0xe8, 0x11, 0x00, 0xf3, 0x00,
  0x00, 0xeb, 0x09, 0x00, 0x00, 0xf5, 0x00, 0xed, 0x00, 0x00, 0x00, 0x00,
  0x00, 0x00, 0x00, 0x00, 0x00, 0x00, 0x00, 0x00, 0x00, 0x00, 0x00, 0x00,
  0x00, 0x00, 0x08, 0x00, 0x00, 0x00, 0x00, 0x00, 0x00, 0x00, 0x00, 0x00,
  0x00, 0x00, 0x00, 0x00, 0x00, 0x17, 0x00, 0x00, 0x00, 0x00, 0x00, 0x00,
  0x00, 0x00, 0x00, 0x00, 0x00, 0x00, 0x00, 0x00, 0x00, 0x00, 0x17, 0x00,
  0x00, 0x00, 0x00, 0xf5, 0x00, 0x1d, 0x00, 0x00, 0x00, 0x06, 0x1b, 0x1b,
  0x00, 0x00, 0x00, 0x00, 0x00, 0x00, 0x00, 0x00, 0x00, 0xfe, 0x00, 0x1c,
  0x00, 0x00, 0x00, 0xf6, 0x1a, 0x00, 0x00, 0x00, 0x00, 0x00, 0x00, 0x1b,
  0x00, 0x00, 0xef, 0x00, 0x00, 0x23, 0x00, 0x00, 0xf8, 0xf5, 0x00, 0x00,
  0x00, 0x00, 0x00, 0x00, 0x00, 0x00, 0x00, 0x00, 0x00, 0x00, 0x17, 0x00,
  0x00, 0x00, 0x00, 0x00, 0x00, 0x1f, 0x00, 0x00, 0x00, 0x00, 0x00, 0x1b,
  0x00, 0x00, 0x00, 0x00, 0x1a, 0x1c, 0x00, 0xe4, 0x00, 0x00, 0x00, 0x00,
  0x00, 0xee, 0x00, 0x00, 0x00, 0x1e, 0x00, 0xec, 0x00, 0x00, 0x00, 0x00,
  0x00, 0x00, 0x00, 0x37, 0x00, 0x00, 0x00, 0x00, 0x00, 0x38, 0x00, 0x00,
  0x00, 0x00, 0x00, 0x00, 0x00, 0x00, 0x00, 0x00, 0x00, 0x3a, 0x00, 0x00,
  0x00, 0x00, 0x00, 0x33, 0x00, 0x00, 0x00, 0x00, 0x09, 0x33, 0x00, 0x00,
  0x00, 0x00, 0x06, 0x00, 0x00, 0x1d, 0x00, 0x00, 0x00, 0x00, 0x00, 0x00,
  0x00, 0x00, 0x00, 0x00, 0xf1, 0x00, 0x00, 0x00, 0x0f, 0x00, 0x00, 0x00,
  0x00, 0x00, 0x00, 0x00, 0x00, 0x00, 0x00, 0x00, 0x00, 0x00, 0x00, 0x00,
  0x00, 0x00, 0x00, 0x00, 0x00, 0x23, 0x00, 0x00, 0x00, 0x00, 0x00, 0x1a,
  0x00, 0x00, 0x00, 0x39, 0x00, 0x00, 0x1f, 0x00, 0x00, 0x00, 0x00, 0x00,
  0x00, 0x00, 0x00, 0x00, 0x00, 0x00, 0x00, 0x00, 0x00, 0x00, 0x00, 0x19,
  0x00, 0x00, 0xe4, 0x00, 0x00, 0x20, 0x00, 0x00, 0x00, 0x00, 0x00, 0x00,
  0x00, 0x00, 0x00, 0x00, 0x00, 0x1c, 0x00, 0x00, 0x00, 0x00, 0x00, 0x23,
  0x00, 0x00, 0xf5, 0x00, 0x00, 0x00, 0x00, 0x00, 0xee, 0x00, 0x1e, 0x00,
  0x1d, 0x00, 0xf2, 0xf9, 0x00, 0x00, 0x00, 0x00, 0x00, 0xf5, 0x00, 0x17,
  0x00, 0x00, 0x00, 0x00, 0x00, 0x1a, 0x00, 0x00, 0x1f, 0x01, 0x16, 0x00,
  0x00, 0x00, 0x00, 0xfd, 0x00, 0x22, 0x00, 0x0e, 0x00, 0x03, 0x00, 0x00,
  0x00, 0x12, 0x00, 0x00, 0x00, 0x00, 0x00, 0x00, 0x00, 0x00, 0x20, 0x00,
  0x00, 0x00, 0x00, 0x00, 0x00, 0x00, 0x00, 0x00, 0x08, 0x00, 0x00, 0x1a,
  0x00, 0x00, 0x00, 0x00, 0x00, 0x00, 0x00, 0x00, 0x12, 0x00, 0x00, 0x00,
  0x00, 0x00, 0x00, 0x38, 0x00, 0x00, 0xf8, 0x00, 0x00, 0x39, 0x00, 0x19,
  0x00, 0x11, 0x00, 0x3f, 0x00, 0x00, 0x20, 0x00, 0xe1, 0x45, 0x00, 0x00,
  0x00, 0x00, 0x00, 0x44, 0x00, 0x00, 0x00, 0x00, 0x00, 0x00, 0x00, 0x00,
  0x00, 0x00, 0x00, 0x41, 0xf6, 0x00, 0x00, 0x00, 0x00, 0x00, 0x00, 0x00,
  0x00, 0x00, 0x00, 0x00, 0xf8, 0x00, 0x00, 0x00, 0x00, 0x35, 0xf5, 0x00,
  0x00, 0xe7, 0x00, 0x00, 0x00, 0x00, 0x00, 0x00, 0xec, 0x00, 0x00, 0x00,
  0x00, 0x00, 0xec, 0x00, 0x00, 0x00, 0x00, 0x00, 0xe6, 0x00, 0x00, 0x00,
  0x00, 0x00, 0x00, 0x00, 0x00, 0x00, 0x00, 0x00, 0x00, 0x00, 0x00, 0x00,
  0x00, 0x00, 0x00, 0x00, 0x00, 0x00, 0x00, 0x00, 0x00, 0x00, 0x00, 0x00,
  0x00, 0x00, 0x00, 0x00, 0x00, 0x00, 0x00, 0xea, 0x00, 0x00, 0x00, 0x00,
  0xc0, 0xfe, 0xff, 0xff, 0xc4, 0xfe, 0xff, 0xff, 0x0f, 0x00, 0x00, 0x00,
  0x4d, 0x4c, 0x49, 0x52, 0x20, 0x43, 0x6f, 0x6e, 0x76, 0x65, 0x72, 0x74,
  0x65, 0x64, 0x2e, 0x00, 0x01, 0x00, 0x00, 0x00, 0x14, 0x00, 0x00, 0x00,
  0x00, 0x00, 0x0e, 0x00, 0x18, 0x00, 0x14, 0x00, 0x10, 0x00, 0x0c, 0x00,
  0x08, 0x00, 0x04, 0x00, 0x0e, 0x00, 0x00, 0x00, 0x14, 0x00, 0x00, 0x00,
  0x1c, 0x00, 0x00, 0x00, 0x6c, 0x01, 0x00, 0x00, 0x70, 0x01, 0x00, 0x00,
  0x74, 0x01, 0x00, 0x00, 0x04, 0x00, 0x00, 0x00, 0x6d, 0x61, 0x69, 0x6e,
  0x00, 0x00, 0x00, 0x00, 0x05, 0x00, 0x00, 0x00, 0x14, 0x01, 0x00, 0x00,
  0xcc, 0x00, 0x00, 0x00, 0x84, 0x00, 0x00, 0x00, 0x50, 0x00, 0x00, 0x00,
  0x14, 0x00, 0x00, 0x00, 0x00, 0x00, 0x0e, 0x00, 0x1a, 0x00, 0x14, 0x00,
  0x10, 0x00, 0x0c, 0x00, 0x0b, 0x00, 0x04, 0x00, 0x0e, 0x00, 0x00, 0x00,
  0x1c, 0x00, 0x00, 0x00, 0x00, 0x00, 0x00, 0x09, 0x1c, 0x00, 0x00, 0x00,
  0x20, 0x00, 0x00, 0x00, 0x01, 0x00, 0x00, 0x00, 0x00, 0x00, 0x06, 0x00,
  0x08, 0x00, 0x04, 0x00, 0x06, 0x00, 0x00, 0x00, 0x00, 0x00, 0x80, 0x3f,
  0x01, 0x00, 0x00, 0x00, 0x0d, 0x00, 0x00, 0x00, 0x01, 0x00, 0x00, 0x00,
  0x0c, 0x00, 0x00, 0x00, 0x9a, 0xff, 0xff, 0xff, 0x10, 0x00, 0x00, 0x00,
  0x00, 0x00, 0x00, 0x08, 0x0c, 0x00, 0x00, 0x00, 0x10, 0x00, 0x00, 0x00,
  0x8c, 0xff, 0xff, 0xff, 0x01, 0x00, 0x00, 0x00, 0x0c, 0x00, 0x00, 0x00,
  0x03, 0x00, 0x00, 0x00, 0x09, 0x00, 0x00, 0x00, 0x0a, 0x00, 0x00, 0x00,
  0x0b, 0x00, 0x00, 0x00, 0xca, 0xff, 0xff, 0xff, 0x10, 0x00, 0x00, 0x00,
  0x00, 0x00, 0x00, 0x08, 0x10, 0x00, 0x00, 0x00, 0x14, 0x00, 0x00, 0x00,
  0x76, 0xff, 0xff, 0xff, 0x00, 0x00, 0x00, 0x01, 0x01, 0x00, 0x00, 0x00,
  0x09, 0x00, 0x00, 0x00, 0x03, 0x00, 0x00, 0x00, 0x06, 0x00, 0x00, 0x00,
  0x07, 0x00, 0x00, 0x00, 0x08, 0x00, 0x00, 0x00, 0x00, 0x00, 0x0e, 0x00,
  0x14, 0x00, 0x00, 0x00, 0x10, 0x00, 0x0c, 0x00, 0x0b, 0x00, 0x04, 0x00,
  0x0e, 0x00, 0x00, 0x00, 0x14, 0x00, 0x00, 0x00, 0x00, 0x00, 0x00, 0x08,
  0x10, 0x00, 0x00, 0x00, 0x14, 0x00, 0x00, 0x00, 0x04, 0x00, 0x04, 0x00,
  0x04, 0x00, 0x00, 0x00, 0x01, 0x00, 0x00, 0x00, 0x06, 0x00, 0x00, 0x00,
  0x03, 0x00, 0x00, 0x00, 0x03, 0x00, 0x00, 0x00, 0x04, 0x00, 0x00, 0x00,
  0x05, 0x00, 0x00, 0x00, 0x00, 0x00, 0x0e, 0x00, 0x16, 0x00, 0x00, 0x00,
  0x10, 0x00, 0x0c, 0x00, 0x0b, 0x00, 0x04, 0x00, 0x0e, 0x00, 0x00, 0x00,
  0x18, 0x00, 0x00, 0x00, 0x00, 0x00, 0x00, 0x08, 0x18, 0x00, 0x00, 0x00,
  0x1c, 0x00, 0x00, 0x00, 0x00, 0x00, 0x06, 0x00, 0x08, 0x00, 0x07, 0x00,
  0x06, 0x00, 0x00, 0x00, 0x00, 0x00, 0x00, 0x01, 0x01, 0x00, 0x00, 0x00,
  0x03, 0x00, 0x00, 0x00, 0x03, 0x00, 0x00, 0x00, 0x00, 0x00, 0x00, 0x00,
  0x01, 0x00, 0x00, 0x00, 0x02, 0x00, 0x00, 0x00, 0x01, 0x00, 0x00, 0x00,
  0x0d, 0x00, 0x00, 0x00, 0x01, 0x00, 0x00, 0x00, 0x00, 0x00, 0x00, 0x00,
  0x0e, 0x00, 0x00, 0x00, 0x24, 0x09, 0x00, 0x00, 0x34, 0x08, 0x00, 0x00,
  0xb8, 0x07, 0x00, 0x00, 0xbc, 0x06, 0x00, 0x00, 0xf0, 0x05, 0x00, 0x00,
  0x8c, 0x05, 0x00, 0x00, 0xd0, 0x04, 0x00, 0x00, 0xf4, 0x03, 0x00, 0x00,
  0x90, 0x03, 0x00, 0x00, 0x8c, 0x02, 0x00, 0x00, 0xb0, 0x01, 0x00, 0x00,
  0x4c, 0x01, 0x00, 0x00, 0x80, 0x00, 0x00, 0x00, 0x04, 0x00, 0x00, 0x00,
  0x2a, 0xf7, 0xff, 0xff, 0x00, 0x00, 0x00, 0x01, 0x18, 0x00, 0x00, 0x00,
  0x20, 0x00, 0x00, 0x00, 0x3c, 0x00, 0x00, 0x00, 0x0e, 0x00, 0x00, 0x00,
  0x00, 0x00, 0x00, 0x09, 0x50, 0x00, 0x00, 0x00, 0x02, 0x00, 0x00, 0x00,
  0xff, 0xff, 0xff, 0xff, 0x0c, 0x00, 0x00, 0x00, 0x14, 0xf7, 0xff, 0xff,
  0x08, 0x00, 0x00, 0x00, 0x10, 0x00, 0x00, 0x00, 0x01, 0x00, 0x00, 0x00,
  0x80, 0xff, 0xff, 0xff, 0xff, 0xff, 0xff, 0xff, 0x01, 0x00, 0x00, 0x00,
  0x00, 0x00, 0x80, 0x3b, 0x19, 0x00, 0x00, 0x00, 0x53, 0x74, 0x61, 0x74,
  0x65, 0x66, 0x75, 0x6c, 0x50, 0x61, 0x72, 0x74, 0x69, 0x74, 0x69, 0x6f,
  0x6e, 0x65, 0x64, 0x43, 0x61, 0x6c, 0x6c, 0x3a, 0x30, 0x00, 0x00, 0x00,
  0x02, 0x00, 0x00, 0x00, 0x01, 0x00, 0x00, 0x00, 0x0c, 0x00, 0x00, 0x00,
  0xa2, 0xf7, 0xff, 0xff, 0x00, 0x00, 0x00, 0x01, 0x18, 0x00, 0x00, 0x00,
  0x20, 0x00, 0x00, 0x00, 0x40, 0x00, 0x00, 0x00, 0x0d, 0x00, 0x00, 0x00,
  0x00, 0x00, 0x00, 0x09, 0xa0, 0x00, 0x00, 0x00, 0x02, 0x00, 0x00, 0x00,
  0xff, 0xff, 0xff, 0xff, 0x0c, 0x00, 0x00, 0x00, 0x8c, 0xf7, 0xff, 0xff,
  0x08, 0x00, 0x00, 0x00, 0x14, 0x00, 0x00, 0x00, 0x01, 0x00, 0x00, 0x00,
  0x30, 0x00, 0x00, 0x00, 0x00, 0x00, 0x00, 0x00, 0x00, 0x00, 0x00, 0x00,
  0x01, 0x00, 0x00, 0x00, 0x3c, 0x19, 0xaf, 0x3d, 0x66, 0x00, 0x00, 0x00,
  0x65, 0x6e, 0x63, 0x6f, 0x64, 0x65, 0x72, 0x5f, 0x63, 0x6c, 0x66, 0x5f,
  0x72, 0x61, 0x77, 0x5f, 0x66, 0x6c, 0x61, 0x74, 0x2f, 0x71, 0x75, 0x61,
  0x6e, 0x74, 0x5f, 0x61, 0x63, 0x74, 0x69, 0x76, 0x69, 0x74, 0x79, 0x5f,
  0x73, 0x6f, 0x66, 0x74, 0x6d, 0x61, 0x78, 0x2f, 0x4d, 0x61, 0x74, 0x4d,
  0x75, 0x6c, 0x3b, 0x65, 0x6e, 0x63, 0x6f, 0x64, 0x65, 0x72, 0x5f, 0x63,
  0x6c, 0x66, 0x5f, 0x72, 0x61, 0x77, 0x5f, 0x66, 0x6c, 0x61, 0x74, 0x2f,
  0x71, 0x75, 0x61, 0x6e, 0x74, 0x5f, 0x61, 0x63, 0x74, 0x69, 0x76, 0x69,
  0x74, 0x79, 0x5f, 0x73, 0x6f, 0x66, 0x74, 0x6d, 0x61, 0x78, 0x2f, 0x42,
  0x69, 0x61, 0x73, 0x41, 0x64, 0x64, 0x00, 0x00, 0x02, 0x00, 0x00, 0x00,
  0x01, 0x00, 0x00, 0x00, 0x0c, 0x00, 0x00, 0x00, 0x56, 0xf9, 0xff, 0xff,
  0x00, 0x00, 0x00, 0x01, 0x14, 0x00, 0x00, 0x00, 0x34, 0x00, 0x00, 0x00,
  0x0c, 0x00, 0x00, 0x00, 0x00, 0x00, 0x00, 0x02, 0x40, 0x00, 0x00, 0x00,
  0x44, 0xf8, 0xff, 0xff, 0x08, 0x00, 0x00, 0x00, 0x14, 0x00, 0x00, 0x00,
  0x01, 0x00, 0x00, 0x00, 0x00, 0x00, 0x00, 0x00, 0x00, 0x00, 0x00, 0x00,
  0x00, 0x00, 0x00, 0x00, 0x01, 0x00, 0x00, 0x00, 0xb8, 0x55, 0x8a, 0x3a,
  0x12, 0x00, 0x00, 0x00, 0x74, 0x66, 0x6c, 0x2e, 0x70, 0x73, 0x65, 0x75,
  0x64, 0x6f, 0x5f, 0x71, 0x63, 0x6f, 0x6e, 0x73, 0x74, 0x32, 0x00, 0x00,
  0x01, 0x00, 0x00, 0x00, 0x0c, 0x00, 0x00, 0x00, 0xb6, 0xf9, 0xff, 0xff,
  0x00, 0x00, 0x00, 0x01, 0x14, 0x00, 0x00, 0x00, 0x34, 0x00, 0x00, 0x00,
  0x0b, 0x00, 0x00, 0x00, 0x00, 0x00, 0x00, 0x09, 0xb4, 0x00, 0x00, 0x00,
  0xa4, 0xf8, 0xff, 0xff, 0x08, 0x00, 0x00, 0x00, 0x14, 0x00, 0x00, 0x00,
  0x01, 0x00, 0x00, 0x00, 0x00, 0x00, 0x00, 0x00, 0x00, 0x00, 0x00, 0x00,
  0x00, 0x00, 0x00, 0x00, 0x01, 0x00, 0x00, 0x00, 0x79, 0x87, 0x7a, 0x3c,
  0x85, 0x00, 0x00, 0x00, 0x65, 0x6e, 0x63, 0x6f, 0x64, 0x65, 0x72, 0x5f,
  0x63, 0x6c, 0x66, 0x5f, 0x72, 0x61, 0x77, 0x5f, 0x66, 0x6c, 0x61, 0x74,
  0x2f, 0x71, 0x75, 0x61, 0x6e, 0x74, 0x5f, 0x61, 0x63, 0x74, 0x69, 0x76,
  0x69, 0x74, 0x79, 0x5f, 0x73, 0x6f, 0x66, 0x74, 0x6d, 0x61, 0x78, 0x2f,
  0x4d, 0x61, 0x74, 0x4d, 0x75, 0x6c, 0x3b, 0x65, 0x6e, 0x63, 0x6f, 0x64,
  0x65, 0x72, 0x5f, 0x63, 0x6c, 0x66, 0x5f, 0x72, 0x61, 0x77, 0x5f, 0x66,
  0x6c, 0x61, 0x74, 0x2f, 0x71, 0x75, 0x61, 0x6e, 0x74, 0x5f, 0x61, 0x63,
  0x74, 0x69, 0x76, 0x69, 0x74, 0x79, 0x5f, 0x73, 0x6f, 0x66, 0x74, 0x6d,
  0x61, 0x78, 0x2f, 0x4c, 0x61, 0x73, 0x74, 0x56, 0x61, 0x6c, 0x75, 0x65,
  0x51, 0x75, 0x61, 0x6e, 0x74, 0x2f, 0x46, 0x61, 0x6b, 0x65, 0x51, 0x75,
  0x61, 0x6e, 0x74, 0x57, 0x69, 0x74, 0x68, 0x4d, 0x69, 0x6e, 0x4d, 0x61,
  0x78, 0x56, 0x61, 0x72, 0x73, 0x00, 0x00, 0x00, 0x02, 0x00, 0x00, 0x00,
  0x0c, 0x00, 0x00, 0x00, 0x14, 0x00, 0x00, 0x00, 0xa2, 0xf9, 0xff, 0xff,
  0x00, 0x00, 0x00, 0x01, 0x18, 0x00, 0x00, 0x00, 0x20, 0x00, 0x00, 0x00,
  0x3c, 0x00, 0x00, 0x00, 0x0a, 0x00, 0x00, 0x00, 0x00, 0x00, 0x00, 0x09,
  0xd8, 0x00, 0x00, 0x00, 0x02, 0x00, 0x00, 0x00, 0xff, 0xff, 0xff, 0xff,
  0x14, 0x00, 0x00, 0x00, 0x8c, 0xf9, 0xff, 0xff, 0x08, 0x00, 0x00, 0x00,
  0x10, 0x00, 0x00, 0x00, 0x01, 0x00, 0x00, 0x00, 0xb9, 0xff, 0xff, 0xff,
  0xff, 0xff, 0xff, 0xff, 0x01, 0x00, 0x00, 0x00, 0x0d, 0x5b, 0x8d, 0x3d,
  0xa0, 0x00, 0x00, 0x00, 0x65, 0x6e, 0x63, 0x6f, 0x64, 0x65, 0x72, 0x5f,
  0x63, 0x6c, 0x66, 0x5f, 0x72, 0x61, 0x77, 0x5f, 0x66, 0x6c, 0x61, 0x74,
  0x2f, 0x71, 0x75, 0x61, 0x6e, 0x74, 0x5f, 0x63, 0x6c, 0x61, 0x73, 0x73,
  0x69, 0x66, 0x69, 0x65, 0x72, 0x5f, 0x64, 0x65, 0x6e, 0x73, 0x65, 0x5f,
  0x32, 0x30, 0x2f, 0x4d, 0x61, 0x74, 0x4d, 0x75, 0x6c, 0x3b, 0x65, 0x6e,
  0x63, 0x6f, 0x64, 0x65, 0x72, 0x5f, 0x63, 0x6c, 0x66, 0x5f, 0x72, 0x61,
  0x77, 0x5f, 0x66, 0x6c, 0x61, 0x74, 0x2f, 0x71, 0x75, 0x61, 0x6e, 0x74,
  0x5f, 0x63, 0x6c, 0x61, 0x73, 0x73, 0x69, 0x66, 0x69, 0x65, 0x72, 0x5f,
  0x64, 0x65, 0x6e, 0x73, 0x65, 0x5f, 0x32, 0x30, 0x2f, 0x52, 0x65, 0x6c,
  0x75, 0x3b, 0x65, 0x6e, 0x63, 0x6f, 0x64, 0x65, 0x72, 0x5f, 0x63, 0x6c,
  0x66, 0x5f, 0x72, 0x61, 0x77, 0x5f, 0x66, 0x6c, 0x61, 0x74, 0x2f, 0x71,
  0x75, 0x61, 0x6e, 0x74, 0x5f, 0x63, 0x6c, 0x61, 0x73, 0x73, 0x69, 0x66,
  0x69, 0x65, 0x72, 0x5f, 0x64, 0x65, 0x6e, 0x73, 0x65, 0x5f, 0x32, 0x30,
  0x2f, 0x42, 0x69, 0x61, 0x73, 0x41, 0x64, 0x64, 0x00, 0x00, 0x00, 0x00,
  0x02, 0x00, 0x00, 0x00, 0x01, 0x00, 0x00, 0x00, 0x14, 0x00, 0x00, 0x00,
  0x8e, 0xfb, 0xff, 0xff, 0x00, 0x00, 0x00, 0x01, 0x14, 0x00, 0x00, 0x00,
  0x34, 0x00, 0x00, 0x00, 0x09, 0x00, 0x00, 0x00, 0x00, 0x00, 0x00, 0x02,
  0x40, 0x00, 0x00, 0x00, 0x7c, 0xfa, 0xff, 0xff, 0x08, 0x00, 0x00, 0x00,
  0x14, 0x00, 0x00, 0x00, 0x01, 0x00, 0x00, 0x00, 0x00, 0x00, 0x00, 0x00,
  0x00, 0x00, 0x00, 0x00, 0x00, 0x00, 0x00, 0x00, 0x01, 0x00, 0x00, 0x00,
  0x00, 0xb5, 0x7c, 0x3a, 0x11, 0x00, 0x00, 0x00, 0x74, 0x66, 0x6c, 0x2e,
  0x70, 0x73, 0x65, 0x75, 0x64, 0x6f, 0x5f, 0x71, 0x63, 0x6f, 0x6e, 0x73,
  0x74, 0x00, 0x00, 0x00, 0x01, 0x00, 0x00, 0x00, 0x14, 0x00, 0x00, 0x00,
  0xee, 0xfb, 0xff, 0xff, 0x00, 0x00, 0x00, 0x01, 0x14, 0x00, 0x00, 0x00,
  0x30, 0x00, 0x00, 0x00, 0x08, 0x00, 0x00, 0x00, 0x00, 0x00, 0x00, 0x09,
  0xb4, 0x00, 0x00, 0x00, 0xdc, 0xfa, 0xff, 0xff, 0x08, 0x00, 0x00, 0x00,
  0x10, 0x00, 0x00, 0x00, 0x01, 0x00, 0x00, 0x00, 0x00, 0x00, 0x00, 0x00,
  0x00, 0x00, 0x00, 0x00, 0x01, 0x00, 0x00, 0x00, 0x91, 0x1f, 0xcb, 0x3b,
  0x8b, 0x00, 0x00, 0x00, 0x65, 0x6e, 0x63, 0x6f, 0x64, 0x65, 0x72, 0x5f,
  0x63, 0x6c, 0x66, 0x5f, 0x72, 0x61, 0x77, 0x5f, 0x66, 0x6c, 0x61, 0x74,
  0x2f, 0x71, 0x75, 0x61, 0x6e, 0x74, 0x5f, 0x63, 0x6c, 0x61, 0x73, 0x73,
  0x69, 0x66, 0x69, 0x65, 0x72, 0x5f, 0x64, 0x65, 0x6e, 0x73, 0x65, 0x5f,
  0x32, 0x30, 0x2f, 0x4d, 0x61, 0x74, 0x4d, 0x75, 0x6c, 0x3b, 0x65, 0x6e,
  0x63, 0x6f, 0x64, 0x65, 0x72, 0x5f, 0x63, 0x6c, 0x66, 0x5f, 0x72, 0x61,
  0x77, 0x5f, 0x66, 0x6c, 0x61, 0x74, 0x2f, 0x71, 0x75, 0x61, 0x6e, 0x74,
  0x5f, 0x63, 0x6c, 0x61, 0x73, 0x73, 0x69, 0x66, 0x69, 0x65, 0x72, 0x5f,
  0x64, 0x65, 0x6e, 0x73, 0x65, 0x5f, 0x32, 0x30, 0x2f, 0x4c, 0x61, 0x73,
  0x74, 0x56, 0x61, 0x6c, 0x75, 0x65, 0x51, 0x75, 0x61, 0x6e, 0x74, 0x2f,
  0x46, 0x61, 0x6b, 0x65, 0x51, 0x75, 0x61, 0x6e, 0x74, 0x57, 0x69, 0x74,
  0x68, 0x4d, 0x69, 0x6e, 0x4d, 0x61, 0x78, 0x56, 0x61, 0x72, 0x73, 0x00,
  0x02, 0x00, 0x00, 0x00, 0x14, 0x00, 0x00, 0x00, 0x20, 0x00, 0x00, 0x00,
  0xda, 0xfb, 0xff, 0xff, 0x00, 0x00, 0x00, 0x01, 0x18, 0x00, 0x00, 0x00,
  0x20, 0x00, 0x00, 0x00, 0x3c, 0x00, 0x00, 0x00, 0x07, 0x00, 0x00, 0x00,
  0x00, 0x00, 0x00, 0x09, 0x90, 0x00, 0x00, 0x00, 0x02, 0x00, 0x00, 0x00,
  0xff, 0xff, 0xff, 0xff, 0x20, 0x00, 0x00, 0x00, 0xc4, 0xfb, 0xff, 0xff,
  0x08, 0x00, 0x00, 0x00, 0x10, 0x00, 0x00, 0x00, 0x01, 0x00, 0x00, 0x00,
  0xf4, 0xff, 0xff, 0xff, 0xff, 0xff, 0xff, 0xff, 0x01, 0x00, 0x00, 0x00,
  0xe2, 0x3e, 0x1f, 0x3e, 0x58, 0x00, 0x00, 0x00, 0x65, 0x6e, 0x63, 0x6f,
  0x64, 0x65, 0x72, 0x5f, 0x63, 0x6c, 0x66, 0x5f, 0x72, 0x61, 0x77, 0x5f,
  0x66, 0x6c, 0x61, 0x74, 0x2f, 0x71, 0x75, 0x61, 0x6e, 0x74, 0x5f, 0x6c,
  0x61, 0x74, 0x65, 0x6e, 0x74, 0x5f, 0x33, 0x32, 0x2f, 0x4d, 0x61, 0x74,
  0x4d, 0x75, 0x6c, 0x3b, 0x65, 0x6e, 0x63, 0x6f, 0x64, 0x65, 0x72, 0x5f,
  0x63, 0x6c, 0x66, 0x5f, 0x72, 0x61, 0x77, 0x5f, 0x66, 0x6c, 0x61, 0x74,
  0x2f, 0x71, 0x75, 0x61, 0x6e, 0x74, 0x5f, 0x6c, 0x61, 0x74, 0x65, 0x6e,
  0x74, 0x5f, 0x33, 0x32, 0x2f, 0x42, 0x69, 0x61, 0x73, 0x41, 0x64, 0x64,
  0x00, 0x00, 0x00, 0x00, 0x02, 0x00, 0x00, 0x00, 0x01, 0x00, 0x00, 0x00,
  0x20, 0x00, 0x00, 0x00, 0x7e, 0xfd, 0xff, 0xff, 0x00, 0x00, 0x00, 0x01,
  0x14, 0x00, 0x00, 0x00, 0x34, 0x00, 0x00, 0x00, 0x06, 0x00, 0x00, 0x00,
  0x00, 0x00, 0x00, 0x02, 0x40, 0x00, 0x00, 0x00, 0x6c, 0xfc, 0xff, 0xff,
  0x08, 0x00, 0x00, 0x00, 0x14, 0x00, 0x00, 0x00, 0x01, 0x00, 0x00, 0x00,
  0x00, 0x00, 0x00, 0x00, 0x00, 0x00, 0x00, 0x00, 0x00, 0x00, 0x00, 0x00,
  0x01, 0x00, 0x00, 0x00, 0x27, 0xca, 0x60, 0x3a, 0x12, 0x00, 0x00, 0x00,
  0x74, 0x66, 0x6c, 0x2e, 0x70, 0x73, 0x65, 0x75, 0x64, 0x6f, 0x5f, 0x71,
  0x63, 0x6f, 0x6e, 0x73, 0x74, 0x33, 0x00, 0x00, 0x01, 0x00, 0x00, 0x00,
  0x20, 0x00, 0x00, 0x00, 0xde, 0xfd, 0xff, 0xff, 0x00, 0x00, 0x00, 0x01,
  0x14, 0x00, 0x00, 0x00, 0x34, 0x00, 0x00, 0x00, 0x05, 0x00, 0x00, 0x00,
  0x00, 0x00, 0x00, 0x09, 0xa4, 0x00, 0x00, 0x00, 0xcc, 0xfc, 0xff, 0xff,
  0x08, 0x00, 0x00, 0x00, 0x14, 0x00, 0x00, 0x00, 0x01, 0x00, 0x00, 0x00,
  0x00, 0x00, 0x00, 0x00, 0x00, 0x00, 0x00, 0x00, 0x00, 0x00, 0x00, 0x00,
  0x01, 0x00, 0x00, 0x00, 0x1f, 0x23, 0x93, 0x3b, 0x77, 0x00, 0x00, 0x00,
  0x65, 0x6e, 0x63, 0x6f, 0x64, 0x65, 0x72, 0x5f, 0x63, 0x6c, 0x66, 0x5f,
  0x72, 0x61, 0x77, 0x5f, 0x66, 0x6c, 0x61, 0x74, 0x2f, 0x71, 0x75, 0x61,
  0x6e, 0x74, 0x5f, 0x6c, 0x61, 0x74, 0x65, 0x6e, 0x74, 0x5f, 0x33, 0x32,
  0x2f, 0x4d, 0x61, 0x74, 0x4d, 0x75, 0x6c, 0x3b, 0x65, 0x6e, 0x63, 0x6f,
  0x64, 0x65, 0x72, 0x5f, 0x63, 0x6c, 0x66, 0x5f, 0x72, 0x61, 0x77, 0x5f,
  0x66, 0x6c, 0x61, 0x74, 0x2f, 0x71, 0x75, 0x61, 0x6e, 0x74, 0x5f, 0x6c,
  0x61, 0x74, 0x65, 0x6e, 0x74, 0x5f, 0x33, 0x32, 0x2f, 0x4c, 0x61, 0x73,
  0x74, 0x56, 0x61, 0x6c, 0x75, 0x65, 0x51, 0x75, 0x61, 0x6e, 0x74, 0x2f,
  0x46, 0x61, 0x6b, 0x65, 0x51, 0x75, 0x61, 0x6e, 0x74, 0x57, 0x69, 0x74,
  0x68, 0x4d, 0x69, 0x6e, 0x4d, 0x61, 0x78, 0x56, 0x61, 0x72, 0x73, 0x00,
  0x02, 0x00, 0x00, 0x00, 0x20, 0x00, 0x00, 0x00, 0x40, 0x00, 0x00, 0x00,
  0xba, 0xfd, 0xff, 0xff, 0x00, 0x00, 0x00, 0x01, 0x18, 0x00, 0x00, 0x00,
  0x20, 0x00, 0x00, 0x00, 0x40, 0x00, 0x00, 0x00, 0x04, 0x00, 0x00, 0x00,
  0x00, 0x00, 0x00, 0x09, 0xd0, 0x00, 0x00, 0x00, 0x02, 0x00, 0x00, 0x00,
  0xff, 0xff, 0xff, 0xff, 0x40, 0x00, 0x00, 0x00, 0xa4, 0xfd, 0xff, 0xff,
  0x08, 0x00, 0x00, 0x00, 0x14, 0x00, 0x00, 0x00, 0x01, 0x00, 0x00, 0x00,
  0x95, 0xff, 0xff, 0xff, 0xff, 0xff, 0xff, 0xff, 0x00, 0x00, 0x00, 0x00,
  0x01, 0x00, 0x00, 0x00, 0x7e, 0x8d, 0x43, 0x3e, 0x97, 0x00, 0x00, 0x00,
  0x65, 0x6e, 0x63, 0x6f, 0x64, 0x65, 0x72, 0x5f, 0x63, 0x6c, 0x66, 0x5f,
  0x72, 0x61, 0x77, 0x5f, 0x66, 0x6c, 0x61, 0x74, 0x2f, 0x71, 0x75, 0x61,
  0x6e, 0x74, 0x5f, 0x65, 0x6e, 0x63, 0x6f, 0x64, 0x65, 0x72, 0x5f, 0x64,
  0x65, 0x6e, 0x73, 0x65, 0x5f, 0x36, 0x34, 0x2f, 0x4d, 0x61, 0x74, 0x4d,
  0x75, 0x6c, 0x3b, 0x65, 0x6e, 0x63, 0x6f, 0x64, 0x65, 0x72, 0x5f, 0x63,
  0x6c, 0x66, 0x5f, 0x72, 0x61, 0x77, 0x5f, 0x66, 0x6c, 0x61, 0x74, 0x2f,
  0x71, 0x75, 0x61, 0x6e, 0x74, 0x5f, 0x65, 0x6e, 0x63, 0x6f, 0x64, 0x65,
  0x72, 0x5f, 0x64, 0x65, 0x6e, 0x73, 0x65, 0x5f, 0x36, 0x34, 0x2f, 0x52,
  0x65, 0x6c, 0x75, 0x3b, 0x65, 0x6e, 0x63, 0x6f, 0x64, 0x65, 0x72, 0x5f,
  0x63, 0x6c, 0x66, 0x5f, 0x72, 0x61, 0x77, 0x5f, 0x66, 0x6c, 0x61, 0x74,
  0x2f, 0x71, 0x75, 0x61, 0x6e, 0x74, 0x5f, 0x65, 0x6e, 0x63, 0x6f, 0x64,
  0x65, 0x72, 0x5f, 0x64, 0x65, 0x6e, 0x73, 0x65, 0x5f, 0x36, 0x34, 0x2f,
  0x42, 0x69, 0x61, 0x73, 0x41, 0x64, 0x64, 0x00, 0x02, 0x00, 0x00, 0x00,
  0x01, 0x00, 0x00, 0x00, 0x40, 0x00, 0x00, 0x00, 0x9e, 0xff, 0xff, 0xff,
  0x00, 0x00, 0x00, 0x01, 0x14, 0x00, 0x00, 0x00, 0x34, 0x00, 0x00, 0x00,
  0x03, 0x00, 0x00, 0x00, 0x00, 0x00, 0x00, 0x02, 0x40, 0x00, 0x00, 0x00,
  0x8c, 0xfe, 0xff, 0xff, 0x08, 0x00, 0x00, 0x00, 0x14, 0x00, 0x00, 0x00,
  0x01, 0x00, 0x00, 0x00, 0x00, 0x00, 0x00, 0x00, 0x00, 0x00, 0x00, 0x00,
  0x00, 0x00, 0x00, 0x00, 0x01, 0x00, 0x00, 0x00, 0x5a, 0x3b, 0x89, 0x3a,
  0x12, 0x00, 0x00, 0x00, 0x74, 0x66, 0x6c, 0x2e, 0x70, 0x73, 0x65, 0x75,
  0x64, 0x6f, 0x5f, 0x71, 0x63, 0x6f, 0x6e, 0x73, 0x74, 0x31, 0x00, 0x00,
  0x01, 0x00, 0x00, 0x00, 0x40, 0x00, 0x00, 0x00, 0x00, 0x00, 0x16, 0x00,
  0x1c, 0x00, 0x18, 0x00, 0x17, 0x00, 0x10, 0x00, 0x0c, 0x00, 0x08, 0x00,
  0x00, 0x00, 0x00, 0x00, 0x00, 0x00, 0x07, 0x00, 0x16, 0x00, 0x00, 0x00,
  0x00, 0x00, 0x00, 0x01, 0x14, 0x00, 0x00, 0x00, 0x30, 0x00, 0x00, 0x00,
  0x02, 0x00, 0x00, 0x00, 0x00, 0x00, 0x00, 0x09, 0xb0, 0x00, 0x00, 0x00,
  0x04, 0xff, 0xff, 0xff, 0x08, 0x00, 0x00, 0x00, 0x10, 0x00, 0x00, 0x00,
  0x01, 0x00, 0x00, 0x00, 0x00, 0x00, 0x00, 0x00, 0x00, 0x00, 0x00, 0x00,
  0x01, 0x00, 0x00, 0x00, 0xf3, 0x5f, 0xbb, 0x3b, 0x85, 0x00, 0x00, 0x00,
  0x65, 0x6e, 0x63, 0x6f, 0x64, 0x65, 0x72, 0x5f, 0x63, 0x6c, 0x66, 0x5f,
  0x72, 0x61, 0x77, 0x5f, 0x66, 0x6c, 0x61, 0x74, 0x2f, 0x71, 0x75, 0x61,
  0x6e, 0x74, 0x5f, 0x65, 0x6e, 0x63, 0x6f, 0x64, 0x65, 0x72, 0x5f, 0x64,
  0x65, 0x6e, 0x73, 0x65, 0x5f, 0x36, 0x34, 0x2f, 0x4d, 0x61, 0x74, 0x4d,
  0x75, 0x6c, 0x3b, 0x65, 0x6e, 0x63, 0x6f, 0x64, 0x65, 0x72, 0x5f, 0x63,
  0x6c, 0x66, 0x5f, 0x72, 0x61, 0x77, 0x5f, 0x66, 0x6c, 0x61, 0x74, 0x2f,
  0x71, 0x75, 0x61, 0x6e, 0x74, 0x5f, 0x65, 0x6e, 0x63, 0x6f, 0x64, 0x65,
  0x72, 0x5f, 0x64, 0x65, 0x6e, 0x73, 0x65, 0x5f, 0x36, 0x34, 0x2f, 0x4c,
  0x61, 0x73, 0x74, 0x56, 0x61, 0x6c, 0x75, 0x65, 0x51, 0x75, 0x61, 0x6e,
  0x74, 0x2f, 0x46, 0x61, 0x6b, 0x65, 0x51, 0x75, 0x61, 0x6e, 0x74, 0x57,
  0x69, 0x74, 0x68, 0x4d, 0x69, 0x6e, 0x4d, 0x61, 0x78, 0x56, 0x61, 0x72,
  0x73, 0x00, 0x00, 0x00, 0x02, 0x00, 0x00, 0x00, 0x40, 0x00, 0x00, 0x00,
  0x58, 0x02, 0x00, 0x00, 0x00, 0x00, 0x16, 0x00, 0x20, 0x00, 0x1c, 0x00,
  0x1b, 0x00, 0x14, 0x00, 0x10, 0x00, 0x0c, 0x00, 0x00, 0x00, 0x00, 0x00,
  0x08, 0x00, 0x07, 0x00, 0x16, 0x00, 0x00, 0x00, 0x00, 0x00, 0x00, 0x01,
  0x18, 0x00, 0x00, 0x00, 0x2c, 0x00, 0x00, 0x00, 0x48, 0x00, 0x00, 0x00,
  0x01, 0x00, 0x00, 0x00, 0x00, 0x00, 0x00, 0x09, 0x60, 0x00, 0x00, 0x00,
  0x02, 0x00, 0x00, 0x00, 0xff, 0xff, 0xff, 0xff, 0x58, 0x02, 0x00, 0x00,
  0x0c, 0x00, 0x0c, 0x00, 0x00, 0x00, 0x00, 0x00, 0x08, 0x00, 0x04, 0x00,
  0x0c, 0x00, 0x00, 0x00, 0x08, 0x00, 0x00, 0x00, 0x10, 0x00, 0x00, 0x00,
  0x01, 0x00, 0x00, 0x00, 0xf9, 0xff, 0xff, 0xff, 0xff, 0xff, 0xff, 0xff,
  0x01, 0x00, 0x00, 0x00, 0x0e, 0x7e, 0x3b, 0x3e, 0x1e, 0x00, 0x00, 0x00,
  0x73, 0x65, 0x72, 0x76, 0x69, 0x6e, 0x67, 0x5f, 0x64, 0x65, 0x66, 0x61,
  0x75, 0x6c, 0x74, 0x5f, 0x77, 0x69, 0x6e, 0x64, 0x6f, 0x77, 0x5f, 0x69,
  0x6e, 0x70, 0x75, 0x74, 0x3a, 0x30, 0x00, 0x00, 0x02, 0x00, 0x00, 0x00,
  0x01, 0x00, 0x00, 0x00, 0x58, 0x02, 0x00, 0x00, 0x02, 0x00, 0x00, 0x00,
  0x24, 0x00, 0x00, 0x00, 0x04, 0x00, 0x00, 0x00, 0xf0, 0xff, 0xff, 0xff,
  0x19, 0x00, 0x00, 0x00, 0x02, 0x00, 0x00, 0x00, 0x00, 0x00, 0x00, 0x19,
  0x0c, 0x00, 0x10, 0x00, 0x0f, 0x00, 0x00, 0x00, 0x08, 0x00, 0x04, 0x00,
  0x0c, 0x00, 0x00, 0x00, 0x09, 0x00, 0x00, 0x00, 0x04, 0x00, 0x00, 0x00,
  0x00, 0x00, 0x00, 0x09
};
unsigned int encoder_clf_raw_pruned_qat_int8_tflite_len = 45448;
